{
    "CMD": 5012,
    "motion_trajectory": [
        [
            433.0092,
            -491.37253,
            224.8657,
            -90.16318,
            -1.2651919,
            179.94035
        ],
        [
            433.00928,
            -491.37198,
            224.86597,
            -90.16316,
            -1.2652112,
            179.94046
        ],
        [
            433.00916,
            -491.37213,
            224.86548,
            -90.16321,
            -1.2651168,
            179.9404
        ],
        [
            433.00867,
            -491.37228,
            224.86577,
            -90.16321,
            -1.2651712,
            179.94035
        ],
        [
            433.0085,
            -491.3723,
            224.86624,
            -90.163155,
            -1.2651665,
            179.94041
        ],
        [
            433.00912,
            -491.37234,
            224.86626,
            -90.16306,
            -1.2651426,
            179.94046
        ],
        [
            433.0087,
            -491.3717,
            224.86562,
            -90.16318,
            -1.2652147,
            179.94046
        ],
        [
            433.00458,
            -491.36926,
            224.87071,
            -90.15984,
            -1.2671007,
            179.9395
        ],
        [
            433.0011,
            -491.35944,
            224.87024,
            -90.15814,
            -1.2680084,
            179.9391
        ],
        [
            433.00424,
            -491.2944,
            224.86838,
            -90.15587,
            -1.2709061,
            179.93962
        ],
        [
            433.02448,
            -491.16412,
            224.8606,
            -90.15464,
            -1.2755368,
            179.93793
        ],
        [
            433.13324,
            -490.79315,
            224.84341,
            -90.155464,
            -1.282168,
            179.93353
        ],
        [
            433.3865,
            -490.08307,
            224.8362,
            -90.155846,
            -1.2881728,
            179.93242
        ],
        [
            433.70557,
            -489.194,
            224.91212,
            -90.14524,
            -1.2873728,
            179.9344
        ],
        [
            433.95642,
            -488.4571,
            225.01125,
            -90.13086,
            -1.278946,
            179.92587
        ],
        [
            434.09552,
            -488.03137,
            225.03714,
            -90.125916,
            -1.2735691,
            179.92032
        ],
        [
            434.34476,
            -487.30353,
            225.0647,
            -90.11973,
            -1.2673095,
            179.91887
        ],
        [
            434.4987,
            -486.88614,
            225.11388,
            -90.1133,
            -1.2610625,
            179.91832
        ],
        [
            434.5538,
            -486.75113,
            225.15656,
            -90.10857,
            -1.2566953,
            179.91731
        ],
        [
            434.5923,
            -486.6393,
            225.19522,
            -90.104935,
            -1.25081,
            179.91368
        ],
        [
            434.59402,
            -486.62076,
            225.20107,
            -90.10477,
            -1.2482893,
            179.91167
        ],
        [
            434.58942,
            -486.6177,
            225.21004,
            -90.104744,
            -1.2455903,
            179.90997
        ],
        [
            434.58646,
            -486.61792,
            225.212,
            -90.10486,
            -1.2446067,
            179.90933
        ],
        [
            434.58585,
            -486.61765,
            225.21132,
            -90.10504,
            -1.2443894,
            179.90924
        ],
        [
            434.58484,
            -486.61758,
            225.21169,
            -90.10507,
            -1.2440968,
            179.9092
        ]
    ]
}