{
    "CMD": 5012,
    "motion_trajectory": [
        [
            433.01434,
            -491.36462,
            224.90596,
            -90.16142,
            -1.2638136,
            179.94243
        ],
        [
            433.01413,
            -491.365,
            224.90611,
            -90.161385,
            -1.2637943,
            179.94232
        ],
        [
            433.01413,
            -491.3646,
            224.90578,
            -90.16147,
            -1.2638279,
            179.94238
        ],
        [
            433.0139,
            -491.3652,
            224.9065,
            -90.16139,
            -1.2638342,
            179.94234
        ],
        [
            433.01398,
            -491.36496,
            224.90587,
            -90.161476,
            -1.2637593,
            179.9424
        ],
        [
            433.01416,
            -491.365,
            224.906,
            -90.16144,
            -1.2637943,
            179.94232
        ],
        [
            433.01428,
            -491.3652,
            224.90613,
            -90.16145,
            -1.2637702,
            179.94234
        ],
        [
            433.01422,
            -491.3644,
            224.90585,
            -90.16141,
            -1.2638377,
            179.94243
        ],
        [
            433.0126,
            -491.3657,
            224.90692,
            -90.161224,
            -1.2640563,
            179.94193
        ],
        [
            433.0068,
            -491.36407,
            224.90701,
            -90.159676,
            -1.2653157,
            179.94046
        ],
        [
            433.0008,
            -491.36026,
            224.90538,
            -90.15872,
            -1.2658138,
            179.93921
        ],
        [
            432.98557,
            -491.32248,
            224.8936,
            -90.15806,
            -1.2684247,
            179.93434
        ],
        [
            432.98306,
            -491.2516,
            224.88585,
            -90.157585,
            -1.2714795,
            179.92976
        ],
        [
            433.06183,
            -490.88705,
            224.84525,
            -90.15956,
            -1.2806871,
            179.92038
        ],
        [
            433.28387,
            -490.2643,
            224.81673,
            -90.160835,
            -1.2883201,
            179.921
        ],
        [
            433.58234,
            -489.42096,
            224.86829,
            -90.15247,
            -1.2890561,
            179.92465
        ],
        [
            433.83597,
            -488.68555,
            224.95836,
            -90.1376,
            -1.2833527,
            179.92064
        ],
        [
            433.99527,
            -488.24362,
            225.0079,
            -90.13087,
            -1.2779654,
            179.9174
        ],
        [
            434.12308,
            -487.89032,
            225.02278,
            -90.12756,
            -1.2744707,
            179.91687
        ],
        [
            434.37003,
            -487.19037,
            225.06084,
            -90.12188,
            -1.2677428,
            179.91685
        ],
        [
            434.53665,
            -486.77954,
            225.14323,
            -90.11116,
            -1.2573708,
            179.9154
        ],
        [
            434.6022,
            -486.64252,
            225.19768,
            -90.104904,
            -1.2498544,
            179.91373
        ],
        [
            434.6124,
            -486.6179,
            225.20662,
            -90.10408,
            -1.2476109,
            179.91275
        ],
        [
            434.61572,
            -486.60458,
            225.22133,
            -90.10327,
            -1.2435925,
            179.91095
        ],
        [
            434.61096,
            -486.60498,
            225.22282,
            -90.10354,
            -1.2427007,
            179.91025
        ],
        [
            434.60895,
            -486.60403,
            225.22186,
            -90.10387,
            -1.2427534,
            179.91011
        ],
        [
            434.6071,
            -486.60458,
            225.22131,
            -90.10393,
            -1.242727,
            179.90997
        ],
        [
            434.6034,
            -486.60764,
            225.22092,
            -90.10408,
            -1.2426877,
            179.90953
        ],
        [
            434.60062,
            -486.6109,
            225.21983,
            -90.1044,
            -1.2420834,
            179.90933
        ]
    ]
}