{
    "CMD": 24,
    "motion_trajectory": [
        [
            430.6491,
            -426.7506,
            461.00806,
            90.26025,
            -179.46988,
            0.3499641
        ],
        [
            430.64554,
            -426.74957,
            461.00626,
            90.26074,
            -179.469,
            0.3491548
        ],
        [
            430.64172,
            -426.74744,
            461.0031,
            90.26126,
            -179.46881,
            0.34848085
        ],
        [
            430.64078,
            -426.74664,
            461.00214,
            90.261185,
            -179.46886,
            0.34841684
        ],
        [
            430.6408,
            -426.74643,
            461.0014,
            90.261185,
            -179.46878,
            0.34844473
        ],
        [
            430.64044,
            -426.7463,
            461.00095,
            90.26123,
            -179.46883,
            0.34840605
        ],
        [
            430.64062,
            -426.74655,
            461.00076,
            90.26115,
            -179.46886,
            0.3483804
        ],
        [
            430.64038,
            -426.74622,
            461.0014,
            90.261185,
            -179.46893,
            0.3483803
        ],
        [
            430.63974,
            -426.74557,
            461.00146,
            90.26123,
            -179.46887,
            0.3484088
        ],
        [
            430.63693,
            -426.74084,
            460.99924,
            90.2607,
            -179.46863,
            0.34861007
        ],
        [
            430.62936,
            -426.72577,
            460.99402,
            90.2594,
            -179.46817,
            0.34940615
        ],
        [
            430.58676,
            -426.57123,
            461.04117,
            90.259544,
            -179.47124,
            0.3649843
        ],
        [
            430.46686,
            -426.0828,
            461.37207,
            90.26946,
            -179.48634,
            0.41825902
        ],
        [
            430.23663,
            -425.14084,
            462.17365,
            90.291725,
            -179.52998,
            0.5230676
        ],
        [
            430.00955,
            -424.1843,
            462.8684,
            90.30008,
            -179.56912,
            0.6314973
        ],
        [
            429.72934,
            -422.87695,
            463.70755,
            90.30435,
            -179.61543,
            0.7817469
        ],
        [
            429.38913,
            -421.10666,
            464.77698,
            90.31191,
            -179.67271,
            0.98729587
        ],
        [
            428.9627,
            -418.92368,
            466.16718,
            90.32361,
            -179.7491,
            1.2332374
        ],
        [
            428.5225,
            -416.68045,
            467.61697,
            90.345024,
            -179.82745,
            1.4845368
        ],
        [
            428.0489,
            -414.35434,
            469.1108,
            90.37044,
            -179.90556,
            1.7444425
        ],
        [
            427.49805,
            -411.68463,
            470.7655,
            90.3964,
            -179.99223,
            2.0434587
        ],
        [
            427.0378,
            -409.5532,
            472.04562,
            90.41599,
            179.93985,
            2.2772732
        ],
        [
            426.61963,
            -407.6604,
            473.1538,
            90.43,
            179.88396,
            2.4848375
        ],
        [
            425.88788,
            -404.515,
            475.0237,
            90.45559,
            179.78423,
            2.8247302
        ],
        [
            424.85922,
            -400.0861,
            477.6332,
            90.50067,
            179.65022,
            3.3061855
        ],
        [
            423.92316,
            -396.10822,
            479.89563,
            90.53144,
            179.5367,
            3.740358
        ],
        [
            422.91382,
            -391.97043,
            482.20285,
            90.56701,
            179.4193,
            4.184789
        ],
        [
            421.83295,
            -387.62387,
            484.5835,
            90.60389,
            179.29707,
            4.648528
        ],
        [
            420.63257,
            -382.848,
            487.0843,
            90.64105,
            179.16808,
            5.15675
        ],
        [
            419.35345,
            -377.90665,
            489.62228,
            90.686356,
            179.03633,
            5.677473
        ],
        [
            417.92618,
            -372.50775,
            492.2632,
            90.73366,
            178.89996,
            6.241541
        ],
        [
            416.3508,
            -366.725,
            495.0557,
            90.7847,
            178.75496,
            6.8413224
        ],
        [
            414.6901,
            -360.73502,
            497.84998,
            90.83683,
            178.61328,
            7.458968
        ],
        [
            413.02756,
            -354.855,
            500.3977,
            90.87659,
            178.48766,
            8.062059
        ],
        [
            411.07776,
            -348.0951,
            503.19412,
            90.92373,
            178.352,
            8.750315
        ],
        [
            409.0041,
            -341.19333,
            506.05508,
            90.991165,
            178.20784,
            9.440333
        ],
        [
            406.8089,
            -334.04153,
            508.7636,
            91.04535,
            178.07265,
            10.153671
        ],
        [
            403.9241,
            -324.74316,
            511.96655,
            91.095436,
            177.9146,
            11.076781
        ],
        [
            401.33307,
            -316.80225,
            514.7012,
            91.16188,
            177.78436,
            11.849104
        ],
        [
            399.95645,
            -312.59833,
            516.00836,
            91.19152,
            177.72545,
            12.259169
        ],
        [
            398.58728,
            -308.46942,
            517.2357,
            91.21707,
            177.6673,
            12.657382
        ],
        [
            395.7131,
            -299.9859,
            519.63403,
            91.26646,
            177.55342,
            13.471077
        ],
        [
            393.78006,
            -294.28424,
            521.1877,
            91.30665,
            177.48079,
            14.016795
        ],
        [
            390.42285,
            -284.7992,
            523.48883,
            91.35794,
            177.36963,
            14.915196
        ],
        [
            386.99478,
            -275.32117,
            525.52545,
            91.406364,
            177.27792,
            15.802893
        ],
        [
            383.71783,
            -266.47244,
            527.3426,
            91.463326,
            177.19725,
            16.622192
        ],
        [
            380.3961,
            -257.58844,
            528.7433,
            91.487274,
            177.13487,
            17.446543
        ],
        [
            376.81345,
            -248.28603,
            530.1048,
            91.527,
            177.07132,
            18.295347
        ],
        [
            373.00586,
            -238.57954,
            531.3248,
            91.57434,
            177.02014,
            19.175196
        ],
        [
            369.57437,
            -230.06477,
            532.0883,
            91.588165,
            176.99246,
            19.940067
        ],
        [
            365.50412,
            -220.02837,
            532.86694,
