{
    "CMD": 5001,
    "motion_trajectory": [
        [
            430.6498,
            -426.75037,
            461.00974,
            90.26018,
            -179.47,
            0.35030165
        ],
        [
            430.6499,
            -426.75027,
            461.0102,
            90.26013,
            -179.47014,
            0.3502734
        ],
        [
            430.64716,
            -426.75275,
            461.01007,
            90.2602,
            -179.46951,
            0.34933907
        ],
        [
            430.6474,
            -426.75272,
            461.01025,
            90.26021,
            -179.46968,
            0.349405
        ],
        [
            430.66098,
            -426.79385,
            460.642,
            90.26085,
            -179.47444,
            0.3417023
        ],
        [
            430.6928,
            -426.8546,
            457.42368,
            90.26167,
            -179.46469,
            0.3273889
        ],
        [
            430.74228,
            -426.8628,
            451.69458,
            90.25089,
            -179.44833,
            0.32622895
        ],
        [
            430.86554,
            -426.97406,
            442.12775,
            90.227066,
            -179.4144,
            0.3195815
        ],
        [
            430.9951,
            -427.1651,
            430.207,
            90.219765,
            -179.37466,
            0.2975356
        ],
        [
            431.17697,
            -427.3878,
            415.37778,
            90.19525,
            -179.3331,
            0.27481487
        ],
        [
            431.30594,
            -427.64062,
            398.11276,
            90.14938,
            -179.27544,
            0.23684904
        ],
        [
            431.52496,
            -427.9591,
            376.1668,
            90.11706,
            -179.20941,
            0.19332619
        ],
        [
            431.80743,
            -428.29355,
            351.79324,
            90.079414,
            -179.13339,
            0.1559143
        ],
        [
            432.02524,
            -428.62875,
            330.99353,
            90.04438,
            -179.0655,
            0.11125695
        ],
        [
            432.1941,
            -428.87265,
            305.15088,
            89.97932,
            -178.96754,
            0.065149106
        ],
        [
            432.39316,
            -429.13528,
            286.98615,
            89.94043,
            -178.90549,
            0.032299746
        ],
        [
            432.63495,
            -429.41367,
            271.8547,
            89.93152,
            -178.87624,
            0.008896007
        ],
        [
            432.82376,
            -429.67615,
            256.76877,
            -90.07965,
            -1.1709045,
            179.9806
        ],
        [
            432.9439,
            -429.82697,
            246.29445,
            -90.10323,
            -1.201143,
            179.96407
        ],
        [
            433.02512,
            -429.92706,
            239.216,
            -90.10818,
            -1.2201012,
            179.95079
        ],
        [
            433.06674,
            -429.9875,
            234.72433,
            -90.118416,
            -1.2359158,
            179.9428
        ],
        [
            433.0756,
            -429.99905,
            233.69133,
            -90.12508,
            -1.2422501,
            179.94147
        ],
        [
            433.07748,
            -430.0014,
            233.69731,
            -90.12269,
            -1.2410481,
            179.94145
        ],
        [
            433.11697,
            -430.27054,
            233.76527,
            -90.106224,
            -1.2282916,
            179.94235
        ],
        [
            433.15826,
            -433.24872,
            233.80473,
            -90.091064,
            -1.2124466,
            179.9478
        ],
        [
            433.13486,
            -439.535,
            233.74635,
            -90.106026,
            -1.2313074,
            179.94722
        ],
        [
            433.11285,
            -448.514,
            233.75168,
            -90.12391,
            -1.2414045,
            179.94606
        ],
        [
            433.0846,
            -460.27795,
            233.79689,
            -90.1074,
            -1.2558156,
            179.94325
        ],
        [
            433.01587,
            -470.60574,
            233.74052,
            -90.11944,
            -1.2531731,
            179.93407
        ],
        [
            433.02707,
            -481.3175,
            233.73244,
            -90.11437,
            -1.2563365,
            179.93974
        ],
        [
            432.9996,
            -487.592,
            233.75877,
            -90.11778,
            -1.2654076,
            179.93976
        ],
        [
            432.9876,
            -490.90753,
            233.74428,
            -90.10834,
            -1.2675616,
            179.93471
        ],
        [
            432.95984,
            -491.52188,
            233.7537,
            -90.11077,
            -1.2681681,
            179.93239
        ],
        [
            432.97406,
            -491.5065,
            233.74164,
            -90.11219,
            -1.2687144,
            179.9349
        ],
        [
            432.9674,
            -491.50305,
            233.21811,
            -90.129715,
            -1.2818365,
            179.9353
        ],
        [
            433.01627,
            -491.477,
            229.51549,
            -90.13971,
            -1.2818627,
            179.93704
        ],
        [
            433.09073,
            -491.45724,
            225.79347,
            -90.107765,
            -1.2554497,
            179.94336
        ],
        [
            433.13882,
            -491.5234,
            225.26485,
            -90.07103,
            -1.2308137,
            179.94325
        ],
        [
            433.13113,
            -491.52197,
            225.24043,
            -90.077896,
            -1.2318717,
            179.94328
        ]
    ]
}