{
    "CMD": 24,
    "motion_trajectory": [
        [
            430.64978,
            -426.74963,
            461.0078,
            90.26028,
            -179.46988,
            0.3500827
        ],
        [
            430.64932,
            -426.74973,
            461.0081,
            90.26025,
            -179.46982,
            0.3499895
        ],
        [
            430.64218,
            -426.74765,
            461.0031,
            90.26124,
            -179.46881,
            0.34858343
        ],
        [
            430.64078,
            -426.74655,
            461.0004,
            90.26094,
            -179.46875,
            0.3484565
        ],
        [
            430.64035,
            -426.74585,
            461.0003,
            90.26109,
            -179.46872,
            0.34842715
        ],
        [
            430.64038,
            -426.74512,
            461.00018,
            90.261055,
            -179.4687,
            0.3484729
        ],
        [
            430.6401,
            -426.7451,
            460.99915,
            90.260925,
            -179.46869,
            0.34842777
        ],
        [
            430.63983,
            -426.74557,
            460.99963,
            90.26107,
            -179.46883,
            0.34834424
        ],
        [
            430.6297,
            -426.72723,
            460.99084,
            90.2592,
            -179.46805,
            0.34923112
        ],
        [
            430.60733,
            -426.65295,
            460.99857,
            90.258095,
            -179.46878,
            0.35618743
        ],
        [
            430.51334,
            -426.27914,
            461.22803,
            90.26568,
            -179.4781,
            0.3961895
        ],
        [
            430.39993,
            -425.8136,
            461.5939,
            90.27618,
            -179.4969,
            0.44803202
        ],
        [
            430.1584,
            -424.8431,
            462.41534,
            90.295944,
            -179.54425,
            0.555768
        ],
        [
            429.90207,
            -423.70563,
            463.17514,
            90.30093,
            -179.5863,
            0.68617696
        ],
        [
            429.69916,
            -422.7207,
            463.80255,
            90.3045,
            -179.62091,
            0.8001502
        ],
        [
            429.41998,
            -421.2443,
            464.69318,
            90.31082,
            -179.66855,
            0.9718473
        ],
        [
            429.0174,
            -419.1848,
            465.99902,
            90.32114,
            -179.74034,
            1.204329
        ],
        [
            428.58017,
            -416.9549,
            467.43414,
            90.34197,
            -179.81729,
            1.454545
        ],
        [
            428.0526,
            -414.35022,
            469.1036,
            90.37019,
            -179.90466,
            1.7458963
        ],
        [
            427.45364,
            -411.45923,
            470.8889,
            90.39754,
            -179.99959,
            2.0689406
        ],
        [
            427.0493,
            -409.57352,
            472.02084,
            90.41536,
            179.94136,
            2.2756457
        ],
        [
            426.34506,
            -406.46655,
            473.8585,
            90.43942,
            179.84654,
            2.6127384
        ],
        [
            425.48788,
            -402.76474,
            476.05582,
            90.47422,
            179.73227,
            3.0145872
        ],
        [
            424.6738,
            -399.27408,
            478.08655,
            90.50589,
            179.62733,
            3.394491
        ],
        [
            424.09753,
            -396.81012,
            479.47992,
            90.52427,
            179.55864,
            3.664374
        ],
        [
            422.98706,
            -392.24698,
            482.0426,
            90.563995,
            179.4279,
            4.1558423
        ],
        [
            421.876,
            -387.8097,
            484.48163,
            90.60207,
            179.30261,
            4.628748
        ],
        [
            421.2032,
            -385.16083,
            485.88873,
            90.6226,
            179.22997,
            4.9093776
        ],
        [
            419.84055,
            -379.8334,
            488.65485,
            90.66904,
            179.08612,
            5.4739933
        ],
        [
            418.42892,
            -374.38858,
            491.3579,
            90.71702,
            178.94716,
            6.0470424
        ],
        [
            416.80237,
            -368.38687,
            494.2398,
            90.768524,
            178.79887,
            6.6692057
        ],
        [
            415.26172,
            -362.7465,
            496.92566,
            90.82082,
            178.6606,
            7.2523556
        ],
        [
            413.43265,
            -356.2833,
            499.8002,
            90.86715,
            178.51646,
            7.915317
        ],
        [
            411.60718,
            -349.9146,
            502.44238,
            90.90944,
            178.38803,
            8.565677
        ],
        [
            409.7849,
            -343.75784,
            504.9858,
            90.96344,
            178.26205,
            9.185256
        ],
        [
            407.4391,
            -336.13522,
            508.0197,
            91.03336,
            178.10979,
            9.943437
        ],
        [
            405.32816,
            -329.2401,
            510.41345,
            91.06753,
            177.99187,
            10.63231
        ],
        [
            403.00064,
            -321.88858,
            512.9803,
            91.118416,
            177.86363,
            11.354629
        ],
        [
            400.2607,
            -313.50897,
            515.7359,
            91.185936,
            177.73842,
            12.170869
        ],
        [
            397.49026,
            -305.18878,
            518.1809,
            91.23642,
            177.62318,
            12.97321
        ],
        [
            394.53775,
            -296.556,
            520.5657,
            91.289314,
            177.51093,
            13.800774
        ],
        [
            391.40808,
            -287.5938,
            522.862,
            91.34509,
            177.39772,
            14.650117
        ],
        [
            388.6054,
            -279.74435,
            524.5749,
            91.37878,
            177.32043,
            15.389904
        ],
        [
            385.57162,
            -271.35797,
            526.3898,
            91.436554,
            177.23923,
            16.170895
        ],
        [
            381.5157,
            -260.55914,
            528.27924,
            91.47721,
            177.15619,
            17.171331
        ],
        [
            378.27408,
            -252.04315,
            529.56464,
            91.50822,
            177.09573,
            17.954586
        ],
        [
            374.3496,
            -241.99437,
            530.92267,
            91.5599,
            177.03777,
            18.865301
        ],
        [
            371.0585,
            -233.70409,
            531.7601,
            91.58028,
            177.00601,
            19.614552
        ],
        [
            367.1885,
            -224.19145,
            532.5562,
            91.606804,
            176.97871,
            20.46528
        ],
        [
            363.24426,
            -214.62958,
            533.0714,
            91.63058,
            176.96019,
            21.316704
        ],
        [
            359.62985,
            -206.05841,
            533.3061,
