{
    "CMD": 5012,
    "motion_trajectory": [
        [
            433.01074,
            -491.36435,
            224.86526,
            -90.1629,
            -1.266203,
            179.94225
        ],
        [
            433.0115,
            -491.36362,
            224.86476,
            -90.16294,
            -1.2661726,
            179.94234
        ],
        [
            433.01126,
            -491.36423,
            224.86548,
            -90.162865,
            -1.2661246,
            179.94229
        ],
        [
            433.01114,
            -491.364,
            224.86526,
            -90.1629,
            -1.2660942,
            179.94229
        ],
        [
            433.01065,
            -491.3643,
            224.86461,
            -90.162994,
            -1.2661133,
            179.94214
        ],
        [
            433.0107,
            -491.3643,
            224.86476,
            -90.16294,
            -1.2660639,
            179.94225
        ],
        [
            433.01093,
            -491.36398,
            224.86497,
            -90.163,
            -1.2661086,
            179.94225
        ],
        [
            433.0103,
            -491.36435,
            224.8653,
            -90.16301,
            -1.2660445,
            179.94215
        ],
        [
            433.01062,
            -491.36414,
            224.86505,
            -90.16294,
            -1.2660639,
            179.94225
        ],
        [
            433.00784,
            -491.36383,
            224.86436,
            -90.162674,
            -1.2666029,
            179.94157
        ],
        [
            433.00467,
            -491.36136,
            224.86641,
            -90.16069,
            -1.2670792,
            179.94096
        ],
        [
            433.00095,
            -491.35443,
            224.8662,
            -90.159424,
            -1.2676408,
            179.94058
        ],
        [
            432.99448,
            -491.3358,
            224.86131,
            -90.15856,
            -1.2690822,
            179.93993
        ],
        [
            432.9915,
            -491.29276,
            224.856,
            -90.15804,
            -1.2712665,
            179.93887
        ],
        [
            432.99606,
            -491.21405,
            224.84837,
            -90.15788,
            -1.2742963,
            179.93565
        ],
        [
            433.10364,
            -490.81155,
            224.82236,
            -90.15862,
            -1.2783043,
            179.92776
        ],
        [
            433.20352,
            -490.52988,
            224.81093,
            -90.15924,
            -1.281009,
            179.92638
        ],
        [
            433.33774,
            -490.17548,
            224.8074,
            -90.15911,
            -1.282226,
            179.92815
        ],
        [
            433.62894,
            -489.3644,
            224.86893,
            -90.15138,
            -1.2796742,
            179.93044
        ],
        [
            433.90607,
            -488.5617,
            224.97415,
            -90.13538,
            -1.2737658,
            179.92328
        ],
        [
            434.02042,
            -488.2244,
            225.00731,
            -90.13045,
            -1.2700847,
            179.91905
        ],
        [
            434.16714,
            -487.7965,
            225.02025,
            -90.12635,
            -1.26763,
            179.91702
        ],
        [
            434.35736,
            -487.23746,
            225.04607,
            -90.12165,
            -1.2646431,
            179.91664
        ],
        [
            434.47714,
            -486.9204,
            225.08923,
            -90.116554,
            -1.2601879,
            179.9164
        ],
        [
            434.56256,
            -486.72226,
            225.15614,
            -90.10987,
            -1.2539426,
            179.91553
        ],
        [
            434.5913,
            -486.64706,
            225.1846,
            -90.1077,
            -1.2501193,
            179.9135
        ],
        [
            434.5988,
            -486.6176,
            225.1953,
            -90.1071,
            -1.2473468,
            179.91188
        ],
        [
            434.59637,
            -486.61606,
            225.20213,
            -90.1067,
            -1.2460167,
            179.91109
        ],
        [
            434.59445,
            -486.61624,
            225.20723,
            -90.10642,
            -1.245153,
            179.91057
        ],
        [
            434.5925,
            -486.61652,
            225.20778,
            -90.10645,
            -1.2449714,
            179.91026
        ],
        [
            434.59048,
            -486.61716,
            225.20795,
            -90.10653,
            -1.2448027,
            179.91008
        ]
    ]
}