{
    "CMD": 5012,
    "motion_trajectory": [
        [
            433.00546,
            -491.36505,
            224.85683,
            -90.164444,
            -1.2662945,
            179.9407
        ],
        [
            433.00528,
            -491.36444,
            224.85658,
            -90.164406,
            -1.2664067,
            179.94075
        ],
        [
            433.00577,
            -491.36426,
            224.85617,
            -90.16446,
            -1.2664067,
            179.9408
        ],
        [
            433.00644,
            -491.36435,
            224.8565,
            -90.16444,
            -1.2663041,
            179.94084
        ],
        [
            433.00513,
            -491.3642,
            224.85576,
            -90.164536,
            -1.266346,
            179.94075
        ],
        [
            433.00565,
            -491.3647,
            224.85689,
            -90.164375,
            -1.2663139,
            179.9408
        ],
        [
            433.00583,
            -491.36438,
            224.85721,
            -90.16438,
            -1.2663043,
            179.9408
        ],
        [
            433.00534,
            -491.36423,
            224.85605,
            -90.16444,
            -1.266386,
            179.9408
        ],
        [
            433.0015,
            -491.36282,
            224.86018,
            -90.16209,
            -1.2672509,
            179.93996
        ],
        [
            432.99808,
            -491.3519,
            224.86151,
            -90.15938,
            -1.2680439,
            179.9395
        ],
        [
            432.99762,
            -491.32498,
            224.85957,
            -90.158066,
            -1.2694547,
            179.93925
        ],
        [
            433.00037,
            -491.26797,
            224.85826,
            -90.15684,
            -1.2717848,
            179.93816
        ],
        [
            433.01923,
            -491.144,
            224.85101,
            -90.15588,
            -1.2755382,
            179.93457
        ],
        [
            433.09012,
            -490.8854,
            224.84164,
            -90.15634,
            -1.2791213,
            179.93025
        ],
        [
            433.2909,
            -490.32703,
            224.83229,
            -90.156364,
            -1.2853543,
            179.92874
        ],
        [
            433.5883,
            -489.5064,
            224.88057,
            -90.14974,
            -1.2861717,
            179.9319
        ],
        [
            433.8505,
            -488.74722,
            224.96292,
            -90.136604,
            -1.2799793,
            179.9285
        ],
        [
            434.00192,
            -488.30643,
            225.01642,
            -90.12968,
            -1.2754545,
            179.92273
        ],
        [
            434.13528,
            -487.91202,
            225.03122,
            -90.125946,
            -1.2712028,
            179.91966
        ],
        [
            434.33508,
            -487.32733,
            225.05463,
            -90.12118,
            -1.2681863,
            179.91893
        ],
        [
            434.42923,
            -487.05212,
            225.07996,
            -90.11823,
            -1.2651037,
            179.91774
        ],
        [
            434.55838,
            -486.7382,
            225.15802,
            -90.10887,
            -1.2563909,
            179.91582
        ],
        [
            434.5883,
            -486.67038,
            225.19145,
            -90.10568,
            -1.2519053,
            179.9133
        ],
        [
            434.5982,
            -486.63864,
            225.20155,
            -90.10492,
            -1.2493062,
            179.91148
        ],
        [
            434.6032,
            -486.61517,
            225.21153,
            -90.10436,
            -1.2460463,
            179.91092
        ],
        [
            434.59653,
            -486.61752,
            225.21695,
            -90.10427,
            -1.2440265,
            179.90941
        ],
        [
            434.59415,
            -486.61673,
            225.21591,
            -90.1046,
            -1.2437044,
            179.90916
        ],
        [
            434.5921,
            -486.61542,
            225.21361,
            -90.10493,
            -1.2437851,
            179.90907
        ],
        [
            434.59027,
            -486.61667,
            225.21413,
            -90.10499,
            -1.2437215,
            179.90884
        ]
    ]
}