{
    "CMD": 24,
    "motion_trajectory": [
        [
            430.65027,
            -426.74988,
            461.00848,
            90.2603,
            -179.46977,
            0.35016564
        ],
        [
            430.64676,
            -426.7502,
            461.0072,
            90.26072,
            -179.46918,
            0.34927538
        ],
        [
            430.6416,
            -426.74634,
            461.00226,
            90.26131,
            -179.46878,
            0.3485352
        ],
        [
            430.64072,
            -426.74637,
            461.00082,
            90.261215,
            -179.46872,
            0.3484071
        ],
        [
            430.64044,
            -426.74545,
            461.0001,
            90.26132,
            -179.46857,
            0.3483578
        ],
        [
            430.64005,
            -426.74524,
            460.9999,
            90.26122,
            -179.46855,
            0.34833094
        ],
        [
            430.63983,
            -426.7449,
            461.00046,
            90.26121,
            -179.46858,
            0.34834975
        ],
        [
            430.63947,
            -426.7455,
            461.00003,
            90.261154,
            -179.46869,
            0.34825882
        ],
        [
            430.6395,
            -426.7453,
            460.9993,
            90.26115,
            -179.46866,
            0.34828696
        ],
        [
            430.6389,
            -426.74496,
            460.99963,
            90.26116,
            -179.46864,
            0.3482879
        ],
        [
            430.61365,
            -426.68555,
            460.995,
            90.258514,
            -179.46803,
            0.35241222
        ],
        [
            430.5366,
            -426.39478,
            461.15607,
            90.26328,
            -179.47572,
            0.38254532
        ],
        [
            430.38016,
            -425.7514,
            461.6587,
            90.27855,
            -179.50061,
            0.45407373
        ],
        [
            430.1528,
            -424.82837,
            462.43103,
            90.29714,
            -179.54492,
            0.55702823
        ],
        [
            429.87842,
            -423.61392,
            463.24854,
            90.30284,
            -179.58997,
            0.6961374
        ],
        [
            429.60242,
            -422.21558,
            464.1094,
            90.307335,
            -179.63625,
            0.85888195
        ],
        [
            429.29892,
            -420.63507,
            465.08475,
            90.31532,
            -179.68895,
            1.0405304
        ],
        [
            428.89194,
            -418.55664,
            466.40546,
            90.32795,
            -179.76147,
            1.2743309
        ],
        [
            428.45178,
            -416.32285,
            467.86267,
            90.35103,
            -179.83896,
            1.5248032
        ],
        [
            427.94775,
            -413.8547,
            469.4162,
            90.37593,
            -179.92072,
            1.800658
        ],
        [
            427.3459,
            -410.98407,
            471.17526,
            90.40152,
            179.9847,
            2.119956
        ],
        [
            426.58884,
            -407.53146,
            473.21875,
            90.42981,
            179.88045,
            2.4980083
        ],
        [
            425.94598,
            -404.75235,
            474.88766,
            90.45389,
            179.7915,
            2.798294
        ],
        [
            425.1035,
            -401.12024,
            477.0342,
            90.491234,
            179.68141,
            3.1931746
        ],
        [
            424.22748,
            -397.35162,
            479.18362,
            90.521645,
            179.57289,
            3.6054416
        ],
        [
            423.02124,
            -392.387,
            481.96985,
            90.56293,
            179.43074,
            4.1404724
        ],
        [
            422.35406,
            -389.69937,
            483.4523,
            90.58733,
            179.35582,
            4.427882
        ],
        [
            421.79083,
            -387.47925,
            484.66754,
            90.60595,
            179.29312,
            4.6671166
        ],
        [
            420.49167,
            -382.3428,
            487.36807,
            90.6472,
            179.15369,
            5.2092156
        ],
        [
            419.17487,
            -377.24335,
            489.9645,
            90.6943,
            179.01926,
            5.7472515
        ],
        [
            417.6492,
            -371.49933,
            492.7343,
            90.74016,
            178.87538,
            6.3471804
        ],
        [
            416.07968,
            -365.69305,
            495.52682,
            90.79321,
            178.7319,
            6.949082
        ],
        [
            414.48938,
            -359.99994,
            498.1723,
            90.8405,
            178.59677,
            7.5346255
        ],
        [
            413.13803,
            -355.21472,
            500.2308,
            90.87274,
            178.49583,
            8.025851
        ],
        [
            411.39432,
            -349.17313,
            502.72787,
            90.91278,
            178.37451,
            8.640793
        ],
        [
            410.10324,
            -344.79916,
            504.53476,
            90.95059,
            178.28601,
            9.081419
        ],
        [
            408.07394,
            -338.19803,
            507.24698,
            91.0181,
            178.14763,
            9.736619
        ],
        [
            405.86398,
            -330.98657,
            509.83047,
            91.06112,
            178.01996,
            10.459189
        ],
        [
            403.58328,
            -323.69778,
            512.3308,
            91.10255,
            177.89612,
            11.178432
        ],
        [
            401.42166,
            -317.06085,
            514.6055,
            91.15893,
            177.78914,
            11.824095
        ],
        [
            399.42194,
            -310.968,
            516.4984,
            91.20163,
            177.70126,
            12.416533
        ],
        [
            397.02878,
            -303.8267,
            518.5635,
            91.24476,
            177.60463,
            13.103659
        ],
        [
            393.7571,
            -294.28308,
            521.1833,
            91.307434,
            177.48154,
            14.017791
        ],
        [
            390.654,
            -285.4426,
            523.34424,
            91.35605,
            177.37592,
            14.854581
        ],
        [
            387.311,
            -276.18097,
            525.3434,
            91.40161,
            177.2867,
            15.722875
        ],
        [
            384.2612,
            -267.91602,
            527.07965,
            91.45721,
            177.20702,
            16.488056
        ],
        [
            379.82016,
            -256.0598,
            528.974,
            91.493004,
            177.12415,
            17.587654
        ],
        [
            376.03384,
            -246.3053,
            530.3797,
            91.53926,
            177.06071,
            18.474697
        ],
        [
            372.22455,
            -236.62216,
            531.5199,
            91.578255,
            177.01239,
            19.351418
        ],
        [
            367.6401,
            -225.28323,
            532.4592,
            91.600426,
            176.98222,
            20.36874
        ],
        [
            364.15778,
            -216.80753,
            532.99396,
