{
    "CMD": 5012,
    "motion_trajectory": [
        [
            433.0106,
            -491.37115,
            224.86006,
            -90.16357,
            -1.2658627,
            179.94061
        ],
        [
            433.01062,
            -491.37155,
            224.8602,
            -90.16359,
            -1.2659377,
            179.94057
        ],
        [
            433.0106,
            -491.37115,
            224.85995,
            -90.16362,
            -1.2658627,
            179.94061
        ],
        [
            433.01056,
            -491.3708,
            224.85991,
            -90.163605,
            -1.2658277,
            179.94072
        ],
        [
            433.0112,
            -491.3708,
            224.85963,
            -90.16361,
            -1.2657635,
            179.9407
        ],
        [
            433.0113,
            -491.3706,
            224.85951,
            -90.16366,
            -1.2658275,
            179.94077
        ],
        [
            433.0113,
            -491.37027,
            224.85999,
            -90.16354,
            -1.2658373,
            179.94081
        ],
        [
            433.00052,
            -491.35367,
            224.86124,
            -90.15894,
            -1.2679795,
            179.93944
        ],
        [
            433.00253,
            -491.29565,
            224.85617,
            -90.15756,
            -1.270789,
            179.94014
        ],
        [
            433.04056,
            -491.08072,
            224.83676,
            -90.15713,
            -1.2770509,
            179.93958
        ],
        [
            433.11646,
            -490.8308,
            224.82556,
            -90.15755,
            -1.278861,
            179.93748
        ],
        [
            433.2397,
            -490.4831,
            224.816,
            -90.15793,
            -1.282522,
            179.9349
        ],
        [
            433.45734,
            -489.8988,
            224.8244,
            -90.15604,
            -1.2837942,
            179.9369
        ],
        [
            433.6433,
            -489.38083,
            224.8739,
            -90.15031,
            -1.2821313,
            179.93741
        ],
        [
            433.87823,
            -488.68835,
            224.96103,
            -90.137405,
            -1.2764717,
            179.93091
        ],
        [
            434.01022,
            -488.29544,
            225.01111,
            -90.131134,
            -1.2714756,
            179.92532
        ],
        [
            434.1878,
            -487.7801,
            225.03122,
            -90.12567,
            -1.2667289,
            179.92177
        ],
        [
            434.3013,
            -487.4499,
            225.0442,
            -90.12251,
            -1.2647092,
            179.92137
        ],
        [
            434.39777,
            -487.15884,
            225.06607,
            -90.11978,
            -1.2624849,
            179.91962
        ],
        [
            434.4795,
            -486.93347,
            225.0992,
            -90.11545,
            -1.2591769,
            179.91867
        ],
        [
            434.54745,
            -486.75964,
            225.14815,
            -90.1098,
            -1.2535019,
            179.91708
        ],
        [
            434.58276,
            -486.6701,
            225.18327,
            -90.10605,
            -1.2512164,
            179.91495
        ],
        [
            434.59375,
            -486.63104,
            225.19948,
            -90.1051,
            -1.2482535,
            179.91118
        ],
        [
            434.59427,
            -486.624,
            225.20592,
            -90.104546,
            -1.2466477,
            179.91011
        ],
        [
            434.5893,
            -486.6236,
            225.21431,
            -90.10439,
            -1.2434705,
            179.90901
        ],
        [
            434.5868,
            -486.6228,
            225.21365,
            -90.10466,
            -1.2428857,
            179.90877
        ],
        [
            434.5851,
            -486.62244,
            225.21301,
            -90.1048,
            -1.2428896,
            179.90862
        ],
        [
            434.58383,
            -486.6229,
            225.21298,
            -90.10489,
            -1.2429233,
            179.90854
        ]
    ]
}