{
    "CMD": 5012,
    "motion_trajectory": [
        [
            433.01025,
            -491.37054,
            224.89476,
            -90.16178,
            -1.2637057,
            179.94092
        ],
        [
            433.01,
            -491.3705,
            224.89458,
            -90.16183,
            -1.2637745,
            179.94086
        ],
        [
            433.0096,
            -491.37012,
            224.8946,
            -90.16186,
            -1.2637634,
            179.94092
        ],
        [
            433.00974,
            -491.37033,
            224.89473,
            -90.16187,
            -1.2638482,
            179.94093
        ],
        [
            433.0099,
            -491.36996,
            224.89473,
            -90.161804,
            -1.2638083,
            179.9409
        ],
        [
            433.0099,
            -491.36996,
            224.89453,
            -90.16192,
            -1.2638625,
            179.94092
        ],
        [
            433.00977,
            -491.37003,
            224.89378,
            -90.16189,
            -1.263906,
            179.94098
        ],
        [
            433.00995,
            -491.36932,
            224.89377,
            -90.16198,
            -1.2639843,
            179.94102
        ],
        [
            433.01022,
            -491.36975,
            224.89409,
            -90.16196,
            -1.2639363,
            179.94104
        ],
        [
            433.01022,
            -491.36975,
            224.8942,
            -90.1619,
            -1.2639906,
            179.94102
        ],
        [
            433.00748,
            -491.36908,
            224.89423,
            -90.161415,
            -1.2649795,
            179.9405
        ],
        [
            433.00317,
            -491.36414,
            224.89609,
            -90.15878,
            -1.2665174,
            179.93993
        ],
        [
            432.9997,
            -491.35532,
            224.89348,
            -90.15778,
            -1.267257,
            179.93965
        ],
        [
            432.99658,
            -491.3344,
            224.8893,
            -90.157135,
            -1.2685126,
            179.93951
        ],
        [
            432.99496,
            -491.2728,
            224.8792,
            -90.15657,
            -1.2717148,
            179.93863
        ],
        [
            433.0045,
            -491.17767,
            224.86386,
            -90.15664,
            -1.2755805,
            179.93573
        ],
        [
            433.0494,
            -490.9776,
            224.84235,
            -90.157394,
            -1.281489,
            179.9322
        ],
        [
            433.12994,
            -490.73468,
            224.82352,
            -90.15885,
            -1.2851702,
            179.92986
        ],
        [
            433.38873,
            -490.00455,
            224.81354,
            -90.15849,
            -1.2897679,
            179.92972
        ],
        [
            433.52902,
            -489.6139,
            224.84344,
            -90.15393,
            -1.2894853,
            179.93167
        ],
        [
            433.64938,
            -489.27173,
            224.8733,
            -90.149055,
            -1.2889698,
            179.93188
        ],
        [
            433.77844,
            -488.89438,
            224.9157,
            -90.14179,
            -1.2858604,
            179.92915
        ],
        [
            433.89923,
            -488.54468,
            224.96729,
            -90.135185,
            -1.2816198,
            179.92482
        ],
        [
            434.0308,
            -488.16772,
            225.00099,
            -90.13044,
            -1.2780952,
            179.92097
        ],
        [
            434.15018,
            -487.8367,
            225.01532,
            -90.12774,
            -1.2744079,
            179.91943
        ],
        [
            434.2787,
            -487.47507,
            225.0304,
            -90.12447,
            -1.2708728,
            179.91895
        ],
        [
            434.36353,
            -487.22302,
            225.04796,
            -90.12213,
            -1.268532,
            179.9178
        ],
        [
            434.4456,
            -486.99466,
            225.07547,
            -90.11884,
            -1.2650865,
            179.91682
        ],
        [
            434.51184,
            -486.82425,
            225.11426,
            -90.11433,
            -1.2606888,
            179.916
        ],
        [
            434.55408,
            -486.73065,
            225.15144,
            -90.11001,
            -1.2565933,
            179.91502
        ],
        [
            434.59302,
            -486.6285,
            225.19563,
            -90.10625,
            -1.2490388,
            179.91068
        ],
        [
            434.5963,
            -486.61694,
            225.20642,
            -90.10539,
            -1.2461007,
            179.9096
        ],
        [
            434.59464,
            -486.61786,
            225.21115,
            -90.10508,
            -1.2449312,
            179.90904
        ],
        [
            434.59332,
            -486.6198,
            225.21474,
            -90.104836,
            -1.2440221,
            179.90862
        ],
        [
            434.59158,
            -486.61926,
            225.21431,
            -90.105034,
            -1.2438085,
            179.90848
        ],
        [
            434.59003,
            -486.6187,
            225.21355,
            -90.105225,
            -1.2438216,
            179.90839
        ],
        [
            434.58847,
            -486.62033,
            225.21413,
            -90.10519,
            -1.2436827,
            179.90828
        ]
    ]
}