{
    "CMD": 5012,
    "motion_trajectory": [
        [
            433.00983,
            -491.365,
            224.8585,
            -90.16443,
            -1.266341,
            179.94162
        ],
        [
            433.0101,
            -491.36545,
            224.85893,
            -90.16435,
            -1.2661842,
            179.9416
        ],
        [
            433.01022,
            -491.36465,
            224.8585,
            -90.16443,
            -1.2662323,
            179.94165
        ],
        [
            433.0103,
            -491.3655,
            224.85938,
            -90.16438,
            -1.2661408,
            179.94156
        ],
        [
            433.0097,
            -491.36578,
            224.85902,
            -90.1643,
            -1.2661299,
            179.94156
        ],
        [
            433.01022,
            -491.36502,
            224.85812,
            -90.16449,
            -1.2662226,
            179.9416
        ],
        [
            433.01016,
            -491.3649,
            224.85893,
            -90.16445,
            -1.2662529,
            179.9416
        ],
        [
            433.0104,
            -491.36493,
            224.85913,
            -90.164406,
            -1.2662386,
            179.94167
        ],
        [
            433.0098,
            -491.3646,
            224.85817,
            -90.16452,
            -1.266266,
            179.94168
        ],
        [
            433.0097,
            -491.36478,
            224.85829,
            -90.16447,
            -1.2662019,
            179.94162
        ],
        [
            433.01007,
            -491.36404,
            224.85796,
            -90.16456,
            -1.2661812,
            179.94173
        ],
        [
            433.0084,
            -491.36588,
            224.85912,
            -90.16422,
            -1.2663856,
            179.94121
        ],
        [
            433.00458,
            -491.36652,
            224.86156,
            -90.16253,
            -1.2672479,
            179.94002
        ],
        [
            433.00232,
            -491.36655,
            224.86493,
            -90.16054,
            -1.2676914,
            179.93916
        ],
        [
            433.00055,
            -491.36627,
            224.86636,
            -90.1598,
            -1.2678033,
            179.9386
        ],
        [
            432.99695,
            -491.36295,
            224.8647,
            -90.15943,
            -1.2681429,
            179.93779
        ],
        [
            432.9918,
            -491.35596,
            224.86295,
            -90.159035,
            -1.2686934,
            179.9364
        ],
        [
            432.98828,
            -491.34418,
            224.86232,
            -90.15853,
            -1.2692116,
            179.93462
        ],
        [
            432.98944,
            -491.32187,
            224.86461,
            -90.15807,
            -1.2699126,
            179.93343
        ],
        [
            433.00012,
            -491.2559,
            224.86401,
            -90.15844,
            -1.272043,
            179.93192
        ],
        [
            433.03085,
            -491.12576,
            224.85431,
            -90.159065,
            -1.2753164,
            179.92982
        ],
        [
            433.11682,
            -490.88675,
            224.84012,
            -90.1604,
            -1.277754,
            179.92778
        ],
        [
            433.25012,
            -490.54025,
            224.83081,
            -90.161194,
            -1.2811431,
            179.92957
        ],
        [
            433.3995,
            -490.13712,
            224.85052,
            -90.15763,
            -1.2829515,
            179.93185
        ],
        [
            433.54437,
            -489.71228,
            224.89815,
            -90.151634,
            -1.2797397,
            179.93211
        ],
        [
            433.62512,
            -489.47064,
            224.93034,
            -90.14713,
            -1.2770683,
            179.93042
        ],
        [
            433.75104,
            -489.06342,
            224.97069,
            -90.13936,
            -1.2731178,
            179.92577
        ],
        [
            433.82297,
            -488.8361,
            224.99274,
            -90.13569,
            -1.270239,
            179.92276
        ],
        [
            433.89438,
            -488.61438,
            225.01433,
            -90.13253,
            -1.2670081,
            179.91937
        ],
        [
            433.96564,
            -488.4093,
            225.02876,
            -90.1299,
            -1.2647198,
            179.91797
        ],
        [
            434.0389,
            -488.1955,
            225.03624,
            -90.12817,
            -1.2625523,
            179.9171
        ],
        [
            434.19894,
            -487.7155,
            225.02858,
            -90.12712,
            -1.2593361,
            179.91725
        ],
        [
            434.2968,
            -487.4084,
            225.05081,
            -90.12445,
            -1.2578812,
            179.91719
        ],
        [
            434.34076,
            -487.26938,
            225.08043,
            -90.12127,
            -1.2563599,
            179.9164
        ],
        [
            434.3928,
            -487.1291,
            225.11691,
            -90.11741,
            -1.2537328,
            179.91563
        ],
        [
            434.47723,
            -486.90936,
            225.17491,
            -90.11014,
            -1.2492739,
            179.91261
        ],
        [
            434.49863,
            -486.84668,
            225.1816,
            -90.10894,
            -1.2482747,
            179.91148
        ],
        [
            434.53088,
            -486.754,
            225.19098,
            -90.10791,
            -1.2464365,
            179.90999
        ],
        [
            434.5461,
            -486.71802,
            225.19693,
            -90.10719,
            -1.2454543,
            179.91002
        ],
        [
            434.56073,
            -486.68597,
            225.20781,
            -90.106125,
            -1.244264,
            179.90991
        ],
        [
            434.5704,
            -486.66248,
            225.21922,
            -90.10526,
            -1.243176,
            179.90947
        ],
        [
            434.57773,
            -486.64493,
            225.22829,
            -90.10479,
            -1.2424716,
            179.9089
        ],
        [
            434.5783,
            -486.6324,
            225.22781,
            -90.10554,
            -1.242711,
            179.90843
        ],
        [
            434.5766,
            -486.63138,
            225.22635,
            -90.10574,
            -1.2429962,
            179.90828
        ],
        [
            434.5759,
            -486.63025,
            225.22488,
            -90.10592,
            -1.2431971,
            179.90828
        ],
        [
            434.57388,
            -486.63123,
            225.22469,
            -90.10606,
            -1.2431822,
            179.90805
        ],
        [
            434.5733,
            -486.63126,
            225.22345,
            -90.10617,
            -1.2432553,
            179.908
        ],
        [
            434.57248,
            -486.63177,
            225.224,
            -90.106064,
            -1.2433132,
            179.90802
        ],
        [
            434.57104,
            -486.63272,
            225.2233,
            -90.10615,
            -1.2433527,
            179.90784
        ]
    ]
}