{
    "CMD": 24,
    "motion_trajectory": [
        [
            430.64993,
            -426.7492,
            461.00803,
            90.26018,
            -179.46979,
            0.35005283
        ],
        [
            430.63974,
            -426.74506,
            461.00006,
            90.26102,
            -179.46861,
            0.34842756
        ],
        [
            430.6392,
            -426.74435,
            460.99854,
            90.26083,
            -179.46858,
            0.34842974
        ],
        [
            430.42453,
            -425.93338,
            461.50198,
            90.27443,
            -179.49097,
            0.43380082
        ],
        [
            429.61838,
            -422.2569,
            464.05505,
            90.30232,
            -179.6306,
            0.85628474
        ],
        [
            428.15088,
            -414.8934,
            468.74548,
            90.36176,
            -179.88564,
            1.684107
        ],
        [
            426.24448,
            -406.08487,
            474.09863,
            90.4445,
            179.83437,
            2.6534567
        ],
        [
            423.10394,
            -392.73206,
            481.7873,
            90.56149,
            179.4399,
            4.1030173
        ],
        [
            419.0807,
            -376.8675,
            490.14056,
            90.69596,
            179.00928,
            5.7869167
        ],
        [
            413.991,
            -358.28955,
            498.9373,
            90.8512,
            178.55878,
            7.7081857
        ],
        [
            406.0381,
            -331.523,
            509.6251,
            91.05759,
            178.03061,
            10.406855
        ],
        [
            396.7489,
            -303.00015,
            518.8066,
            91.25001,
            177.59178,
            13.182757
        ],
        [
            385.17877,
            -270.35956,
            526.56146,
            91.43918,
            177.23067,
            16.264236
        ],
        [
            372.74832,
            -237.93356,
            531.3713,
            91.572845,
            177.01917,
            19.233084
        ],
        [
            360.53488,
            -208.16794,
            533.2145,
            91.63132,
            176.95462,
            21.88827
        ],
        [
            344.60724,
            -171.90866,
            532.4607,
            91.669174,
            177.01315,
            25.036549
        ],
        [
            328.23605,
            -137.02307,
            528.1156,
            91.59238,
            177.2346,
            27.993896
        ],
        [
            314.52097,
            -109.41267,
            522.2321,
            91.4848,
            177.51155,
            30.288084
        ],
        [
            297.1467,
            -76.22149,
            511.89148,
            91.24625,
            177.97723,
            33.009605
        ],
        [
            283.3284,
            -51.23155,
            501.66394,
            91.01116,
            178.424,
            35.025322
        ],
        [
            272.52197,
            -32.438488,
            492.40964,
            90.7835,
            178.8274,
            36.532078
        ],
        [
            265.02512,
            -19.783669,
            485.34048,
            90.60311,
            179.12204,
            37.54359
        ],
        [
            259.19965,
            -10.187658,
            479.47397,
            90.44619,
            179.37407,
            38.304188
        ],
        [
            255.0455,
            -3.4491165,
            475.18387,
            90.34909,
            179.55461,
            38.838474
        ],
        [
            251.88148,
            1.6177373,
            471.75812,
            90.25896,
            179.69243,
            39.23977
        ],
        [
            249.76746,
            4.993608,
            469.41125,
            90.191666,
            179.79338,
            39.511738
        ],
        [
            248.15317,
            7.5469637,
            467.59164,
            90.145134,
            179.87154,
            39.715683
        ],
        [
            246.85445,
            9.5773,
            466.12646,
            90.10691,
            179.92451,
            39.873043
        ],
        [
            246.33626,
            10.384722,
            465.5474,
            90.092224,
            179.9514,
            39.936146
        ],
        [
            246.09726,
            10.7658615,
            465.2469,
            90.08062,
            179.96417,
            39.96851
        ],
        [
            246.0477,
            10.844365,
            465.18604,
            90.07965,
            179.96938,
            39.97506
        ],
        [
            246.0387,
            10.8588705,
            465.177,
            90.08023,
            179.97008,
            39.97629
        ],
        [
            246.03833,
            10.859308,
            465.17706,
            90.08032,
            179.96991,
            39.97629
        ]
    ]
}