{
    "CMD": 24,
    "motion_trajectory": [
        [
            430.65042,
            -426.75064,
            461.00983,
            90.26057,
            -179.46997,
            0.35012743
        ],
        [
            430.64282,
            -426.7486,
            461.00458,
            90.26104,
            -179.46884,
            0.34871686
        ],
        [
            430.64047,
            -426.74554,
            460.99875,
            90.260506,
            -179.46867,
            0.34861934
        ],
        [
            430.64038,
            -426.74542,
            460.99835,
            90.26042,
            -179.46864,
            0.34863883
        ],
        [
            430.63998,
            -426.74606,
            460.99887,
            90.260544,
            -179.46864,
            0.3485082
        ],
        [
            430.6401,
            -426.74545,
            460.9983,
            90.26047,
            -179.46875,
            0.348555
        ],
        [
            430.63937,
            -426.74603,
            460.99866,
            90.26045,
            -179.46883,
            0.34848326
        ],
        [
            430.6402,
            -426.74527,
            460.99823,
            90.26048,
            -179.46872,
            0.34860137
        ],
        [
            430.6364,
            -426.7405,
            460.9966,
            90.260086,
            -179.46838,
            0.34872064
        ],
        [
            430.6295,
            -426.7273,
            460.9941,
            90.25905,
            -179.4682,
            0.3493734
        ],
        [
            430.61526,
            -426.69315,
            460.99643,
            90.25793,
            -179.46866,
            0.3518611
        ],
        [
            430.5387,
            -426.42993,
            461.14276,
            90.261734,
            -179.47664,
            0.37790695
        ],
        [
            430.38934,
            -425.82205,
            461.60425,
            90.274254,
            -179.5001,
            0.44519272
        ],
        [
            430.1836,
            -424.97388,
            462.3214,
            90.29252,
            -179.54088,
            0.5407601
        ],
        [
            429.89322,
            -423.70242,
            463.18777,
            90.29912,
            -179.5887,
            0.6851435
        ],
        [
            429.75195,
            -423.02777,
            463.61975,
            90.30146,
            -179.61198,
            0.7629929
        ],
        [
            429.6035,
            -422.23425,
            464.088,
            90.304214,
            -179.63551,
            0.8563611
        ],
        [
            429.25858,
            -420.449,
            465.19864,
            90.31308,
            -179.69629,
            1.0614681
        ],
        [
            428.8229,
            -418.2022,
            466.6242,
            90.32886,
            -179.77467,
            1.3139046
        ],
        [
            428.19714,
            -415.0802,
            468.64883,
            90.36168,
            -179.88101,
            1.6634959
        ],
        [
            427.6493,
            -412.39792,
            470.32208,
            90.38844,
            -179.96924,
            1.965023
        ],
        [
            427.0231,
            -409.47604,
            472.07794,
            90.41536,
            179.93909,
            2.2858803
        ],
        [
            426.54822,
            -407.34756,
            473.33102,
            90.43219,
            179.87515,
            2.5179992
        ],
        [
            425.9326,
            -404.69705,
            474.92032,
            90.45497,
            179.79036,
            2.8045745
        ],
        [
            425.14178,
            -401.2938,
            476.94757,
            90.49038,
            179.68568,
            3.1737664
        ],
        [
            424.25662,
            -397.50143,
            479.11746,
            90.52118,
            179.57458,
            3.5909455
        ],
        [
            423.22333,
            -393.2073,
            481.52112,
            90.55631,
            179.45383,
            4.0525837
        ],
        [
            422.09805,
            -388.64948,
            484.03302,
            90.596344,
            179.32521,
            4.5394506
        ],
        [
            421.1708,
            -385.00684,
            485.96362,
            90.6238,
            179.22694,
            4.9269156
        ],
        [
            419.85757,
            -379.87567,
            488.61932,
            90.66711,
            179.08875,
            5.4711323
        ],
        [
            418.52213,
            -374.73434,
            491.1752,
            90.7126,
            178.9568,
            6.0114603
        ],
        [
            416.6991,
            -368.02197,
            494.41443,
            90.771194,
            178.79007,
            6.7072883
        ],
        [
            414.91714,
            -361.5495,
            497.48788,
            90.83123,
            178.63234,
            7.3749013
        ],
        [
            413.3775,
            -356.0699,
            499.89035,
            90.8684,
            178.5132,
            7.937675
        ],
        [
            412.2918,
            -352.26553,
            501.47098,
            90.89337,
            178.43712,
            8.327395
        ],
        [
            410.09723,
            -344.79266,
            504.5592,
            90.953476,
            178.28513,
            9.08168
        ],
        [
            408.04132,
            -338.08447,
            507.28833,
            91.01896,
            178.14545,
            9.748389
        ],
        [
            405.8688,
            -330.92856,
            509.84564,
            91.06125,
            178.01878,
            10.46545
        ],
        [
            404.28964,
            -325.9166,
            511.55936,
            91.08661,
            177.93376,
            10.9612055
        ],
        [
            401.37286,
            -316.93127,
            514.66125,
            91.16033,
            177.78554,
            11.835826
        ],
        [
            398.63303,
            -308.59546,
            517.2076,
            91.21694,
            177.66808,
            12.645462
        ],
        [
            395.40588,
            -299.07962,
            519.8774,
            91.271935,
            177.5425,
            13.558584
        ],
        [
            392.18958,
            -289.80032,
            522.35913,
            91.33707,
            177.4233,
            14.442224
        ],
        [
            389.15292,
            -281.26706,
            524.25214,
            91.37209,
            177.33444,
            15.247428
        ],
        [
            387.25726,
            -276.0411,
            525.36646,
            91.400345,
            177.28542,
            15.735872
        ],
        [
            384.99976,
            -269.89902,
            526.68756,
            91.44494,
            177.22545,
            16.305445
        ],
        [
            382.008,
            -261.87115,
            528.08514,
            91.47545,
            177.16492,
            17.049812
        ],
        [
            378.42007,
            -252.41548,
            529.4984,
            91.50443,
            177.09804,
            17.92071
        ],
        [
            376.29742,
            -246.96515,
            530.28204,
            91.53403,
            177.06453,
            18.41528
        ],
        [
            372.57434,
            -237.49207,
            531.4348,
            91.576645,
            177.01587,
            19.2728
        ],
        [
            370.10788,
            -231.3649,
            531.96716,
