{
    "CMD": 5012,
    "motion_trajectory": [
        [
            433.0073,
            -491.37177,
            224.86505,
            -90.163414,
            -1.265544,
            179.94022
        ],
        [
            433.0078,
            -491.3706,
            224.86426,
            -90.163475,
            -1.2656211,
            179.94041
        ],
        [
            433.00775,
            -491.3712,
            224.86452,
            -90.163445,
            -1.2655777,
            179.9403
        ],
        [
            433.0078,
            -491.37067,
            224.86497,
            -90.16332,
            -1.2655971,
            179.9404
        ],
        [
            433.0071,
            -491.37115,
            224.8647,
            -90.16343,
            -1.2656018,
            179.94026
        ],
        [
            433.00748,
            -491.37103,
            224.86548,
            -90.163284,
            -1.265573,
            179.94035
        ],
        [
            433.00812,
            -491.37073,
            224.86548,
            -90.16335,
            -1.2655587,
            179.94046
        ],
        [
            433.0077,
            -491.37045,
            224.86465,
            -90.16342,
            -1.2657299,
            179.94041
        ],
        [
            433.00565,
            -491.37103,
            224.86533,
            -90.16301,
            -1.2660499,
            179.93997
        ],
        [
            433.0012,
            -491.3651,
            224.86638,
            -90.16077,
            -1.2672695,
            179.93944
        ],
        [
            432.9969,
            -491.3553,
            224.86407,
            -90.15965,
            -1.268155,
            179.9392
        ],
        [
            432.99167,
            -491.33286,
            224.85942,
            -90.158936,
            -1.2696623,
            179.93884
        ],
        [
            432.98895,
            -491.2799,
            224.85251,
            -90.158424,
            -1.2724785,
            179.93819
        ],
        [
            433.02295,
            -491.04538,
            224.83075,
            -90.1589,
            -1.2802614,
            179.93306
        ],
        [
            433.17505,
            -490.58405,
            224.81006,
            -90.16053,
            -1.2867754,
            179.92857
        ],
        [
            433.37573,
            -490.051,
            224.8141,
            -90.15964,
            -1.2903856,
            179.93028
        ],
        [
            433.65683,
            -489.2788,
            224.87955,
            -90.15079,
            -1.2884983,
            179.93184
        ],
        [
            433.87207,
            -488.64697,
            224.96053,
            -90.13768,
            -1.2825154,
            179.926
        ],
        [
            434.04108,
            -488.1553,
            225.01321,
            -90.12995,
            -1.2763908,
            179.92026
        ],
        [
            434.18787,
            -487.7458,
            225.0268,
            -90.126045,
            -1.2719824,
            179.91933
        ],
        [
            434.33038,
            -487.3394,
            225.04901,
            -90.12208,
            -1.26827,
            179.9193
        ],
        [
            434.4712,
            -486.93588,
            225.09753,
            -90.11641,
            -1.2621248,
            179.91682
        ],
        [
            434.5299,
            -486.78543,
            225.13878,
            -90.11142,
            -1.2574738,
            179.9156
        ],
        [
            434.574,
            -486.66217,
            225.18777,
            -90.1066,
            -1.2502304,
            179.91124
        ],
        [
            434.58365,
            -486.6292,
            225.19913,
            -90.105865,
            -1.246463,
            179.90964
        ],
        [
            434.5807,
            -486.6274,
            225.20892,
            -90.105705,
            -1.2450619,
            179.90869
        ],
        [
            434.5778,
            -486.62814,
            225.21094,
            -90.10572,
            -1.2442842,
            179.90817
        ],
        [
            434.57712,
            -486.62808,
            225.21062,
            -90.105736,
            -1.2442786,
            179.90811
        ]
    ]
}