{
    "CMD": 6000,
    "motion_trajectory": [
        [
            434.5741,
            -486.71802,
            225.32188,
            -90.078,
            -1.2419299,
            179.90756
        ],
        [
            434.57394,
            -486.71738,
            225.32124,
            -90.07818,
            -1.2419336,
            179.90762
        ],
        [
            434.56998,
            -486.72015,
            225.32733,
            -90.07484,
            -1.2425219,
            179.90646
        ],
        [
            434.30362,
            -487.51895,
            225.37627,
            -90.0658,
            -1.2374914,
            179.90646
        ],
        [
            433.54315,
            -489.86002,
            225.29468,
            -90.08542,
            -1.235995,
            179.91992
        ],
        [
            433.03827,
            -491.4766,
            225.20013,
            -90.10584,
            -1.2405713,
            179.93927
        ],
        [
            433.0297,
            -491.51987,
            225.16663,
            -90.110825,
            -1.2517593,
            179.94127
        ],
        [
            433.0298,
            -491.52863,
            225.17934,
            -90.114525,
            -1.2581285,
            179.94153
        ],
        [
            433.02222,
            -491.4899,
            226.81145,
            -90.17379,
            -1.2751479,
            179.9572
        ],
        [
            433.00836,
            -491.4836,
            231.4067,
            -90.12835,
            -1.266245,
            179.95149
        ],
        [
            433.02112,
            -491.47238,
            233.76637,
            -90.104614,
            -1.2615271,
            179.93878
        ],
        [
            433.0267,
            -491.4532,
            233.85818,
            -90.10866,
            -1.2620606,
            179.93576
        ],
        [
            433.00732,
            -491.38126,
            233.8331,
            -90.11605,
            -1.2662553,
            179.93439
        ],
        [
            432.97974,
            -489.79016,
            233.7072,
            -90.14418,
            -1.2913948,
            179.93619
        ],
        [
            432.94955,
            -484.60883,
            233.77875,
            -90.13127,
            -1.2779444,
            179.93167
        ],
        [
            432.9734,
            -477.38168,
            233.77393,
            -90.12452,
            -1.2626351,
            179.93434
        ],
        [
            433.00928,
            -466.30215,
            233.81514,
            -90.11028,
            -1.2496307,
            179.93701
        ],
        [
            433.03043,
            -454.03632,
            233.82414,
            -90.10993,
            -1.2495346,
            179.93132
        ],
        [
            433.10147,
            -443.58383,
            233.79771,
            -90.11907,
            -1.2434554,
            179.9464
        ],
        [
            433.10696,
            -435.9787,
            233.84882,
            -90.112335,
            -1.2334467,
            179.93771
        ],
        [
            433.1424,
            -431.28467,
            233.84216,
            -90.11106,
            -1.2337984,
            179.9465
        ],
        [
            433.19556,
            -429.937,
            233.79533,
            -90.117325,
            -1.2363995,
            179.9515
        ],
        [
            433.17892,
            -429.91708,
            233.80351,
            -90.11725,
            -1.2350847,
            179.94797
        ],
        [
            433.17368,
            -429.91885,
            233.88101,
            -90.11302,
            -1.2320225,
            179.94713
        ],
        [
            433.16858,
            -429.91245,
            235.44983,
            -90.080666,
            -1.2052932,
            179.94928
        ],
        [
            433.105,
            -429.85443,
            239.4754,
            -90.08476,
            -1.1997285,
            179.9563
        ],
        [
            432.99896,
            -429.74814,
            246.6554,
            -90.08718,
            -1.1924927,
            179.96893
        ],
        [
            432.85675,
            -429.58005,
            257.7508,
            -90.09679,
            -1.1689745,
            179.98846
        ],
        [
            432.72113,
            -429.40393,
            269.864,
            89.93887,
            -178.86678,
            0.008126509
        ],
        [
            432.56384,
            -429.19183,
            286.3303,
            89.965935,
            -178.92854,
            0.04035003
        ],
        [
            432.36868,
            -428.92932,
            304.76953,
            89.995544,
            -178.98346,
            0.073967986
        ],
        [
            432.12164,
            -428.5977,
            327.5519,
            90.02923,
            -179.05096,
            0.11807082
        ],
        [
            431.6446,
            -428.02316,
            359.43716,
            90.065125,
            -179.13321,
            0.16726352
        ],
        [
            431.40784,
            -427.75256,
            383.91116,
            90.11368,
            -179.21767,
            0.2110774
        ],
        [
            431.26553,
            -427.51804,
            402.82767,
            90.1641,
            -179.28203,
            0.25047663
        ],
        [
            431.09518,
            -427.3196,
            419.7448,
            90.20283,
            -179.3484,
            0.27278486
        ],
        [
            430.96567,
            -427.13696,
            433.04532,
            90.21749,
            -179.39088,
            0.30176914
        ],
        [
            430.82776,
            -426.95337,
            444.6893,
            90.2359,
            -179.41742,
            0.3229206
        ],
        [
            430.76,
            -426.83212,
            452.50076,
            90.244095,
            -179.44438,
            0.340635
        ],
        [
            430.66974,
            -426.77518,
            458.5049,
            90.26615,
            -179.47093,
            0.3402993
        ],
        [
            430.649,
            -426.72562,
            460.74747,
            90.26443,
            -179.47107,
            0.3474883
        ],
        [
            430.66782,
            -426.73877,
            461.07748,
            90.25487,
            -179.47127,
            0.35126108
        ]
    ]
}