{
    "CMD": 1400,
    "motion_trajectory": [
        [
            259.1711,
            256.96228,
            382.71494,
            89.96655,
            178.6218,
            89.90206
        ],
        [
            259.17172,
            256.9628,
            382.71515,
            89.96664,
            178.6217,
            89.90211
        ],
        [
            259.1736,
            256.9626,
            382.71667,
            89.9673,
            178.62332,
            89.90177
        ],
        [
            259.17325,
            256.96213,
            382.72174,
            89.967316,
            178.6264,
            89.90191
        ],
        [
            259.17352,
            256.9558,
            382.75153,
            89.96627,
            178.62733,
            89.901405
        ],
        [
            259.17957,
            256.92758,
            382.8433,
            89.96347,
            178.62654,
            89.900375
        ],
        [
            259.21558,
            256.87744,
            382.9913,
            89.96152,
            178.6261,
            89.898636
        ],
        [
            259.36487,
            256.74103,
            383.51965,
            89.96901,
            178.62068,
            89.8953
        ],
        [
            259.64612,
            256.5387,
            384.3067,
            89.974976,
            178.61482,
            89.89009
        ],
        [
            259.8698,
            256.3779,
            384.9429,
            89.9739,
            178.6143,
            89.88932
        ],
        [
            260.1912,
            256.13116,
            386.00885,
            89.977646,
            178.61963,
            89.89499
        ],
        [
            260.6264,
            255.77956,
            387.42236,
            89.966324,
            178.6247,
            89.90337
        ],
        [
            261.18695,
            255.325,
            389.11234,
            89.951706,
            178.62648,
            89.90078
        ],
        [
            261.8442,
            254.76492,
            391.27036,
            89.954346,
            178.63249,
            89.90227
        ],
        [
            262.53088,
            254.18196,
            393.61508,
            89.95994,
            178.63626,
            89.910194
        ],
        [
            262.96323,
            253.8194,
            395.01382,
            89.95284,
            178.63864,
            89.91243
        ],
        [
            263.5785,
            253.3162,
            396.9848,
            89.950226,
            178.6383,
            89.91389
        ],
        [
            264.40417,
            252.6136,
            399.72357,
            89.955246,
            178.63654,
            89.91797
        ],
        [
            264.87457,
            252.22197,
            401.2572,
            89.953896,
            178.63498,
            89.91897
        ],
        [
            265.8993,
            251.37743,
            404.50916,
            89.95526,
            178.62935,
            89.91832
        ],
        [
            266.49432,
            250.7738,
            406.8471,
            89.95224,
            178.62878,
            89.91592
        ],
        [
            267.57117,
            249.99078,
            409.85596,
            89.95732,
            178.62483,
            89.911476
        ],
        [
            268.26376,
            249.39383,
            412.1448,
            89.95996,
            178.62927,
            89.91317
        ],
        [
            269.4554,
            248.41258,
            415.89563,
            89.95386,
            178.63474,
            89.90954
        ],
        [
            270.85416,
            247.25572,
            420.40668,
            89.950874,
            178.64096,
            89.91604
        ],
        [
            272.15582,
            246.16951,
            424.67596,
            89.95629,
            178.6396,
            89.91737
        ],
        [
            273.58386,
            244.95947,
            429.39758,
            89.95897,
            178.63306,
            89.91704
        ],
        [
            275.00848,
            243.80658,
            433.80743,
            89.95323,
            178.63463,
            89.914955
        ],
        [
            276.5114,
            242.53062,
            438.71683,
            89.94783,
            178.6403,
            89.916565
        ],
        [
            278.23145,
            241.08107,
            444.3123,
            89.96436,
            178.64523,
            89.91306
        ],
        [
            279.88876,
            239.70868,
            449.61255,
            89.95321,
            178.65001,
            89.91447
        ],
        [
            281.56976,
            238.34882,
            454.941,
            89.95132,
            178.64952,
            89.91537
        ],
        [
            283.3987,
            236.81557,
            460.89188,
            89.95481,
            178.64395,
            89.91546
        ],
        [
            285.21872,
            235.27946,
            466.8224,
            89.9505,
            178.64714,
            89.91963
        ],
        [
            287.34537,
            233.52197,
            473.6,
            89.94988,
            178.64836,
            89.9172
        ],
        [
            288.5077,
            232.53015,
            477.4003,
            89.94818,
            178.64618,
            89.91487
        ],
        [
            290.39035,
            230.96915,
            483.55402,
            89.97309,
            178.64442,
            89.91142
        ],
        [
            291.50995,
            230.03311,
            487.09586,
            89.95548,
            178.65155,
            89.913635
        ],
        [
            293.6651,
            228.25192,
            494.01788,
            89.96174,
            178.65862,
            89.91446
        ],
        [
            295.3643,
            226.80595,
            499.57812,
            89.96607,
            178.65993,
            89.912346
        ],
        [
            296.46628,
            225.906,
            503.09088,
            89.96846,
            178.65947,
            89.911064
        ],
        [
            298.18198,
            224.48909,
            508.45773,
            89.95477,
            178.66632,
            89.90948
        ],
        [
            299.9064,
            223.06276,
            513.9939,
            89.95301,
            178.67479,
            89.908844
        ],
        [
            301.6071,
            221.62744,
            519.63824,
            89.96333,
            178.6944,
            89.9148
        ],
        [
            303.19128,
            220.31778,
            524.70013,
            89.96747,
            178.69896,
            89.910965
        ],
        [
            304.52176,
            219.1976,
            528.97205,
            89.95345,
            178.70392,
            89.91173
        ],
        [
            306.14722,
            217.8715,
            534.20984,
            89.96383,
            178.69673,
            89.91274
        ],
        [
            307.4988,
            216.72406,
            538.56824,
            89.95879,
            178.6915,
            89.91142
        ],
        [
            308.78503,
            215.65425,
            542.7403,
            89.96936,
            178.67953,
            89.908875
        ],
        [
            310.02554,
            214.6224,
            546.70715,
            89.95962,
            178.67615,
            89.912384
        ],
        [
            310.90222,
            213.92145,
            549.4753,
            89.95493,
            178.67131,
            89.91468
        ],
        [
            311.74152,
