{
    "CMD": 1100,
    "motion_trajectory": [
        [
            320.3102,
            206.15102,
            579.7095,
            89.94983,
            178.66968,
            89.920006
        ],
        [
            320.31012,
            206.151,
            579.71014,
            89.949974,
            178.66974,
            89.92
        ],
        [
            320.31042,
            206.15086,
            579.7109,
            89.950066,
            178.6697,
            89.919945
        ],
        [
            320.31772,
            206.14684,
            579.7287,
            89.95486,
            178.67192,
            89.91763
        ],
        [
            320.32553,
            206.1524,
            579.7481,
            89.95977,
            178.67566,
            89.9124
        ],
        [
            320.32227,
            206.17862,
            579.7605,
            89.963066,
            178.67827,
            89.90834
        ],
        [
            320.30847,
            206.26251,
            579.77106,
            89.9659,
            178.68275,
            89.90551
        ],
        [
            320.22284,
            206.64406,
            579.7518,
            89.97446,
            178.7022,
            89.90522
        ],
        [
            320.1707,
            206.92606,
            579.7074,
            89.97549,
            178.72078,
            89.90175
        ],
        [
            320.0916,
            207.29308,
            579.6251,
            89.97693,
            178.74843,
            89.89688
        ],
        [
            319.98526,
            207.7296,
            579.5415,
            89.97958,
            178.77597,
            89.893845
        ],
        [
            319.7249,
            208.78194,
            579.3212,
            89.98381,
            178.83505,
            89.89534
        ],
        [
            319.5708,
            209.39478,
            579.1662,
            89.981964,
            178.86377,
            89.89572
        ],
        [
            319.37384,
            210.17464,
            578.93945,
            89.97279,
            178.90694,
            89.89576
        ],
        [
            319.08237,
            211.38443,
            578.6197,
            89.9617,
            178.97438,
            89.89824
        ],
        [
            318.76807,
            212.64752,
            578.2899,
            89.94817,
            179.04451,
            89.90308
        ],
        [
            318.55783,
            213.53558,
            578.08185,
            89.945625,
            179.09067,
            89.90383
        ],
        [
            318.0601,
            215.74698,
            577.60284,
            89.94491,
            179.21619,
            89.904
        ],
        [
            317.77798,
            216.99576,
            577.30133,
            89.93653,
            179.28975,
            89.90308
        ],
        [
            317.37076,
            218.6274,
            576.9275,
            89.933495,
            179.37654,
            89.905655
        ],
        [
            316.82236,
            220.82863,
            576.41876,
            89.9284,
            179.49715,
            89.90865
        ],
        [
            316.16876,
            223.64622,
            575.8587,
            89.929276,
            179.64752,
            89.91302
        ],
        [
            315.10532,
            228.25728,
            574.7788,
            89.9106,
            179.90805,
            89.918785
        ],
        [
            314.73517,
            229.74702,
            574.42096,
            89.90473,
            179.98505,
            89.92285
        ],
        [
            314.4095,
            231.10307,
            574.111,
            89.90152,
            -179.93959,
            89.92917
        ],
        [
            313.95786,
            232.93639,
            573.71985,
            89.89846,
            -179.83931,
            89.939896
        ],
        [
            313.29047,
            235.74403,
            573.1083,
            89.89904,
            -179.68282,
            89.94603
        ],
        [
            312.71402,
            238.28604,
            572.5129,
            89.88334,
            -179.54254,
            89.949394
        ],
        [
            312.18448,
            240.4722,
            572.00287,
            89.87403,
            -179.4289,
            89.957016
        ],
        [
            311.9007,
            241.56772,
            571.7636,
            89.87616,
            -179.36903,
            89.963036
        ],
        [
            311.67377,
            242.49966,
            571.5406,
            89.8729,
            -179.31409,
            89.96404
        ],
        [
            311.23386,
            244.45125,
            571.14294,
            89.86983,
            -179.20656,
            89.96277
        ],
        [
            310.952,
            245.6292,
            570.89124,
            89.868706,
            -179.14165,
            89.96917
        ],
        [
            310.69113,
            246.7468,
            570.6531,
            89.869835,
            -179.08473,
            89.97243
        ],
        [
            310.39023,
            248.03218,
            570.38873,
            89.87182,
            -179.01608,
            89.974625
        ],
        [
            310.22403,
            248.79787,
            570.2143,
            89.86768,
            -178.97289,
            89.97857
        ],
        [
            310.13174,
            249.23848,
            570.11145,
            89.86397,
            -178.94763,
            89.97809
        ],
        [
            310.0006,
            249.73097,
            569.96674,
            89.85671,
            -178.91261,
            89.985825
        ],
        [
            309.94473,
            249.88057,
            569.917,
            89.85436,
            -178.90408,
            89.98785
        ],
        [
            309.93085,
            249.89261,
            569.9082,
            89.85409,
            -178.9043,
            89.98564
        ],
        [
            309.9361,
            249.88162,
            569.9054,
            89.85364,
            -178.90471,
            89.98352
        ],
        [
            309.94275,
            249.87134,
            569.90326,
            89.85343,
            -178.90468,
            89.981674
        ],
        [
            309.9466,
            249.86507,
            569.9022,
            89.85326,
            -178.90483,
            89.98061
        ],
        [
            309.95258,
            249.85503,
            569.90314,
            89.8535,
            -178.90494,
            89.97884
        ],
        [
            309.95966,
            249.84447,
            569.9051,
            89.85382,
            -178.90504,
            89.97697
        ],
        [
            309.96695,
            249.83386,
            569.9065,
            89.85398,
            -178.90527,
            89.975075
        ],
        [
            309.973,
            249.82262,
            569.9057,
            89.85378,
            -178.90538,
            89.973335
        ]
    ]
}