{
    "CMD": 2040,
    "motion_trajectory": [
        [
            474.00055,
            247.7803,
            266.5444,
            89.73148,
            -178.71072,
            90.01983
        ],
        [
            474.00027,
            247.78027,
            266.54416,
            89.731384,
            -178.71066,
            90.01984
        ],
        [
            474.00037,
            247.78069,
            266.5447,
            89.731476,
            -178.71068,
            90.019875
        ],
        [
            474.00052,
            247.7803,
            266.544,
            89.73144,
            -178.71062,
            90.01983
        ],
        [
            474.0007,
            247.78021,
            266.54382,
            89.73133,
            -178.71062,
            90.01978
        ],
        [
            474.00073,
            247.78021,
            266.5443,
            89.73143,
            -178.71057,
            90.01978
        ],
        [
            473.99973,
            247.78047,
            266.544,
            89.731346,
            -178.7106,
            90.01983
        ],
        [
            474.00073,
            247.77994,
            266.55814,
            89.73404,
            -178.71143,
            90.01935
        ],
        [
            474.00256,
            247.78017,
            266.59436,
            89.73581,
            -178.71196,
            90.0193
        ],
        [
            474.0108,
            247.78152,
            266.71713,
            89.73963,
            -178.71396,
            90.01934
        ],
        [
            474.03168,
            247.78651,
            267.18253,
            89.75141,
            -178.71829,
            90.01999
        ],
        [
            474.048,
            247.79166,
            267.87677,
            89.76,
            -178.72174,
            90.021324
        ],
        [
            474.05664,
            247.7944,
            268.34946,
            89.76002,
            -178.72418,
            90.02221
        ],
        [
            474.06015,
            247.79813,
            268.906,
            89.75699,
            -178.72548,
            90.023834
        ],
        [
            474.06168,
            247.80084,
            269.5447,
            89.75308,
            -178.7249,
            90.02536
        ],
        [
            474.06583,
            247.80534,
            270.46463,
            89.74806,
            -178.72604,
            90.027534
        ],
        [
            474.06757,
            247.80725,
            271.15387,
            89.74527,
            -178.725,
            90.02871
        ],
        [
            474.06613,
            247.80658,
            272.57907,
            89.7411,
            -178.72047,
            90.02934
        ],
        [
            474.0577,
            247.80417,
            274.14276,
            89.73493,
            -178.71477,
            90.02946
        ],
        [
            474.04764,
            247.80019,
            275.47525,
            89.7318,
            -178.71175,
            90.02904
        ],
        [
            474.03632,
            247.79541,
            276.74442,
            89.73294,
            -178.70857,
            90.02796
        ],
        [
            474.0281,
            247.78908,
            277.7507,
            89.73638,
            -178.70639,
            90.02608
        ],
        [
            474.02243,
            247.78485,
            278.36075,
            89.73946,
            -178.70567,
            90.02443
        ],
        [
            474.0154,
            247.78302,
            278.99588,
            89.741035,
            -178.7063,
            90.0237
        ],
        [
            474.0048,
            247.78033,
            279.35645,
            89.740234,
            -178.7063,
            90.02295
        ],
        [
            473.99435,
            247.7773,
            279.49008,
            89.73681,
            -178.70544,
            90.02173
        ],
        [
            473.99234,
            247.77339,
            279.50833,
            89.73324,
            -178.70547,
            90.01992
        ],
        [
            473.99014,
            247.77242,
            279.50714,
            89.73226,
            -178.7055,
            90.019165
        ],
        [
            473.98944,
            247.77357,
            279.50613,
            89.73208,
            -178.70557,
            90.01907
        ],
        [
            473.9884,
            247.77438,
            279.50516,
            89.73179,
            -178.70555,
            90.01911
        ],
        [
            473.98892,
            247.7745,
            279.50616,
            89.731766,
            -178.7055,
            90.01888
        ],
        [
            473.97455,
            247.77328,
            279.50186,
            89.729965,
            -178.70529,
            90.01889
        ],
        [
            473.88254,
            247.76405,
            279.481,
            89.721466,
            -178.70389,
            90.01845
        ],
        [
            473.52075,
            247.74251,
            279.43924,
            89.70574,
            -178.69928,
            90.01706
        ],
        [
            472.99203,
            247.73572,
            279.4302,
            89.69982,
            -178.69556,
            90.017914
        ],
        [
            472.2476,
            247.72777,
            279.45798,
            89.70085,
            -178.696,
            90.01672
        ],
        [
            471.13315,
            247.73195,
            279.46683,
            89.702225,
            -178.70103,
            90.01574
        ],
        [
            469.75308,
            247.74794,
            279.4932,
            89.70489,
            -178.71213,
            90.01555
        ],
        [
            467.90756,
            247.77893,
            279.53806,
            89.71052,
            -178.72977,
            90.01532
        ],
        [
            466.52606,
            247.80345,
            279.58014,
            89.71451,
            -178.74265,
            90.015594
        ],
        [
            464.35068,
            247.83057,
            279.65268,
            89.72349,
            -178.76637,
            90.01552
        ],
        [
            462.12964,
            247.8602,
            279.70334,
            89.732574,
            -178.78893,
            90.01498
        ],
        [
            459.75717,
            247.87775,
            279.7513,
            89.74091,
            -178.81053,
            90.0105
        ],
        [
            456.82294,
            247.92029,
            279.82355,
            89.74798,
            -178.8364,
            90.00976
        ],
        [
            453.78003,
            247.97798,
            279.88968,
            89.75063,
            -178.86125,
            90.01373
        ],
        [
            450.52847,
            248.01552,
            279.93384,
            89.74902,
            -178.8873,
            90.012924
        ],
        [
            447.02478,
            248.0521,
            280.00974,
            89.755936,
            -178.91704,
            90.00864
        ],
        [
            443.9215,
            248.08453,
            280.09665,
            89.76463,
            -178.94345,
            90.00934
        ],
        [
            440.29633,
            248.104,
            280.18,
            89.76866,
            -178.97356,
            90.002495
        ],
        [
            438.108,
            248.13008,
            280.1952,
            89.762634,
            -178.98964,
            90.00246
        ],
        [
            431.13974,
            248.22917,
            280.36002,
            89.77824,
            -179.04254,
