{
    "CMD": 2100,
    "motion_trajectory": [
        [
            385.4393,
            248.33932,
            567.0915,
            89.830696,
            -178.8201,
            89.99967
        ],
        [
            385.43942,
            248.33916,
            567.0923,
            89.83078,
            -178.82004,
            89.99967
        ],
        [
            385.43964,
            248.33916,
            567.0921,
            89.83084,
            -178.81998,
            89.99965
        ],
        [
            385.43915,
            248.33913,
            567.0915,
            89.83064,
            -178.82002,
            89.99969
        ],
        [
            385.43942,
            248.33905,
            567.092,
            89.83067,
            -178.82002,
            89.99969
        ],
        [
            385.43924,
            248.33948,
            567.09216,
            89.83073,
            -178.8201,
            89.99973
        ],
        [
            385.4395,
            248.3393,
            567.0918,
            89.83074,
            -178.81993,
            89.99971
        ],
        [
            385.4409,
            248.33868,
            567.09436,
            89.83107,
            -178.81989,
            89.99937
        ],
        [
            385.44153,
            248.33875,
            567.0958,
            89.83116,
            -178.81879,
            89.99924
        ],
        [
            385.44394,
            248.33778,
            567.10596,
            89.83111,
            -178.81631,
            89.998924
        ],
        [
            385.44366,
            248.33536,
            567.129,
            89.82769,
            -178.8144,
            89.998955
        ],
        [
            385.44098,
            248.32896,
            567.19476,
            89.82366,
            -178.81279,
            89.99847
        ],
        [
            385.42148,
            248.30914,
            567.816,
            89.80904,
            -178.81313,
            89.99892
        ],
        [
            385.42007,
            248.30342,
            568.195,
            89.8055,
            -178.81383,
            89.99878
        ],
        [
            385.40955,
            248.30061,
            568.69403,
            89.80588,
            -178.81412,
            89.99954
        ],
        [
            385.41473,
            248.30377,
            569.3248,
            89.80844,
            -178.81355,
            90.00113
        ],
        [
            385.4471,
            248.30788,
            570.5662,
            89.814896,
            -178.81485,
            90.00067
        ],
        [
            385.4718,
            248.31346,
            571.3579,
            89.81476,
            -178.81622,
            89.99967
        ],
        [
            385.47864,
            248.32986,
            572.7554,
            89.82008,
            -178.81303,
            90.000916
        ],
        [
            385.46262,
            248.33531,
            573.7426,
            89.82515,
            -178.80952,
            90.00176
        ],
        [
            385.45578,
            248.33688,
            574.4479,
            89.830124,
            -178.80922,
            90.00123
        ],
        [
            385.4469,
            248.34013,
            575.1971,
            89.833015,
            -178.81001,
            90.00131
        ],
        [
            385.44186,
            248.34587,
            576.0476,
            89.83635,
            -178.8076,
            90.00238
        ],
        [
            385.43802,
            248.34872,
            576.9115,
            89.83639,
            -178.80717,
            90.003334
        ],
        [
            385.42484,
            248.34692,
            577.7038,
            89.83501,
            -178.80988,
            90.00306
        ],
        [
            385.4163,
            248.34984,
            578.26776,
            89.834656,
            -178.81213,
            90.00376
        ],
        [
            385.40027,
            248.35562,
            578.87305,
            89.83554,
            -178.81203,
            90.00508
        ],
        [
            385.40393,
            248.35725,
            579.1986,
            89.83347,
            -178.81207,
            90.00518
        ],
        [
            385.4104,
            248.35066,
            579.74554,
            89.83147,
            -178.81712,
            90.00291
        ],
        [
            385.4126,
            248.34364,
            579.9951,
            89.831985,
            -178.82094,
            90.00026
        ],
        [
            385.4085,
            248.34631,
            580.10516,
            89.832825,
            -178.82356,
            89.999626
        ],
        [
            385.4133,
            248.34628,
            580.127,
            89.83291,
            -178.82466,
            89.998726
        ],
        [
            385.41498,
            248.34613,
            580.12744,
            89.83298,
            -178.82506,
            89.99851
        ],
        [
            385.41516,
            248.34564,
            580.1266,
            89.83295,
            -178.82513,
            89.99839
        ],
        [
            385.4161,
            248.34564,
            580.1265,
            89.83312,
            -178.82524,
            89.99837
        ],
        [
            385.4174,
            248.34488,
            580.1245,
            89.833084,
            -178.82541,
            89.9982
        ],
        [
            385.41797,
            248.34488,
            580.12396,
            89.832985,
            -178.82559,
            89.99816
        ],
        [
            385.41547,
            248.34538,
            580.12695,
            89.83326,
            -178.82558,
            89.99825
        ],
        [
            385.4121,
            248.34547,
            580.1304,
            89.83349,
            -178.82578,
            89.99817
        ],
        [
            385.39618,
            248.34558,
            580.1392,
            89.83401,
            -178.8265,
            89.99799
        ],
        [
            385.2626,
            248.3448,
            580.17096,
            89.836,
            -178.82732,
            89.99762
        ],
        [
            385.1122,
            248.3428,
            580.1852,
            89.83502,
            -178.82976,
            89.99687
        ],
        [
            384.9101,
            248.34238,
            580.2017,
            89.83493,
            -178.83136,
            89.99684
        ],
        [
            384.57135,
            248.33975,
            580.2168,
            89.83474,
            -178.83261,
            89.996506
        ],
        [
            384.03464,
            248.34195,
            580.22955,
            89.834625,
            -178.83405,
            89.996635
        ],
        [
            383.1159,
            248.36748,
            580.239,
            89.83402,
            -178.83551,
            89.99875
        ],
        [
            382.53937,
            248.38048,
            580.22253,
            89.83086,
            -178.83582,
            89.99893
        ],
        [
            381.85498,
            248.39369,
            580.20496,
            89.82833,
            -178.83675,
            89.99864
        ],
        [
            381.09097,
            248.4049,
            580.1904,
            89.828545,
            -178.83665,
            89.99796
        ],
        [
            380.09875,
            248.41417,
            580.17865,
            89.83017,
            -178.83679,
            89.99563
        ],
        [
            379.28162,
            248.41898,
            580.1573,
            89.82792,
            -178.83942,
            89.99297
