{
    "CMD": 1095,
    "motion_trajectory": [
        [
            309.9979,
            252.11185,
            520.9207,
            89.790565,
            -178.62997,
            89.96043
        ],
        [
            310.0009,
            252.11134,
            520.924,
            89.791756,
            -178.63184,
            89.95987
        ],
        [
            310.6976,
            252.1665,
            521.0862,
            89.83035,
            -178.6453,
            89.96253
        ],
        [
            314.43094,
            252.08112,
            520.981,
            89.822876,
            -178.63654,
            89.9511
        ],
        [
            321.80588,
            252.05092,
            520.66925,
            89.796364,
            -178.63103,
            89.965324
        ],
        [
            332.96756,
            251.96109,
            520.3729,
            89.79953,
            -178.62354,
            89.96796
        ],
        [
            345.70828,
            251.85631,
            520.01544,
            89.797066,
            -178.6279,
            89.96595
        ],
        [
            363.14355,
            251.70483,
            519.5574,
            89.788086,
            -178.63196,
            89.96294
        ],
        [
            382.1151,
            251.5633,
            519.1119,
            89.80232,
            -178.62517,
            89.962006
        ],
        [
            404.49478,
            251.39197,
            518.49445,
            89.78954,
            -178.623,
            89.96321
        ],
        [
            425.45258,
            251.21646,
            517.94073,
            89.79512,
            -178.62767,
            89.96098
        ],
        [
            446.83057,
            251.03722,
            517.36725,
            89.78593,
            -178.62424,
            89.96187
        ],
        [
            463.9448,
            250.9304,
            516.9577,
            89.79412,
            -178.62184,
            89.96555
        ],
        [
            479.1096,
            250.8063,
            516.5268,
            89.78462,
            -178.61914,
            89.96498
        ],
        [
            489.88922,
            250.74117,
            516.26605,
            89.79252,
            -178.61908,
            89.965836
        ],
        [
            498.42297,
            250.66689,
            515.99176,
            89.7814,
            -178.61658,
            89.96728
        ],
        [
            503.62192,
            250.63873,
            515.8908,
            89.78324,
            -178.62111,
            89.96807
        ],
        [
            505.02878,
            250.61871,
            515.80676,
            89.77959,
            -178.61557,
            89.9694
        ],
        [
            505.04126,
            250.6212,
            515.8102,
            89.779816,
            -178.61453,
            89.970764
        ]
    ]
}