{
    "CMD": 1100,
    "motion_trajectory": [
        [
            249.99744,
            249.74959,
            370.00018,
            89.89993,
            179.94011,
            89.98051
        ],
        [
            249.99803,
            249.74937,
            370.00085,
            89.900185,
            179.94014,
            89.98041
        ],
        [
            249.99785,
            249.74913,
            370.00113,
            89.90017,
            179.94002,
            89.980354
        ],
        [
            249.99767,
            249.74847,
            370.0005,
            89.90014,
            179.93723,
            89.980125
        ],
        [
            249.99718,
            249.74811,
            370.0043,
            89.90045,
            179.93622,
            89.980064
        ],
        [
            249.9948,
            249.74657,
            370.02408,
            89.899284,
            179.9353,
            89.98001
        ],
        [
            249.99338,
            249.7431,
            370.0657,
            89.89618,
            179.93356,
            89.97954
        ],
        [
            250.00203,
            249.7331,
            370.19028,
            89.89183,
            179.93129,
            89.97789
        ],
        [
            250.07288,
            249.71164,
            370.55685,
            89.88588,
            179.9308,
            89.97413
        ],
        [
            250.26529,
            249.68474,
            371.26395,
            89.88033,
            179.9315,
            89.96891
        ],
        [
            250.56207,
            249.68323,
            372.2325,
            89.87073,
            179.9395,
            89.967865
        ],
        [
            250.76639,
            249.69305,
            372.84357,
            89.87105,
            179.94797,
            89.96753
        ],
        [
            251.13849,
            249.7064,
            374.0585,
            89.878265,
            179.95642,
            89.96939
        ],
        [
            251.50925,
            249.70761,
            375.2532,
            89.882416,
            179.96329,
            89.969406
        ],
        [
            252.01057,
            249.7252,
            376.92184,
            89.879425,
            179.97673,
            89.974106
        ],
        [
            252.35536,
            249.73659,
            378.0359,
            89.87851,
            179.98413,
            89.97701
        ],
        [
            252.9751,
            249.7612,
            380.05344,
            89.88427,
            -179.99783,
            89.984535
        ],
        [
            253.50208,
            249.77095,
            381.7711,
            89.887825,
            -179.98338,
            89.98701
        ],
        [
            254.22366,
            249.77452,
            384.16678,
            89.89053,
            -179.9682,
            89.987236
        ],
        [
            254.93076,
            249.77211,
            386.51642,
            89.89219,
            -179.95338,
            89.98757
        ],
        [
            255.68922,
            249.76515,
            388.96783,
            89.882454,
            -179.94083,
            89.984726
        ],
        [
            256.43613,
            249.75937,
            391.4504,
            89.8852,
            -179.93373,
            89.98163
        ],
        [
            257.36807,
            249.76836,
            394.65588,
            89.89265,
            -179.91933,
            89.9852
        ],
        [
            258.11496,
            249.77174,
            397.15732,
            89.890366,
            -179.90276,
            89.98723
        ],
        [
            258.80515,
            249.76712,
            399.42923,
            89.893974,
            -179.88696,
            89.9851
        ],
        [
            260.26404,
            249.75734,
            404.263,
            89.88192,
            -179.85596,
            89.98252
        ],
        [
            261.17844,
            249.74483,
            407.2875,
            89.88647,
            -179.84294,
            89.97835
        ],
        [
            262.51694,
            249.74532,
            411.85312,
            89.89148,
            -179.82164,
            89.98089
        ],
        [
            263.83386,
            249.75023,
            416.18076,
            89.88387,
            -179.79042,
            89.981544
        ],
        [
            265.34125,
            249.74976,
            421.24182,
            89.88318,
            -179.7559,
            89.982086
        ],
        [
            266.405,
            249.7512,
            424.79312,
            89.892494,
            -179.74205,
            89.98132
        ],
        [
            267.50504,
            249.75201,
            428.6153,
            89.888145,
            -179.72186,
            89.988
        ],
        [
            268.62558,
            249.7694,
            432.44504,
            89.89297,
            -179.6969,
            89.997
        ],
        [
            269.58664,
            249.79106,
            435.63843,
            89.88883,
            -179.67027,
            90.006165
        ],
        [
            270.38278,
            249.81311,
            438.361,
            89.88941,
            -179.64926,
            90.01413
        ],
        [
            272.04437,
            249.83195,
            444.16394,
            89.88437,
            -179.615,
            90.0274
        ],
        [
            273.12836,
            249.81657,
            447.8313,
            89.89664,
            -179.59792,
            90.02355
        ],
        [
            274.12363,
            249.8146,
            451.04114,
            89.894135,
            -179.5794,
            90.02012
        ],
        [
            275.8156,
            249.81395,
            456.50653,
            89.878174,
            -179.53693,
            90.01724
        ],
        [
            277.16443,
            249.7988,
            460.97894,
            89.88241,
            -179.51427,
            90.010635
        ],
        [
            279.33414,
            249.76259,
            468.1957,
            89.895256,
            -179.48805,
            89.995804
        ],
        [
            281.39615,
            249.76099,
            474.97812,
            89.880745,
            -179.44464,
            89.992935
        ],
        [
            283.3394,
            249.73927,
            481.32986,
            89.88623,
            -179.41107,
            89.98104
        ],
        [
            284.45837,
            249.71883,
            485.10022,
            89.8872,
            -179.39609,
            89.97557
        ],
        [
            285.56332,
            249.70822,
            488.76944,
            89.89111,
            -179.3795,
            89.97181
        ],
        [
            286.73807,
            249.70226,
            492.64795,
            89.89343,
            -179.3564,
            89.96904
        ],
        [
            288.15402,
            249.68956,
            497.3401,
            89.88729,
            -179.32089,
            89.96584
        ],
        [
            289.37564,
            249.70335,
            501.3972,
            89.8873,
            -179.29816,
            89.96874
        ],
        [
            290.18802,
            249.69995,
            504.08728,
            89.890236,
            -179.2867,
            89.966675
        ],
        [
            291.19766,
            249.69292,
            507.35947,
            89.88246,
            -179.27182,
            89.96323
        ],
        [
            292.22318,
            249.69336,
            510.7982,
            89.87746,
            -179.25394,
