{
    "CMD": 1390,
    "motion_trajectory": [
        [
            259.1709,
            256.9631,
            382.71506,
            89.96665,
            178.62206,
            89.90226
        ],
        [
            259.1716,
            256.96304,
            382.71497,
            89.96665,
            178.622,
            89.90215
        ],
        [
            259.17325,
            256.963,
            382.71732,
            89.96774,
            178.6224,
            89.90186
        ],
        [
            259.17438,
            256.9627,
            382.72195,
            89.9689,
            178.62686,
            89.90187
        ],
        [
            259.18436,
            256.94583,
            382.76718,
            89.968956,
            178.62877,
            89.90024
        ],
        [
            259.2116,
            256.90826,
            382.85913,
            89.96857,
            178.6276,
            89.898056
        ],
        [
            259.3485,
            256.79242,
            383.19836,
            89.97066,
            178.62502,
            89.8951
        ],
        [
            259.59628,
            256.61597,
            383.73178,
            89.976364,
            178.61995,
            89.88884
        ],
        [
            259.77344,
            256.49652,
            384.1085,
            89.981766,
            178.61671,
            89.88615
        ],
        [
            259.956,
            256.3704,
            384.52347,
            89.98279,
            178.61363,
            89.88692
        ],
        [
            260.21866,
            256.20074,
            385.11584,
            89.98309,
            178.61487,
            89.890175
        ],
        [
            260.66107,
            255.89091,
            386.16953,
            89.98418,
            178.61981,
            89.89851
        ],
        [
            261.27777,
            255.44128,
            387.5521,
            89.97092,
            178.62308,
            89.89965
        ],
        [
            262.04007,
            254.88469,
            389.27173,
            89.95637,
            178.62523,
            89.903244
        ],
        [
            262.3807,
            254.62572,
            390.08286,
            89.955154,
            178.62944,
            89.90654
        ],
        [
            263.26086,
            253.95908,
            392.19266,
            89.96113,
            178.63503,
            89.9108
        ],
        [
            263.73,
            253.6026,
            393.32013,
            89.96047,
            178.6353,
            89.91143
        ],
        [
            264.18448,
            253.26624,
            394.3733,
            89.95756,
            178.63618,
            89.91307
        ],
        [
            265.87982,
            251.99031,
            398.2953,
            89.9532,
            178.63797,
            89.91545
        ],
        [
            266.44922,
            251.58241,
            399.5974,
            89.95348,
            178.63602,
            89.91596
        ],
        [
            267.75958,
            250.62044,
            402.61975,
            89.95775,
            178.63145,
            89.913925
        ],
        [
            269.0132,
            249.69089,
            405.44684,
            89.956085,
            178.62962,
            89.91195
        ],
        [
            269.69476,
            249.18922,
            406.98914,
            89.95246,
            178.63014,
            89.911064
        ],
        [
            270.46793,
            248.60835,
            408.80133,
            89.9577,
            178.62856,
            89.910736
        ],
        [
            271.27243,
            248.00565,
            410.7054,
            89.9643,
            178.62729,
            89.91187
        ],
        [
            272.73837,
            246.92183,
            414.11545,
            89.95727,
            178.63318,
            89.91596
        ],
        [
            273.45187,
            246.38638,
            415.78345,
            89.959526,
            178.63704,
            89.91539
        ],
        [
            275.23645,
            245.08379,
            419.8085,
            89.957924,
            178.64194,
            89.91163
        ],
        [
            276.01794,
            244.49837,
            421.6164,
            89.958405,
            178.64236,
            89.91123
        ],
        [
            276.9738,
            243.79793,
            423.7872,
            89.952255,
            178.64241,
            89.910095
        ],
        [
            277.97192,
            243.06746,
            426.10068,
            89.95766,
            178.64134,
            89.910286
        ],
        [
            278.78357,
            242.41286,
            428.13266,
            89.96173,
            178.64403,
            89.91415
        ],
        [
            279.7703,
            241.67952,
            430.43896,
            89.96304,
            178.6409,
            89.91574
        ],
        [
            281.93454,
            240.10391,
            435.294,
            89.96005,
            178.63686,
            89.90757
        ],
        [
            284.04034,
            238.5428,
            440.2019,
            89.95787,
            178.64177,
            89.9151
        ],
        [
            286.409,
            236.77399,
            445.76392,
            89.971054,
            178.64203,
            89.91466
        ],
        [
            287.08966,
            236.26991,
            447.32684,
            89.96898,
            178.64375,
            89.91286
        ],
        [
            289.10147,
            234.78976,
            451.8601,
            89.96301,
            178.65059,
            89.91017
        ],
        [
            290.16998,
            233.99425,
            454.33426,
            89.95981,
            178.65604,
            89.91244
        ],
        [
            291.40582,
            233.07372,
            457.17294,
            89.9622,
            178.6549,
            89.907486
        ],
        [
            292.59396,
            232.20587,
            459.88516,
            89.96536,
            178.65396,
            89.90455
        ],
        [
            295.04285,
            230.36844,
            465.69122,
            89.97135,
            178.65886,
            89.91232
        ],
        [
            297.14795,
            228.83437,
            470.39832,
            89.96839,
            178.65723,
            89.90335
        ],
        [
            299.15106,
            227.31802,
            475.08124,
            89.97073,
            178.66017,
            89.90421
        ],
        [
            301.14084,
            225.83823,
            479.71893,
            89.98181,
            178.66534,
            89.90299
        ],
        [
            302.97046,
            224.48447,
            483.89886,
            89.971,
            178.67854,
            89.90276
        ],
        [
            303.86688,
            223.83694,
            485.98282,
            89.97781,
            178.68231,
            89.904015
        ],
        [
            304.86758,
            223.10783,
            488.28564,
            89.97946,
            178.68547,
            89.9046
        ],
        [
            306.5793,
            221.82635,
            492.19116,
            89.971504,
            178.69107,
            89.90386
        ],
        [
            307.98114,
            220.7928,
            495.45505,
            89.97128,
            178.68808,
            89.90573
        ],
        [
            308.69083,
            220.25893,
            497.14932,
            89.981384,
            178.68427,
            89.90505
        ],
        [
