{
    "CMD": 1034,
    "motion_trajectory": [
        [
            310.0005,
            249.74951,
            220.0013,
            89.90012,
            179.94028,
            89.97959
        ],
        [
            310.00037,
            249.74994,
            220.00146,
            89.900215,
            179.94019,
            89.97969
        ],
        [
            309.99994,
            249.74997,
            220.00143,
            89.90011,
            179.94017,
            89.97973
        ],
        [
            310.00046,
            249.75012,
            220.00153,
            89.90025,
            179.9402,
            89.97974
        ],
        [
            310.0003,
            249.74962,
            220.00136,
            89.900116,
            179.94025,
            89.97964
        ],
        [
            310.00034,
            249.74979,
            220.00124,
            89.90016,
            179.94028,
            89.97969
        ],
        [
            310.00055,
            249.74777,
            220.00133,
            89.90046,
            179.94003,
            89.97904
        ],
        [
            310.0201,
            249.74605,
            219.99211,
            89.897675,
            179.941,
            89.9779
        ],
        [
            310.1879,
            249.7557,
            219.95784,
            89.89159,
            179.94574,
            89.97587
        ],
        [
            310.5864,
            249.77618,
            219.92696,
            89.89299,
            179.94708,
            89.9772
        ],
        [
            311.30978,
            249.7748,
            219.89944,
            89.89937,
            179.9479,
            89.977325
        ],
        [
            312.0116,
            249.75272,
            219.87009,
            89.89825,
            179.95091,
            89.97514
        ],
        [
            313.17957,
            249.73604,
            219.86044,
            89.89813,
            179.9583,
            89.97945
        ],
        [
            314.8934,
            249.71922,
            219.8666,
            89.90523,
            179.97496,
            89.98316
        ],
        [
            316.1129,
            249.7013,
            219.83548,
            89.90532,
            179.98541,
            89.98334
        ],
        [
            317.5323,
            249.67578,
            219.7862,
            89.89533,
            179.9981,
            89.983185
        ],
        [
            318.92575,
            249.66042,
            219.74994,
            89.88904,
            -179.9877,
            89.98263
        ],
        [
            321.1421,
            249.65518,
            219.69958,
            89.8847,
            -179.96959,
            89.98603
        ],
        [
            323.5548,
            249.6313,
            219.65666,
            89.88436,
            -179.94508,
            89.98948
        ],
        [
            326.22446,
            249.59436,
            219.59364,
            89.88431,
            -179.91904,
            89.99336
        ],
        [
            329.35892,
            249.54808,
            219.501,
            89.873146,
            -179.89331,
            89.99214
        ],
        [
            331.24976,
            249.53604,
            219.4693,
            89.87022,
            -179.88281,
            89.994736
        ],
        [
            333.07907,
            249.5057,
            219.42737,
            89.869,
            -179.8671,
            89.99114
        ],
        [
            336.74002,
            249.43835,
            219.36545,
            89.87571,
            -179.84183,
            89.98703
        ],
        [
            340.75455,
            249.39803,
            219.25858,
            89.861565,
            -179.81145,
            89.9916
        ],
        [
            345.5432,
            249.33115,
            219.17021,
            89.86469,
            -179.76735,
            89.98825
        ],
        [
            349.25583,
            249.29991,
            219.09645,
            89.86069,
            -179.73366,
            89.99611
        ],
        [
            354.0232,
            249.22252,
            218.96162,
            89.85428,
            -179.69763,
            89.989395
        ],
        [
            357.2833,
            249.17587,
            218.8768,
            89.850296,
            -179.6714,
            89.99049
        ],
        [
            362.9127,
            249.11227,
            218.78369,
            89.84628,
            -179.62993,
            89.99023
        ],
        [
            367.46442,
            249.04953,
            218.6864,
            89.8451,
            -179.59343,
            89.99271
        ],
        [
            376.5481,
            248.95157,
            218.47934,
            89.833954,
            -179.50957,
            89.99698
        ],
        [
            382.4005,
            248.88618,
            218.3716,
            89.83442,
            -179.46577,
            89.998344
        ],
        [
            388.50256,
            248.78697,
            218.22668,
            89.82874,
            -179.41875,
            89.99607
        ],
        [
            394.2875,
            248.70201,
            218.07777,
            89.82013,
            -179.37436,
            89.99146
        ],
        [
            399.72058,
            248.64212,
            217.94429,
            89.816246,
            -179.33145,
            89.99501
        ],
        [
            402.84296,
            248.60397,
            217.86583,
            89.81198,
            -179.30582,
            89.99421
        ],
        [
            408.94113,
            248.54085,
            217.748,
            89.80875,
            -179.25194,
            89.998634
        ],
        [
            414.33636,
            248.45145,
            217.59326,
            89.7937,
            -179.20271,
            89.99899
        ],
        [
            419.735,
            248.39748,
            217.50934,
            89.79952,
            -179.1611,
            89.9975
        ],
        [
            424.7076,
            248.3333,
            217.45535,
            89.79995,
            -179.12529,
            90.001755
        ],
        [
            429.66934,
            248.25546,
            217.42133,
            89.803215,
            -179.08643,
            89.99661
        ],
        [
            433.9771,
            248.22903,
            217.34569,
            89.80505,
            -179.05464,
            90.00414
        ],
        [
            438.5886,
            248.15147,
            217.23888,
            89.79903,
            -179.01637,
            89.996765
        ],
        [
            441.96295,
            248.11313,
            217.1117,
            89.78878,
            -178.98744,
            89.999626
        ],
        [
            445.2777,
            248.06543,
            217.03911,
            89.792046,
            -178.96037,
            89.99697
        ],
        [
            448.00305,
            248.03705,
            216.93872,
            89.77783,
            -178.9374,
            89.99853
        ],
        [
            450.94608,
            248.04103,
            216.84123,
            89.768616,
            -178.908,
            90.00916
        ],
        [
            452.86536,
            248.01471,
            216.78041,
            89.76859,
            -178.89024,
            90.00981
        ],
        [
            456.01767,
            247.95885,
            216.69131,
            89.76843,
            -178.86269,
            90.00674
        ],
        [
            458.80243,
            247.93858,
            216.59645,
            89.76048,
            -178.83797,
            90.01038
        ],
