{
    "CMD": 2100,
    "motion_trajectory": [
        [
            445.14838,
            247.69955,
            566.74225,
            89.76331,
            -178.52994,
            89.99943
        ],
        [
            445.14816,
            247.6995,
            566.74274,
            89.76341,
            -178.53,
            89.99941
        ],
        [
            445.14795,
            247.70006,
            566.7421,
            89.76338,
            -178.52997,
            89.99953
        ],
        [
            445.14804,
            247.69958,
            566.7426,
            89.76342,
            -178.53001,
            89.99944
        ],
        [
            445.14825,
            247.69966,
            566.742,
            89.76327,
            -178.52995,
            89.99947
        ],
        [
            445.14764,
            247.6999,
            566.743,
            89.763466,
            -178.52997,
            89.99949
        ],
        [
            445.14886,
            247.69725,
            566.7526,
            89.76815,
            -178.53354,
            89.99798
        ],
        [
            445.14746,
            247.69693,
            566.7653,
            89.7682,
            -178.53378,
            89.99796
        ],
        [
            445.1336,
            247.69429,
            566.8342,
            89.76542,
            -178.53462,
            89.999
        ],
        [
            445.1076,
            247.6814,
            567.1264,
            89.75856,
            -178.53769,
            89.999725
        ],
        [
            445.09158,
            247.66972,
            567.71936,
            89.746826,
            -178.53705,
            90.00138
        ],
        [
            445.10373,
            247.66565,
            568.2532,
            89.74355,
            -178.5374,
            90.001724
        ],
        [
            445.12073,
            247.65749,
            569.3541,
            89.74126,
            -178.5375,
            90.001335
        ],
        [
            445.14252,
            247.65314,
            570.2519,
            89.74068,
            -178.53603,
            90.00003
        ],
        [
            445.1511,
            247.66255,
            571.4811,
            89.74307,
            -178.53416,
            90.00065
        ],
        [
            445.1528,
            247.66985,
            572.2408,
            89.74707,
            -178.53093,
            90.001205
        ],
        [
            445.16507,
            247.67184,
            573.1499,
            89.746605,
            -178.53008,
            90.000336
        ],
        [
            445.1694,
            247.67136,
            573.95636,
            89.74704,
            -178.52946,
            89.99989
        ],
        [
            445.18286,
            247.66968,
            575.41675,
            89.75234,
            -178.52731,
            89.99889
        ],
        [
            445.1842,
            247.67488,
            576.43726,
            89.753624,
            -178.52568,
            89.99887
        ],
        [
            445.18805,
            247.69357,
            577.7221,
            89.75918,
            -178.52924,
            89.998024
        ],
        [
            445.17657,
            247.70163,
            578.43695,
            89.76378,
            -178.53003,
            89.998955
        ],
        [
            445.1601,
            247.70717,
            579.07074,
            89.764305,
            -178.52817,
            90.00077
        ],
        [
            445.1437,
            247.70721,
            579.3349,
            89.76547,
            -178.52814,
            90.001
        ],
        [
            445.1324,
            247.70886,
            579.6152,
            89.767876,
            -178.52922,
            90.00092
        ],
        [
            445.12833,
            247.71405,
            579.7236,
            89.76924,
            -178.53008,
            90.00106
        ],
        [
            445.13016,
            247.71379,
            579.7369,
            89.769104,
            -178.53026,
            90.00058
        ],
        [
            445.13507,
            247.71075,
            579.7444,
            89.76889,
            -178.53201,
            89.99928
        ],
        [
            445.13626,
            247.71013,
            579.74365,
            89.76872,
            -178.53223,
            89.99903
        ],
        [
            445.13687,
            247.70941,
            579.74347,
            89.76878,
            -178.53227,
            89.99892
        ],
        [
            445.13672,
            247.70972,
            579.74677,
            89.76888,
            -178.53246,
            89.998825
        ],
        [
            445.12115,
            247.71002,
            579.7653,
            89.770454,
            -178.53316,
            89.99856
        ],
        [
            445.03238,
            247.71036,
            579.80426,
            89.773346,
            -178.53339,
            89.99852
        ],
        [
            444.71597,
            247.70407,
            579.847,
            89.77355,
            -178.53535,
            89.99861
        ],
        [
            444.15414,
            247.7098,
            579.9049,
            89.776344,
            -178.53903,
            89.99925
        ],
        [
            443.29724,
            247.71788,
            579.95416,
            89.77904,
            -178.54489,
            89.99812
        ],
        [
            442.13605,
            247.73575,
            579.93054,
            89.775085,
            -178.55049,
            89.99896
        ],
        [
            440.74417,
            247.75333,
            579.8723,
            89.77143,
            -178.55165,
            89.99941
        ],
        [
            439.1317,
            247.76707,
            579.80896,
            89.766136,
            -178.55412,
            89.99706
        ],
        [
            437.23932,
            247.77467,
            579.7562,
            89.76239,
            -178.55731,
            89.99269
        ],
        [
            435.1089,
            247.80293,
            579.75507,
            89.7668,
            -178.5616,
            89.99045
        ],
        [
            432.56998,
            247.84048,
            579.7413,
            89.76739,
            -178.56793,
            89.99022
        ],
        [
            431.348,
            247.86356,
            579.7375,
            89.76962,
            -178.57156,
            89.9908
        ],
        [
            429.9734,
            247.88086,
            579.73645,
            89.77194,
            -178.57494,
            89.990486
        ],
        [
            426.5338,
            247.93213,
            579.718,
            89.7705,
            -178.5811,
            89.99107
        ],
        [
            423.4206,
            247.97903,
            579.74036,
            89.77531,
            -178.5878,
            89.99049
        ],
        [
            420.14914,
            248.02483,
            579.75,
            89.77951,
            -178.59456,
            89.98945
        ],
        [
            415.28494,
            248.07784,
            579.6909,
            89.774506,
            -178.60469,
            89.985405
        ],
        [
            410.543,
            248.1519,
            579.72253,
            89.78548,
            -178.61514,
            89.98626
        ],
        [
            406.02283,
            248.20891,
            579.8009,
            89.8003,
            -178.63214,
            89.98177
        ],
        [
            401.72827,
            248.27249,
            579.7806,
            89.79944,
            -178.63937,
            89.982414
        ],
