{
    "CMD": 1100,
    "motion_trajectory": [
        [
            249.99777,
            249.74928,
            370.00082,
            89.90019,
            179.9401,
            89.98041
        ],
        [
            249.99725,
            249.74936,
            370.00085,
            89.90014,
            179.94016,
            89.98045
        ],
        [
            249.99753,
            249.74945,
            370.00098,
            89.900185,
            179.94003,
            89.98045
        ],
        [
            249.99715,
            249.74866,
            370.00122,
            89.90046,
            179.93913,
            89.98016
        ],
        [
            249.99754,
            249.74825,
            370.00513,
            89.90056,
            179.93864,
            89.98007
        ],
        [
            249.9966,
            249.7468,
            370.02612,
            89.89943,
            179.9374,
            89.97991
        ],
        [
            250.00441,
            249.73708,
            370.15723,
            89.89403,
            179.93326,
            89.978035
        ],
        [
            250.0304,
            249.72922,
            370.3161,
            89.890854,
            179.93196,
            89.9764
        ],
        [
            250.08755,
            249.71678,
            370.57803,
            89.88834,
            179.93092,
            89.97415
        ],
        [
            250.23947,
            249.69398,
            371.1487,
            89.88477,
            179.93166,
            89.96951
        ],
        [
            250.48631,
            249.6931,
            371.9601,
            89.8747,
            179.93762,
            89.96886
        ],
        [
            250.93907,
            249.71017,
            373.42682,
            89.879074,
            179.95291,
            89.96981
        ],
        [
            251.33704,
            249.71156,
            374.72586,
            89.88447,
            179.95976,
            89.97009
        ],
        [
            251.60918,
            249.71149,
            375.60898,
            89.8828,
            179.96535,
            89.97091
        ],
        [
            251.88298,
            249.72186,
            376.525,
            89.8801,
            179.9727,
            89.97377
        ],
        [
            252.24258,
            249.73798,
            377.70218,
            89.879875,
            179.98138,
            89.977646
        ],
        [
            253.01857,
            249.7677,
            380.2152,
            89.88559,
            -179.99725,
            89.986305
        ],
        [
            253.60115,
            249.77797,
            382.12332,
            89.88962,
            -179.9819,
            89.988945
        ],
        [
            254.48706,
            249.78293,
            385.06802,
            89.89095,
            -179.9628,
            89.98972
        ],
        [
            255.28033,
            249.77477,
            387.6957,
            89.88833,
            -179.94766,
            89.98836
        ],
        [
            255.89597,
            249.77492,
            389.67026,
            89.88165,
            -179.93999,
            89.98646
        ],
        [
            256.88724,
            249.76915,
            393.0202,
            89.89229,
            -179.92686,
            89.984695
        ],
        [
            257.91022,
            249.77191,
            396.47806,
            89.891014,
            -179.90704,
            89.98809
        ],
        [
            258.5333,
            249.76526,
            398.54404,
            89.89183,
            -179.89247,
            89.98632
        ],
        [
            259.63596,
            249.7603,
            402.15927,
            89.88501,
            -179.86624,
            89.98441
        ],
        [
            260.98593,
            249.7469,
            406.645,
            89.88616,
            -179.84402,
            89.97931
        ],
        [
            262.30133,
            249.73875,
            411.09195,
            89.89312,
            -179.8264,
            89.97806
        ],
        [
            263.34384,
            249.74988,
            414.6178,
            89.8879,
            -179.80252,
            89.98225
        ],
        [
            264.44812,
            249.73964,
            418.20627,
            89.88441,
            -179.77563,
            89.97887
        ],
        [
            265.4541,
            249.74585,
            421.59537,
            89.882126,
            -179.75452,
            89.98074
        ],
        [
            266.83044,
            249.75153,
            426.25574,
            89.891014,
            -179.73555,
            89.98285
        ],
        [
            267.74112,
            249.75233,
            429.44904,
            89.886154,
            -179.71704,
            89.98958
        ],
        [
            269.2716,
            249.7864,
            434.59274,
            89.89117,
            -179.67986,
            90.002686
        ],
        [
            271.00577,
            249.81479,
            440.5435,
            89.88811,
            -179.63599,
            90.01744
        ],
        [
            272.5643,
            249.82707,
            445.88086,
            89.88819,
            -179.6085,
            90.02411
        ],
        [
            274.4919,
            249.8189,
            452.1662,
            89.89083,
            -179.57188,
            90.01782
        ],
        [
            276.55023,
            249.808,
            459.01318,
            89.87834,
            -179.52263,
            90.01577
        ],
        [
            278.5418,
            249.7705,
            465.53607,
            89.89397,
            -179.50017,
            89.99842
        ],
        [
            280.3085,
            249.74881,
            471.49026,
            89.88972,
            -179.468,
            89.99359
        ],
        [
            282.3601,
            249.74973,
            478.09625,
            89.888336,
            -179.42531,
            89.98632
        ],
        [
            284.24216,
            249.71957,
            484.3208,
            89.88358,
            -179.39801,
            89.97651
        ],
        [
            286.25504,
            249.70757,
            491.0372,
            89.89164,
            -179.36664,
            89.97026
        ],
        [
            287.88788,
            249.69115,
            496.4657,
            89.891045,
            -179.32805,
            89.96627
        ],
        [
            288.77557,
            249.6969,
            499.3431,
            89.87994,
            -179.30785,
            89.967926
        ],
        [
            289.92456,
            249.69641,
            503.1243,
            89.88498,
            -179.2903,
            89.96599
        ],
        [
            291.34094,
            249.68507,
            507.7761,
            89.88012,
            -179.26982,
            89.96055
        ],
        [
            292.56107,
            249.69305,
            511.94528,
            89.881645,
            -179.24861,
            89.961494
        ],
        [
            293.42233,
            249.69644,
            514.8951,
            89.89043,
            -179.22963,
            89.96199
        ],
        [
            295.06693,
            249.68564,
            520.2829,
            89.88579,
            -179.19801,
            89.95906
        ],
        [
            295.80035,
            249.69052,
            522.7052,
            89.88019,
            -179.1814,
            89.96087
        ],
        [
            297.27234,
            249.69632,
            527.65076,
            89.8777,
            -179.15654,
            89.96307
        ],
