{
    "CMD": 2090,
    "motion_trajectory": [
        [
            504.99542,
            250.64836,
            515.9257,
            89.79951,
            -178.62044,
            89.96865
        ],
        [
            504.99564,
            250.648,
            515.9263,
            89.79949,
            -178.62051,
            89.96862
        ],
        [
            505.00247,
            250.64395,
            516.011,
            89.792984,
            -178.62813,
            89.967674
        ],
        [
            504.96014,
            250.61472,
            518.4416,
            89.77438,
            -178.64038,
            89.970764
        ],
        [
            505.00473,
            250.62172,
            523.6203,
            89.79543,
            -178.62137,
            89.97178
        ],
        [
            505.0052,
            250.63438,
            528.2619,
            89.7963,
            -178.62286,
            89.96638
        ],
        [
            505.01205,
            250.64172,
            528.9041,
            89.79667,
            -178.62073,
            89.96584
        ],
        [
            505.00916,
            250.64577,
            528.9074,
            89.79771,
            -178.62059,
            89.96618
        ],
        [
            504.28363,
            250.62912,
            529.0809,
            89.808754,
            -178.62288,
            89.96586
        ],
        [
            499.59387,
            250.66121,
            529.09924,
            89.7937,
            -178.6255,
            89.965675
        ],
        [
            492.1751,
            250.71304,
            529.1591,
            89.78708,
            -178.62477,
            89.96416
        ],
        [
            481.91238,
            250.78093,
            529.43695,
            89.798874,
            -178.62303,
            89.96185
        ],
        [
            469.70135,
            250.87042,
            529.72797,
            89.79427,
            -178.62029,
            89.96303
        ],
        [
            454.9191,
            250.95938,
            530.05725,
            89.78483,
            -178.6216,
            89.95998
        ],
        [
            436.24768,
            251.08202,
            530.52374,
            89.7935,
            -178.6208,
            89.957855
        ],
        [
            413.91962,
            251.254,
            531.053,
            89.79099,
            -178.61317,
            89.96365
        ],
        [
            390.68106,
            251.42331,
            531.63165,
            89.79188,
            -178.62598,
            89.95982
        ],
        [
            367.25104,
            251.59962,
            532.2617,
            89.80141,
            -178.63577,
            89.95588
        ],
        [
            347.96808,
            251.77592,
            532.70435,
            89.795746,
            -178.62375,
            89.964554
        ],
        [
            330.67432,
            251.89366,
            533.10645,
            89.795815,
            -178.63087,
            89.962906
        ],
        [
            318.4263,
            251.98424,
            533.3998,
            89.792336,
            -178.62833,
            89.960594
        ],
        [
            309.98923,
            252.07585,
            533.6118,
            89.79088,
            -178.62523,
            89.970634
        ],
        [
            303.91052,
            252.1047,
            533.752,
            89.791756,
            -178.63371,
            89.9644
        ],
        [
            300.4118,
            252.12701,
            533.8746,
            89.80013,
            -178.63785,
            89.962616
        ],
        [
            299.92883,
            252.14633,
            533.9073,
            89.802,
            -178.63385,
            89.96396
        ]
    ]
}