{
    "CMD": 1100,
    "motion_trajectory": [
        [
            320.39142,
            210.48016,
            574.7712,
            89.96999,
            178.65956,
            89.909744
        ],
        [
            320.39175,
            210.4802,
            574.77124,
            89.96999,
            178.6595,
            89.909744
        ],
        [
            320.39148,
            210.47983,
            574.7715,
            89.96998,
            178.6595,
            89.90967
        ],
        [
            320.39398,
            210.47879,
            574.7779,
            89.97168,
            178.65814,
            89.90915
        ],
        [
            320.39966,
            210.47499,
            574.7905,
            89.97429,
            178.6556,
            89.90724
        ],
        [
            320.4052,
            210.47986,
            574.8059,
            89.97697,
            178.65228,
            89.90526
        ],
        [
            320.4018,
            210.51292,
            574.8244,
            89.97941,
            178.65207,
            89.903725
        ],
        [
            320.36807,
            210.64398,
            574.85315,
            89.98292,
            178.65721,
            89.90272
        ],
        [
            320.34262,
            210.74382,
            574.8615,
            89.983986,
            178.6626,
            89.902374
        ],
        [
            320.31296,
            210.83409,
            574.859,
            89.98533,
            178.66821,
            89.903755
        ],
        [
            320.23587,
            211.12653,
            574.83887,
            89.98928,
            178.68828,
            89.903175
        ],
        [
            320.1316,
            211.59361,
            574.7702,
            89.98931,
            178.72507,
            89.90125
        ],
        [
            320.03967,
            211.9292,
            574.7314,
            89.989426,
            178.75032,
            89.90196
        ],
        [
            319.97974,
            212.1686,
            574.70496,
            89.987015,
            178.76443,
            89.90143
        ],
        [
            319.90857,
            212.42722,
            574.6634,
            89.98616,
            178.78406,
            89.90179
        ],
        [
            319.81757,
            212.76767,
            574.6066,
            89.98326,
            178.80824,
            89.90307
        ],
        [
            319.6242,
            213.47725,
            574.4989,
            89.977196,
            178.8562,
            89.90564
        ],
        [
            319.4489,
            214.0988,
            574.436,
            89.97562,
            178.89075,
            89.90399
        ],
        [
            319.22968,
            214.90446,
            574.33215,
            89.96964,
            178.9337,
            89.90395
        ],
        [
            318.9874,
            215.82652,
            574.17303,
            89.962,
            178.98883,
            89.90523
        ],
        [
            318.70926,
            216.79794,
            574.02356,
            89.957436,
            179.05711,
            89.90665
        ],
        [
            318.43802,
            217.82106,
            573.8693,
            89.95381,
            179.12546,
            89.90865
        ],
        [
            318.14896,
            218.91179,
            573.7132,
            89.94676,
            179.18951,
            89.91171
        ],
        [
            317.80515,
            220.2194,
            573.5788,
            89.943634,
            179.26248,
            89.91321
        ],
        [
            317.53174,
            221.26236,
            573.4741,
            89.94524,
            179.33136,
            89.913956
        ],
        [
            317.26697,
            222.33232,
            573.35596,
            89.94554,
            179.39929,
            89.91409
        ],
        [
            317.078,
            223.08324,
            573.2817,
            89.94753,
            179.44473,
            89.916534
        ],
        [
            316.87906,
            223.88695,
            573.17365,
            89.94342,
            179.48991,
            89.91581
        ],
        [
            316.45358,
            225.38731,
            572.9698,
            89.935524,
            179.58333,
            89.921486
        ],
        [
            316.22946,
            226.22636,
            572.8576,
            89.93011,
            179.63918,
            89.92212
        ],
        [
            315.8018,
            227.7649,
            572.6507,
            89.92546,
            179.73912,
            89.92672
        ],
        [
            315.64236,
            228.38945,
            572.5685,
            89.92355,
            179.77524,
            89.925735
        ],
        [
            315.40933,
            229.24902,
            572.4579,
            89.92204,
            179.82504,
            89.927345
        ],
        [
            315.196,
            230.02835,
            572.38855,
            89.92209,
            179.86774,
            89.92692
        ],
        [
            314.9957,
            230.78636,
            572.29395,
            89.91874,
            179.91466,
            89.929726
        ],
        [
            314.78897,
            231.57825,
            572.2045,
            89.91553,
            179.96555,
            89.93259
        ],
        [
            314.57242,
            232.40077,
            572.1045,
            89.912895,
            -179.97984,
            89.93505
        ],
        [
            314.17365,
            233.99152,
            571.90784,
            89.91234,
            -179.88156,
            89.93721
        ],
        [
            313.75317,
            235.6132,
            571.7106,
            89.90853,
            -179.78574,
            89.938896
        ],
        [
            313.3865,
            236.96788,
            571.52,
            89.89873,
            -179.69699,
            89.94312
        ],
        [
            313.00287,
            238.38373,
            571.33374,
            89.89072,
            -179.60751,
            89.94689
        ],
        [
            312.66464,
            239.66687,
            571.1738,
            89.886856,
            -179.5328,
            89.94917
        ],
        [
            312.32257,
            240.87315,
            571.03864,
            89.88849,
            -179.46188,
            89.95181
        ],
        [
            312.20175,
            241.34557,
            570.98737,
            89.88863,
            -179.43443,
            89.94984
        ],
        [
            312.0416,
            241.95163,
            570.92053,
            89.88695,
            -179.3974,
            89.951706
        ],
        [
            311.90094,
            242.45871,
            570.86566,
            89.88549,
            -179.3657,
            89.95379
        ],
        [
            311.75534,
            243.0227,
            570.79816,
            89.88374,
            -179.32712,
            89.95591
        ],
        [
            311.65033,
            243.47668,
            570.7475,
            89.881805,
            -179.29819,
            89.95677
        ],
        [
            311.43604,
            244.32133,
            570.6413,
            89.87882,
            -179.24341,
            89.956055
        ],
        [
            311.30795,
            244.79216,
            570.5822,
            89.87718,
            -179.21379,
            89.95956
        ],
        [
            311.19028,
            245.23619,
            570.53455,
            89.878174,
            -179.18878,
            89.9608
        ],
        [
