{
    "CMD": 1100,
    "motion_trajectory": [
        [
            259.17184,
            256.96262,
            382.715,
            89.96659,
            178.61916,
            89.901985
        ],
        [
            259.17184,
            256.96262,
            382.715,
            89.96659,
            178.61916,
            89.901985
        ],
        [
            259.17145,
            256.96228,
            382.71497,
            89.966545,
            178.61923,
            89.90193
        ],
        [
            259.17178,
            256.9627,
            382.71527,
            89.96668,
            178.61919,
            89.901924
        ],
        [
            259.1713,
            256.9628,
            382.71524,
            89.966644,
            178.61926,
            89.90202
        ],
        [
            259.17184,
            256.96262,
            382.715,
            89.96659,
            178.61926,
            89.901985
        ],
        [
            259.1737,
            256.96286,
            382.72113,
            89.969406,
            178.61963,
            89.90175
        ],
        [
            259.17343,
            256.9623,
            382.7266,
            89.96923,
            178.6198,
            89.90176
        ],
        [
            259.1721,
            256.96115,
            382.73914,
            89.96948,
            178.62015,
            89.90168
        ],
        [
            259.16656,
            256.9555,
            382.7951,
            89.96903,
            178.62228,
            89.90151
        ],
        [
            259.17224,
            256.9446,
            382.88025,
            89.96766,
            178.62082,
            89.900024
        ],
        [
            259.21252,
            256.92987,
            383.0673,
            89.96624,
            178.62083,
            89.897705
        ],
        [
            259.26584,
            256.91403,
            383.29007,
            89.96871,
            178.62115,
            89.89559
        ],
        [
            259.3616,
            256.89896,
            383.62375,
            89.972336,
            178.62247,
            89.8929
        ],
        [
            259.45752,
            256.8917,
            383.94968,
            89.97596,
            178.62457,
            89.89173
        ],
        [
            259.61725,
            256.87698,
            384.48972,
            89.979004,
            178.63101,
            89.89102
        ],
        [
            259.74344,
            256.8638,
            384.89777,
            89.977615,
            178.63808,
            89.89026
        ],
        [
            259.94046,
            256.83957,
            385.52997,
            89.98033,
            178.64828,
            89.887985
        ],
        [
            260.22464,
            256.8021,
            386.4488,
            89.980316,
            178.66208,
            89.88495
        ],
        [
            260.5208,
            256.76468,
            387.48987,
            89.97085,
            178.6778,
            89.886406
        ],
        [
            260.85544,
            256.7271,
            388.6908,
            89.95777,
            178.69696,
            89.88985
        ],
        [
            261.1131,
            256.70123,
            389.63626,
            89.95182,
            178.71602,
            89.89324
        ],
        [
            261.63455,
            256.631,
            391.68286,
            89.95217,
            178.74881,
            89.89922
        ],
        [
            261.9348,
            256.58484,
            392.80704,
            89.956566,
            178.76413,
            89.900185
        ],
        [
            262.2113,
            256.542,
            393.89276,
            89.95512,
            178.7773,
            89.902885
        ],
        [
            262.6193,
            256.49295,
            395.4493,
            89.950134,
            178.79552,
            89.90862
        ],
        [
            262.90765,
            256.45444,
            396.5383,
            89.94585,
            178.80939,
            89.91143
        ],
        [
            263.28226,
            256.40228,
            397.95242,
            89.9455,
            178.82913,
            89.914314
        ],
        [
            263.6356,
            256.34616,
            399.2668,
            89.94746,
            178.84212,
            89.914154
        ],
        [
            264.0501,
            256.28262,
            400.76855,
            89.94799,
            178.85823,
            89.91284
        ],
        [
            264.44165,
            256.22543,
            402.1793,
            89.946396,
            178.87543,
            89.91212
        ],
        [
            264.891,
            256.16223,
            403.83182,
            89.94452,
            178.89636,
            89.91373
        ],
        [
            265.31265,
            256.1042,
            405.35535,
            89.94396,
            178.92067,
            89.91426
        ],
        [
            266.0467,
            256.00906,
            408.03403,
            89.94117,
            178.95927,
            89.91569
        ],
        [
            266.4622,
            255.9469,
            409.5614,
            89.940765,
            178.97983,
            89.91491
        ],
        [
            266.98178,
            255.86351,
            411.52618,
            89.94474,
            179.00331,
            89.91469
        ],
        [
            267.42056,
            255.7955,
            413.20148,
            89.94658,
            179.02612,
            89.916115
        ],
        [
            267.98926,
            255.71706,
            415.29034,
            89.941315,
            179.05089,
            89.91775
        ],
        [
            268.59183,
            255.62407,
            417.48737,
            89.93797,
            179.07674,
            89.917206
        ],
        [
            269.16205,
            255.54523,
            419.62408,
            89.94116,
            179.106,
            89.91931
        ],
        [
            269.6398,
            255.48607,
            421.3938,
            89.93861,
            179.13298,
            89.92284
        ],
        [
            270.43256,
            255.3819,
            424.30432,
            89.9329,
            179.17567,
            89.92582
        ],
        [
            271.14993,
            255.27432,
            427.01398,
            89.93584,
            179.21451,
            89.9274
        ],
        [
            271.7215,
            255.1944,
            429.13947,
            89.93717,
            179.23991,
            89.92897
        ],
        [
            272.45505,
            255.08153,
            431.89557,
            89.93941,
            179.27293,
            89.92976
        ],
        [
            273.07034,
            254.98392,
            434.22928,
            89.9412,
            179.30154,
            89.93079
        ],
        [
            274.72604,
            254.76056,
            440.19626,
            89.934074,
            179.38129,
            89.93156
        ],
        [
            275.4217,
            254.6642,
            442.78183,
            89.92854,
            179.4196,
            89.93422
        ],
        [
            276.96332,
            254.45332,
            448.4962,
            89.93012,
            179.49704,
            89.94184
        ],
        [
            277.7171,
            254.34338,
            451.45465,
            89.92911,
            179.53658,
            89.95071
        ],
        [
            278.57178,
            254.22968,
            454.68918,
            89.930595,
            179.58014,
            89.95839
        ],
        [
            279.65863,
