{
    "CMD": 2040,
    "motion_trajectory": [
        [
            414.00458,
            247.77951,
            266.54495,
            89.73202,
            -178.71033,
            90.01907
        ],
        [
            414.00464,
            247.77965,
            266.54462,
            89.731964,
            -178.71033,
            90.01913
        ],
        [
            414.00433,
            247.77924,
            266.5448,
            89.731804,
            -178.71033,
            90.01902
        ],
        [
            414.00464,
            247.77956,
            266.54492,
            89.73186,
            -178.71039,
            90.01913
        ],
        [
            414.00452,
            247.77913,
            266.5448,
            89.731804,
            -178.71033,
            90.01903
        ],
        [
            414.0048,
            247.77895,
            266.54492,
            89.73184,
            -178.71034,
            90.01907
        ],
        [
            414.0043,
            247.77922,
            266.54416,
            89.73159,
            -178.71037,
            90.01909
        ],
        [
            414.00183,
            247.77881,
            266.54333,
            89.73143,
            -178.71198,
            90.01885
        ],
        [
            414.00076,
            247.77878,
            266.5444,
            89.73133,
            -178.71593,
            90.01882
        ],
        [
            413.99994,
            247.77849,
            266.5631,
            89.72991,
            -178.71693,
            90.01878
        ],
        [
            414.00348,
            247.77843,
            266.72223,
            89.72407,
            -178.7202,
            90.01871
        ],
        [
            414.01526,
            247.78049,
            267.16238,
            89.72505,
            -178.72746,
            90.01853
        ],
        [
            414.0257,
            247.78165,
            267.57138,
            89.727554,
            -178.73013,
            90.01828
        ],
        [
            414.04114,
            247.78365,
            268.42462,
            89.72866,
            -178.73396,
            90.017975
        ],
        [
            414.05643,
            247.7862,
            269.67255,
            89.73071,
            -178.73277,
            90.017685
        ],
        [
            414.06485,
            247.78683,
            270.63116,
            89.731735,
            -178.72992,
            90.01742
        ],
        [
            414.0643,
            247.78717,
            271.80063,
            89.73377,
            -178.72514,
            90.01744
        ],
        [
            414.0673,
            247.78754,
            273.36484,
            89.73815,
            -178.72023,
            90.01732
        ],
        [
            414.06564,
            247.7872,
            274.83597,
            89.74003,
            -178.71678,
            90.017395
        ],
        [
            414.06137,
            247.78673,
            275.6988,
            89.744286,
            -178.71596,
            90.017456
        ],
        [
            414.0616,
            247.78711,
            276.48035,
            89.744514,
            -178.71431,
            90.01764
        ],
        [
            414.05594,
            247.78732,
            277.46417,
            89.74349,
            -178.71281,
            90.01812
        ],
        [
            414.0494,
            247.7864,
            278.43777,
            89.74036,
            -178.71196,
            90.01846
        ],
        [
            414.04352,
            247.7857,
            278.79678,
            89.737175,
            -178.7117,
            90.01869
        ],
        [
            414.03616,
            247.78505,
            279.0782,
            89.73569,
            -178.71156,
            90.0189
        ],
        [
            414.02557,
            247.78313,
            279.39224,
            89.73825,
            -178.7109,
            90.018936
        ],
        [
            414.0106,
            247.7807,
            279.52475,
            89.736115,
            -178.7093,
            90.01905
        ],
        [
            413.99884,
            247.77945,
            279.52267,
            89.73158,
            -178.70853,
            90.01926
        ],
        [
            413.99478,
            247.77805,
            279.5181,
            89.73027,
            -178.70831,
            90.019196
        ],
        [
            413.99365,
            247.77808,
            279.5174,
            89.7301,
            -178.70839,
            90.019196
        ],
        [
            413.99356,
            247.77783,
            279.51547,
            89.72994,
            -178.70828,
            90.0192
        ],
        [
            413.99356,
            247.77783,
            279.5151,
            89.7299,
            -178.70816,
            90.0192
        ],
        [
            413.98135,
            247.77599,
            279.5128,
            89.72836,
            -178.70804,
            90.01923
        ],
        [
            413.89996,
            247.76566,
            279.49103,
            89.71965,
            -178.70634,
            90.01964
        ],
        [
            413.5522,
            247.74211,
            279.4449,
            89.7022,
            -178.70152,
            90.02037
        ],
        [
            413.26913,
            247.7349,
            279.43124,
            89.69669,
            -178.70036,
            90.02038
        ],
        [
            412.93472,
            247.72981,
            279.4224,
            89.69133,
            -178.70087,
            90.02016
        ],
        [
            412.07996,
            247.74916,
            279.45544,
            89.69365,
            -178.7077,
            90.021484
        ],
        [
            410.85834,
            247.7887,
            279.54306,
            89.70647,
            -178.72363,
            90.02413
        ],
        [
            409.54327,
            247.82082,
            279.6212,
            89.72277,
            -178.74179,
            90.02539
        ],
        [
            408.78296,
            247.83502,
            279.644,
            89.7285,
            -178.75107,
            90.02558
        ],
        [
            406.6846,
            247.85498,
            279.7031,
            89.734184,
            -178.7784,
            90.01983
        ],
        [
            404.65466,
            247.8783,
            279.78763,
            89.74088,
            -178.80576,
            90.012024
        ],
        [
            402.42307,
            247.92668,
            279.8563,
            89.74506,
            -178.83557,
            90.01135
        ],
        [
            400.01462,
            247.96732,
            279.9297,
            89.74901,
            -178.86667,
            90.00776
        ],
        [
            397.16092,
            248.02519,
            279.99847,
            89.75182,
            -178.90202,
            90.0063
        ],
        [
            394.14838,
            248.0761,
            280.07687,
            89.75631,
            -178.93909,
            90.004845
        ],
        [
            390.7709,
            248.14903,
            280.18845,
            89.76364,
            -178.98398,
            90.01054
        ],
        [
            387.43445,
            248.1994,
            280.29776,
            89.76622,
            -179.02458,
            90.00574
        ],
        [
            383.4834,
            248.25502,
            280.43002,
            89.7745,
            -179.07109,
            90.00076
        ],
        [
            379.17377,
            248.34099,
            280.55228,
            89.78328,
            -179.12564,
