{
    "CMD": 1091,
    "motion_trajectory": [
        [
            309.99817,
            252.11061,
            520.9208,
            89.790375,
            -178.62975,
            89.96049
        ],
        [
            309.99835,
            252.11034,
            520.9203,
            89.790344,
            -178.62967,
            89.960434
        ],
        [
            309.99835,
            252.11037,
            520.9208,
            89.790375,
            -178.62975,
            89.96044
        ],
        [
            309.9987,
            252.11029,
            520.92065,
            89.790375,
            -178.62976,
            89.96039
        ],
        [
            309.99832,
            252.11066,
            520.9205,
            89.79033,
            -178.62962,
            89.96049
        ],
        [
            310.00308,
            252.11098,
            520.92804,
            89.79159,
            -178.63004,
            89.96
        ],
        [
            310.0169,
            252.11389,
            520.94586,
            89.79409,
            -178.63092,
            89.95979
        ],
        [
            310.09668,
            252.11324,
            521.0024,
            89.802765,
            -178.63483,
            89.957054
        ],
        [
            310.19257,
            252.10492,
            521.03723,
            89.80905,
            -178.63776,
            89.95478
        ],
        [
            310.3467,
            252.09001,
            521.0676,
            89.8163,
            -178.63832,
            89.95262
        ],
        [
            310.5869,
            252.07483,
            521.0659,
            89.819626,
            -178.637,
            89.9508
        ],
        [
            310.89035,
            252.05806,
            521.04504,
            89.820404,
            -178.63672,
            89.94812
        ],
        [
            311.29657,
            252.04492,
            520.99927,
            89.816765,
            -178.63536,
            89.946556
        ],
        [
            311.7104,
            252.04062,
            520.9442,
            89.811844,
            -178.63335,
            89.94696
        ],
        [
            312.25598,
            252.03883,
            520.8859,
            89.809044,
            -178.62982,
            89.9489
        ],
        [
            313.52548,
            252.03012,
            520.7803,
            89.80456,
            -178.6266,
            89.952354
        ],
        [
            314.96472,
            252.00307,
            520.7076,
            89.80284,
            -178.62778,
            89.95316
        ],
        [
            315.70984,
            252.00041,
            520.6571,
            89.800545,
            -178.62679,
            89.95632
        ],
        [
            316.5998,
            251.99254,
            520.61536,
            89.79962,
            -178.62967,
            89.95911
        ],
        [
            317.53217,
            251.97725,
            520.56024,
            89.79653,
            -178.63046,
            89.960266
        ],
        [
            318.5507,
            251.96579,
            520.50653,
            89.796104,
            -178.63078,
            89.962715
        ],
        [
            319.56717,
            251.95659,
            520.46094,
            89.79709,
            -178.63095,
            89.966515
        ],
        [
            320.8127,
            251.93288,
            520.38116,
            89.7937,
            -178.62997,
            89.967476
        ],
        [
            321.91324,
            251.91353,
            520.3039,
            89.79192,
            -178.62729,
            89.96882
        ],
        [
            323.18185,
            251.88347,
            520.2365,
            89.793076,
            -178.6246,
            89.969055
        ],
        [
            326.0697,
            251.81999,
            520.08795,
            89.79371,
            -178.62486,
            89.96851
        ],
        [
            327.27957,
            251.7996,
            520.03876,
            89.795975,
            -178.62474,
            89.96892
        ],
        [
            328.63095,
            251.76749,
            519.97156,
            89.79598,
            -178.62521,
            89.96783
        ],
        [
            330.52686,
            251.74367,
            519.85876,
            89.79472,
            -178.62239,
            89.970924
        ],
        [
            333.4169,
            251.685,
            519.70276,
            89.79555,
            -178.62473,
            89.96835
        ],
        [
            334.54706,
            251.65636,
            519.6501,
            89.796326,
            -178.62604,
            89.96645
        ],
        [
            336.65262,
            251.60869,
            519.53046,
            89.79435,
            -178.62935,
            89.96435
        ],
        [
            340.1697,
            251.53806,
            519.32745,
            89.79305,
            -178.63025,
            89.964554
        ],
        [
            344.4181,
            251.4404,
            519.1016,
            89.796745,
            -178.63048,
            89.96348
        ],
        [
            346.17557,
            251.39711,
            519.00665,
            89.79599,
            -178.63077,
            89.9631
        ],
        [
            348.7707,
            251.32971,
            518.8922,
            89.79681,
            -178.63542,
            89.958755
        ],
        [
            350.25482,
            251.30492,
            518.8112,
            89.7949,
            -178.63647,
            89.959694
        ],
        [
            352.41498,
            251.25769,
            518.66833,
            89.78831,
            -178.63724,
            89.95841
        ],
        [
            354.22586,
            251.23187,
            518.55774,
            89.7875,
            -178.63382,
            89.96158
        ],
        [
            356.1523,
            251.18753,
            518.4564,
            89.783875,
            -178.63484,
            89.95864
        ],
        [
            358.31775,
            251.13802,
            518.3496,
            89.783165,
            -178.63663,
            89.957184
        ],
        [
            361.93814,
            251.06586,
            518.1282,
            89.7753,
            -178.63548,
            89.95682
        ],
        [
            363.43515,
            251.03209,
            518.0256,
            89.77287,
            -178.63237,
            89.95733
        ],
        [
            364.98477,
            251.00812,
            517.93054,
            89.772575,
            -178.62967,
            89.95928
        ],
        [
            366.55685,
            250.96877,
            517.84705,
            89.77267,
            -178.6283,
            89.957756
        ],
        [
            369.5815,
            250.90044,
            517.7019,
            89.77663,
            -178.62517,
            89.95694
        ],
        [
            372.41833,
            250.84363,
            517.5541,
            89.7787,
            -178.62408,
            89.957756
        ],
        [
            374.85794,
            250.8018,
            517.4325,
            89.78264,
            -178.62215,
            89.95797
        ],
        [
            377.05807,
            250.75058,
            517.31134,
            89.781334,
            -178.62376,
            89.9549
        ],
        [
            379.1174,
            250.71825,
            517.18024,
            89.77909,
            -178.62306,
            89.95531
        ],
        [
            380.09683,
            250.69232,
            517.12506,
            89.77801,
            -178.62415,
