{
    "CMD": 1102,
    "motion_trajectory": [
        [
            309.99948,
            249.71196,
            569.9896,
            89.87025,
            -178.90996,
            89.960335
        ],
        [
            310.0002,
            249.71217,
            569.99,
            89.87027,
            -178.90997,
            89.96029
        ],
        [
            309.9996,
            249.71182,
            569.9898,
            89.870285,
            -178.90994,
            89.96028
        ],
        [
            310.0011,
            249.7113,
            569.99365,
            89.87132,
            -178.90987,
            89.95984
        ],
        [
            310.00848,
            249.712,
            569.99457,
            89.87291,
            -178.90982,
            89.95919
        ],
        [
            310.02512,
            249.71347,
            569.98676,
            89.871735,
            -178.90979,
            89.958984
        ],
        [
            310.05515,
            249.72186,
            569.97955,
            89.87169,
            -178.9096,
            89.96042
        ],
        [
            310.12393,
            249.74094,
            569.9864,
            89.8759,
            -178.9088,
            89.96419
        ],
        [
            310.27298,
            249.76064,
            569.9997,
            89.8818,
            -178.90707,
            89.9682
        ],
        [
            310.47943,
            249.76596,
            570.0088,
            89.88669,
            -178.90506,
            89.96903
        ],
        [
            310.84177,
            249.74734,
            570.0228,
            89.89106,
            -178.90347,
            89.96517
        ],
        [
            311.20963,
            249.72415,
            570.0217,
            89.891525,
            -178.90256,
            89.96066
        ],
        [
            311.70886,
            249.6967,
            570.01184,
            89.88994,
            -178.89987,
            89.95632
        ],
        [
            312.2045,
            249.67513,
            570.0016,
            89.88802,
            -178.89882,
            89.953476
        ],
        [
            313.05377,
            249.64854,
            569.991,
            89.887634,
            -178.89719,
            89.95249
        ],
        [
            314.26282,
            249.6313,
            569.9747,
            89.887695,
            -178.89444,
            89.95668
        ],
        [
            314.88132,
            249.6242,
            569.9468,
            89.88417,
            -178.89355,
            89.958595
        ],
        [
            316.53473,
            249.61626,
            569.87775,
            89.87949,
            -178.88858,
            89.9657
        ],
        [
            317.5227,
            249.60266,
            569.835,
            89.87713,
            -178.88432,
            89.968605
        ],
        [
            318.48438,
            249.5875,
            569.7954,
            89.87352,
            -178.88216,
            89.96967
        ],
        [
            319.5343,
            249.56447,
            569.77484,
            89.874535,
            -178.87973,
            89.969345
        ],
        [
            320.6631,
            249.54411,
            569.746,
            89.87681,
            -178.87424,
            89.96948
        ],
        [
            321.83078,
            249.53337,
            569.6994,
            89.87513,
            -178.87074,
            89.97139
        ],
        [
            323.05594,
            249.5093,
            569.6495,
            89.87165,
            -178.8684,
            89.97205
        ],
        [
            324.33493,
            249.49538,
            569.6002,
            89.869896,
            -178.86523,
            89.974236
        ],
        [
            325.93118,
            249.45905,
            569.54834,
            89.86943,
            -178.8588,
            89.97362
        ],
        [
            328.84952,
            249.39876,
            569.4636,
            89.86753,
            -178.84961,
            89.97231
        ],
        [
            331.09656,
            249.35042,
            569.4049,
            89.866165,
            -178.84053,
            89.9719
        ],
        [
            334.55984,
            249.27748,
            569.297,
            89.863785,
            -178.82391,
            89.97318
        ],
        [
            336.44827,
            249.24352,
            569.2211,
            89.85851,
            -178.81535,
            89.974945
        ],
        [
            340.4491,
            249.18,
            569.07227,
            89.84722,
            -178.79576,
            89.97884
        ],
        [
            342.52448,
            249.14456,
            569.0194,
            89.8458,
            -178.78822,
            89.97971
        ],
        [
            346.88577,
            249.05788,
            568.88635,
            89.84179,
            -178.77559,
            89.980705
        ],
        [
            349.30948,
            249.00723,
            568.8161,
            89.839775,
            -178.7681,
            89.979836
        ],
        [
            351.52252,
            248.96634,
            568.75006,
            89.8384,
            -178.76192,
            89.97955
        ],
        [
            356.4176,
            248.86641,
            568.5644,
            89.832954,
            -178.74712,
            89.97808
        ],
        [
            360.99835,
            248.78485,
            568.40186,
            89.82845,
            -178.72891,
            89.98093
        ],
        [
            365.71457,
            248.6839,
            568.3163,
            89.83553,
            -178.71341,
            89.97868
        ],
        [
            370.24344,
            248.58842,
            568.14655,
            89.8278,
            -178.69547,
            89.97765
        ],
        [
            372.49057,
            248.55568,
            568.08875,
            89.827705,
            -178.68599,
            89.97923
        ],
        [
            374.73584,
            248.50415,
            568.03406,
            89.82781,
            -178.67548,
            89.97845
        ],
        [
            376.8585,
            248.4613,
            567.9702,
            89.82461,
            -178.66678,
            89.97908
        ],
        [
            379.2338,
            248.41524,
            567.84485,
            89.8142,
            -178.65358,
            89.980705
        ],
        [
            381.1627,
            248.39415,
            567.7432,
            89.8069,
            -178.64413,
            89.98506
        ],
        [
            383.26852,
            248.35536,
            567.67706,
            89.80509,
            -178.63727,
            89.98557
        ],
        [
            385.1152,
            248.31801,
            567.6365,
            89.80484,
            -178.63374,
            89.98511
        ],
        [
            387.11444,
            248.27243,
            567.6111,
            89.807434,
            -178.62979,
            89.98425
        ],
        [
            388.95517,
            248.2456,
            567.56433,
            89.80741,
            -178.62337,
            89.985916
        ],
        [
            391.27594,
            248.21925,
            567.4727,
            89.80384,
            -178.61281,
            89.990585
        ],
        [
            394.22824,
            248.16516,
            567.37933,
            89.7999,
            -178.60706,
            89.98909
        ],
        [
            395.6819,
            248.13141,
            567.3309,
            89.80047,
            -178.60258,
            89.98759
        ],
