{
    "CMD": 1390,
    "motion_trajectory": [
        [
            259.1719,
            256.9627,
            382.71515,
            89.96664,
            178.6216,
            89.902054
        ],
        [
            259.1793,
            256.95163,
            382.74017,
            89.96632,
            178.61737,
            89.90041
        ],
        [
            259.79828,
            256.45154,
            384.19107,
            89.97339,
            178.594,
            89.88621
        ],
        [
            261.06723,
            255.5842,
            387.0794,
            89.97321,
            178.60773,
            89.89854
        ],
        [
            264.98447,
            252.6691,
            396.21774,
            89.95335,
            178.63724,
            89.916595
        ],
        [
            268.84824,
            249.81378,
            405.0626,
            89.96001,
            178.62898,
            89.910515
        ],
        [
            273.65656,
            246.23529,
            416.2647,
            89.96502,
            178.63594,
            89.913635
        ],
        [
            281.1533,
            240.67023,
            433.53534,
            89.964714,
            178.63557,
            89.90815
        ],
        [
            288.70468,
            235.07825,
            450.95212,
            89.96896,
            178.64621,
            89.90532
        ],
        [
            296.868,
            229.04146,
            469.78757,
            89.97089,
            178.65721,
            89.90694
        ],
        [
            302.8505,
            224.57774,
            483.6217,
            89.96872,
            178.6778,
            89.9049
        ],
        [
            308.7766,
            220.19202,
            497.3173,
            89.97841,
            178.68304,
            89.90368
        ],
        [
            313.38342,
            216.78871,
            507.9429,
            89.97864,
            178.6638,
            89.901794
        ],
        [
            316.7863,
            214.29793,
            515.75507,
            89.97538,
            178.6571,
            89.909355
        ],
        [
            318.99014,
            212.63951,
            520.8767,
            89.9785,
            178.65309,
            89.90393
        ],
        [
            320.20032,
            211.74623,
            523.61816,
            89.97175,
            178.65973,
            89.90494
        ],
        [
            320.3878,
            211.61469,
            524.02124,
            89.97022,
            178.66243,
            89.90448
        ]
    ]
}