{
    "CMD": 1030,
    "motion_trajectory": [
        [
            249.99632,
            249.74924,
            370.00055,
            89.89993,
            179.94017,
            89.98057
        ],
        [
            249.99731,
            249.74928,
            370.0004,
            89.89999,
            179.94006,
            89.98046
        ],
        [
            249.99683,
            249.74927,
            370.00064,
            89.90004,
            179.94006,
            89.980515
        ],
        [
            249.99704,
            249.74861,
            370.00043,
            89.900345,
            179.93904,
            89.98016
        ],
        [
            250.0002,
            249.7493,
            369.99487,
            89.90138,
            179.9372,
            89.98009
        ],
        [
            250.01054,
            249.75119,
            369.972,
            89.9052,
            179.93509,
            89.97993
        ],
        [
            250.03465,
            249.75186,
            369.91385,
            89.90801,
            179.93298,
            89.97892
        ],
        [
            250.1618,
            249.74852,
            369.57376,
            89.90559,
            179.93481,
            89.97499
        ],
        [
            250.29688,
            249.73582,
            369.22418,
            89.900894,
            179.93875,
            89.97045
        ],
        [
            250.42134,
            249.72507,
            368.88864,
            89.89528,
            179.94287,
            89.96741
        ],
        [
            250.56458,
            249.7197,
            368.48926,
            89.89122,
            179.94672,
            89.96603
        ],
        [
            250.72874,
            249.71588,
            368.04398,
            89.89241,
            179.94919,
            89.965454
        ],
        [
            250.98389,
            249.71352,
            367.34796,
            89.89277,
            179.95212,
            89.96586
        ],
        [
            251.3141,
            249.70326,
            366.47922,
            89.89427,
            179.95126,
            89.96612
        ],
        [
            251.7221,
            249.69792,
            365.4319,
            89.89477,
            179.94995,
            89.96706
        ],
        [
            252.30995,
            249.70758,
            363.87534,
            89.89036,
            179.95047,
            89.97349
        ],
        [
            252.60216,
            249.71358,
            363.12213,
            89.88963,
            179.94958,
            89.97665
        ],
        [
            253.3641,
            249.7222,
            361.16403,
            89.88405,
            179.95114,
            89.98352
        ],
        [
            253.70285,
            249.72507,
            360.3251,
            89.88356,
            179.9498,
            89.98412
        ],
        [
            254.4263,
            249.7331,
            358.55722,
            89.892365,
            179.9441,
            89.986244
        ],
        [
            255.05846,
            249.72954,
            357.04117,
            89.898506,
            179.94167,
            89.98497
        ],
        [
            255.94852,
            249.73367,
            354.8703,
            89.89837,
            179.93823,
            89.98373
        ],
        [
            256.65878,
            249.7395,
            353.10672,
            89.89746,
            179.93396,
            89.98413
        ],
        [
            257.35873,
            249.75291,
            351.39578,
            89.901764,
            179.93396,
            89.98738
        ],
        [
            257.9662,
            249.75687,
            349.89136,
            89.90118,
            179.93372,
            89.98739
        ],
        [
            258.93234,
            249.75139,
            347.54068,
            89.89862,
            179.93532,
            89.98257
        ],
        [
            260.30762,
            249.7472,
            344.15634,
            89.90084,
            179.93945,
            89.980515
        ],
        [
            261.16095,
            249.73978,
            342.05246,
            89.907234,
            179.94049,
            89.97914
        ],
        [
            261.90842,
            249.74004,
            340.16718,
            89.907135,
            179.94296,
            89.980385
        ],
        [
            263.5082,
            249.7423,
            336.1275,
            89.89317,
            179.94644,
            89.98049
        ],
        [
            264.88776,
            249.76059,
            332.66165,
            89.90128,
            179.94244,
            89.98653
        ],
        [
            266.59198,
            249.75893,
            328.50458,
            89.90623,
            179.93445,
            89.98381
        ],
        [
            268.40536,
            249.76158,
            323.97144,
            89.90266,
            179.93387,
            89.984116
        ],
        [
            270.4734,
            249.76141,
            318.93378,
            89.91415,
            179.93204,
            89.981224
        ],
        [
            272.40683,
            249.75102,
            314.0699,
            89.91166,
            179.93817,
            89.97931
        ],
        [
            274.40836,
            249.75133,
            309.03143,
            89.89888,
            179.9447,
            89.97692
        ],
        [
            276.49408,
            249.75499,
            303.79468,
            89.90956,
            179.93959,
            89.981544
        ],
        [
            278.7719,
            249.73877,
            298.01718,
            89.89342,
            179.93913,
            89.978485
        ],
        [
            280.89026,
            249.74634,
            292.81113,
            89.906105,
            179.93452,
            89.978874
        ],
        [
            282.1405,
            249.75214,
            289.66388,
            89.90428,
            179.93109,
            89.98075
        ],
        [
            284.43094,
            249.74736,
            283.89902,
            89.899124,
            179.93861,
            89.97904
        ],
        [
            286.57013,
            249.73479,
            278.59494,
            89.90063,
            179.93993,
            89.97738
        ],
        [
            287.6059,
            249.72794,
            275.90955,
            89.89227,
            179.94458,
            89.977844
        ],
        [
            289.47552,
            249.72588,
            271.2424,
            89.887856,
            179.95084,
            89.973724
        ],
        [
            291.2177,
            249.73973,
            266.98706,
            89.899055,
            179.94386,
            89.977066
        ],
        [
            292.7554,
            249.73271,
            263.18088,
            89.89945,
            179.94078,
            89.97402
        ],
        [
            294.63312,
            249.73024,
            258.42245,
            89.89569,
            179.9439,
            89.97467
        ],
        [
            296.3117,
            249.73073,
            254.26971,
            89.90089,
            179.93808,
            89.97557
        ],
        [
            297.7608,
            249.7326,
            250.61066,
            89.89425,
            179.93541,
            89.97641
        ],
        [
            299.4402,
            249.74077,
            246.37299,
            89.89399,
            179.93442,
            89.97897
        ],
        [
            300.8128,
            249.75285,
            242.93785,
            89.90081,
            179.93544,
            89.98366
        ],
        [
