{
    "CMD": 1101,
    "motion_trajectory": [
        [
            309.99908,
            249.70984,
            569.9919,
            89.870445,
            -178.91002,
            89.96013
        ],
        [
            309.99936,
            249.70982,
            569.99133,
            89.87038,
            -178.91,
            89.960106
        ],
        [
            309.9992,
            249.70988,
            569.99225,
            89.87048,
            -178.91003,
            89.96013
        ],
        [
            309.99908,
            249.71005,
            569.99194,
            89.87039,
            -178.91005,
            89.9602
        ],
        [
            310.0008,
            249.70961,
            569.9949,
            89.87082,
            -178.91017,
            89.95983
        ],
        [
            310.00885,
            249.71147,
            570.0098,
            89.872894,
            -178.91055,
            89.959694
        ],
        [
            310.05588,
            249.71542,
            570.0639,
            89.88044,
            -178.91348,
            89.9588
        ],
        [
            310.17673,
            249.71529,
            570.1358,
            89.89247,
            -178.91655,
            89.95884
        ],
        [
            310.55414,
            249.69022,
            570.1807,
            89.90451,
            -178.91602,
            89.95706
        ],
        [
            311.3115,
            249.65442,
            570.11194,
            89.89974,
            -178.912,
            89.95137
        ],
        [
            312.38632,
            249.64026,
            569.99744,
            89.8869,
            -178.90755,
            89.950294
        ],
        [
            313.65027,
            249.64153,
            569.9149,
            89.88279,
            -178.9045,
            89.956436
        ],
        [
            315.75406,
            249.61722,
            569.81696,
            89.87684,
            -178.90642,
            89.96306
        ],
        [
            317.14383,
            249.6002,
            569.77344,
            89.878296,
            -178.90616,
            89.96756
        ],
        [
            318.18127,
            249.5872,
            569.71893,
            89.87515,
            -178.90536,
            89.97018
        ],
        [
            320.4109,
            249.55305,
            569.64716,
            89.878716,
            -178.89957,
            89.97396
        ],
        [
            321.53445,
            249.54236,
            569.609,
            89.880066,
            -178.89777,
            89.97603
        ],
        [
            324.20923,
            249.50635,
            569.47815,
            89.874405,
            -178.89651,
            89.980034
        ],
        [
            326.99506,
            249.43665,
            569.3712,
            89.87246,
            -178.89404,
            89.97752
        ],
        [
            329.45474,
            249.39288,
            569.2841,
            89.87264,
            -178.8908,
            89.977936
        ],
        [
            332.35147,
            249.32831,
            569.1915,
            89.87098,
            -178.88747,
            89.976906
        ],
        [
            336.28314,
            249.25299,
            569.0194,
            89.86462,
            -178.8774,
            89.98073
        ],
        [
            339.9508,
            249.1973,
            568.8569,
            89.85632,
            -178.86783,
            89.98559
        ],
        [
            344.22513,
            249.11287,
            568.71185,
            89.855255,
            -178.86684,
            89.9856
        ],
        [
            348.3476,
            249.00662,
            568.5184,
            89.84669,
            -178.86363,
            89.98226
        ],
        [
            352.4716,
            248.92513,
            568.365,
            89.8449,
            -178.86395,
            89.9815
        ],
        [
            356.50854,
            248.84868,
            568.17456,
            89.8427,
            -178.85559,
            89.983185
        ],
        [
            359.89536,
            248.78566,
            568.03467,
            89.84086,
            -178.85052,
            89.98565
        ],
        [
            363.26953,
            248.71472,
            567.95154,
            89.84625,
            -178.84695,
            89.984406
        ],
        [
            366.49,
            248.62976,
            567.82916,
            89.845856,
            -178.8441,
            89.97971
        ],
        [
            369.4633,
            248.57765,
            567.6832,
            89.83893,
            -178.83597,
            89.981636
        ],
        [
            372.23816,
            248.52748,
            567.57367,
            89.83508,
            -178.83186,
            89.98296
        ],
        [
            374.77155,
            248.48299,
            567.48145,
            89.83368,
            -178.82672,
            89.98658
        ],
        [
            376.67496,
            248.45505,
            567.383,
            89.828674,
            -178.8244,
            89.990234
        ],
        [
            378.73874,
            248.4328,
            567.2666,
            89.819725,
            -178.82277,
            89.99471
        ],
        [
            380.74393,
            248.40326,
            567.1883,
            89.8211,
            -178.82085,
            89.99694
        ],
        [
            381.6946,
            248.37796,
            567.1592,
            89.820305,
            -178.8221,
            89.99548
        ],
        [
            382.81256,
            248.3501,
            567.1028,
            89.81813,
            -178.81926,
            89.99416
        ],
        [
            383.86838,
            248.32072,
            567.07654,
            89.81883,
            -178.81981,
            89.9922
        ],
        [
            384.62268,
            248.29932,
            567.0629,
            89.821396,
            -178.81984,
            89.99144
        ],
        [
            385.1327,
            248.28644,
            567.053,
            89.82426,
            -178.81927,
            89.99121
        ],
        [
            385.44272,
            248.27893,
            567.0263,
            89.821846,
            -178.81917,
            89.99057
        ],
        [
            385.5492,
            248.27179,
            567.0243,
            89.82193,
            -178.81953,
            89.99053
        ],
        [
            385.55954,
            248.27348,
            567.03015,
            89.823296,
            -178.81947,
            89.99148
        ],
        [
            385.5545,
            248.27904,
            567.0305,
            89.82341,
            -178.81937,
            89.99239
        ],
        [
            385.54932,
            248.28442,
            567.03265,
            89.82366,
            -178.81941,
            89.99322
        ],
        [
            385.54077,
            248.29248,
            567.0326,
            89.82352,
            -178.81941,
            89.99461
        ]
    ]
}