{
    "CMD": 1090,
    "motion_trajectory": [
        [
            320.37006,
            211.67029,
            523.9986,
            89.96978,
            178.6597,
            89.90982
        ],
        [
            320.37027,
            211.67014,
            523.99866,
            89.96978,
            178.65973,
            89.90982
        ],
        [
            320.37296,
            211.66905,
            524.0038,
            89.97106,
            178.65843,
            89.90923
        ],
        [
            320.3849,
            211.6662,
            524.0255,
            89.976326,
            178.65503,
            89.90543
        ],
        [
            320.38812,
            211.72652,
            524.0616,
            89.98314,
            178.65536,
            89.898544
        ],
        [
            320.37265,
            211.80792,
            524.06757,
            89.984474,
            178.65976,
            89.896866
        ],
        [
            320.32965,
            211.9715,
            524.058,
            89.983765,
            178.67093,
            89.89798
        ],
        [
            320.2725,
            212.17493,
            524.0506,
            89.98202,
            178.68265,
            89.899506
        ],
        [
            320.21146,
            212.44939,
            524.04016,
            89.98039,
            178.7002,
            89.89802
        ],
        [
            320.13324,
            212.82573,
            524.0413,
            89.9825,
            178.72664,
            89.89313
        ],
        [
            320.04788,
            213.1753,
            524.0313,
            89.9829,
            178.75163,
            89.8926
        ],
        [
            319.9062,
            213.7046,
            524.00055,
            89.98289,
            178.78766,
            89.89365
        ],
        [
            319.74545,
            214.2967,
            523.9445,
            89.9799,
            178.83347,
            89.894806
        ],
        [
            319.59515,
            214.85904,
            523.88416,
            89.97749,
            178.87794,
            89.89634
        ],
        [
            319.45035,
            215.40627,
            523.8334,
            89.97612,
            178.91907,
            89.896225
        ],
        [
            319.22787,
            216.25398,
            523.76025,
            89.97206,
            178.97768,
            89.895424
        ],
        [
            319.06854,
            216.87465,
            523.69946,
            89.967766,
            179.0191,
            89.89678
        ],
        [
            318.57983,
            218.7162,
            523.52045,
            89.95289,
            179.13927,
            89.90042
        ],
        [
            318.3451,
            219.64667,
            523.42487,
            89.94288,
            179.2006,
            89.89968
        ],
        [
            318.14557,
            220.41739,
            523.3589,
            89.936806,
            179.25339,
            89.90121
        ],
        [
            317.94617,
            221.24576,
            523.30865,
            89.93202,
            179.30867,
            89.89847
        ],
        [
            317.67996,
            222.2847,
            523.2305,
            89.92923,
            179.38103,
            89.9006
        ],
        [
            317.3756,
            223.46625,
            523.1339,
            89.924866,
            179.46,
            89.90515
        ],
        [
            317.0221,
            224.81578,
            523.02844,
            89.92075,
            179.54984,
            89.91028
        ],
        [
            316.27313,
            227.69016,
            522.82184,
            89.90626,
            179.7458,
            89.91368
        ],
        [
            315.94153,
            228.97829,
            522.7161,
            89.898445,
            179.83307,
            89.91429
        ],
        [
            315.54538,
            230.52254,
            522.59863,
            89.89331,
            179.93198,
            89.914795
        ],
        [
            314.8032,
            233.34546,
            522.36395,
            89.87786,
            -179.88219,
            89.92549
        ],
        [
            314.4529,
            234.68217,
            522.2433,
            89.86781,
            -179.79247,
            89.932236
        ],
        [
            313.75684,
            237.42065,
            522.02185,
            89.85153,
            -179.6101,
            89.94091
        ],
        [
            313.1362,
            239.97208,
            521.8541,
            89.846794,
            -179.4423,
            89.9395
        ],
        [
            312.9013,
            240.95178,
            521.79724,
            89.84301,
            -179.37729,
            89.93911
        ],
        [
            312.29865,
            243.17632,
            521.6302,
            89.83079,
            -179.22914,
            89.95302
        ],
        [
            312.02625,
            244.18779,
            521.53326,
            89.82286,
            -179.16408,
            89.95711
        ],
        [
            311.7603,
            245.17981,
            521.43616,
            89.817116,
            -179.09836,
            89.96016
        ],
        [
            311.54977,
            246.03787,
            521.35486,
            89.811806,
            -179.04236,
            89.95827
        ],
        [
            311.33295,
            246.89038,
            521.28265,
            89.80827,
            -178.98615,
            89.95747
        ],
        [
            311.14078,
            247.65913,
            521.225,
            89.80553,
            -178.93448,
            89.9571
        ],
        [
            310.9369,
            248.40144,
            521.1469,
            89.79892,
            -178.88069,
            89.96187
        ],
        [
            310.74246,
            249.0829,
            521.0858,
            89.79491,
            -178.83284,
            89.96753
        ],
        [
            310.61853,
            249.58115,
            521.04706,
            89.7919,
            -178.79797,
            89.968994
        ],
        [
            310.5002,
            250.07703,
            521.0129,
            89.787506,
            -178.76723,
            89.96975
        ],
        [
            310.3599,
            250.60464,
            520.97815,
            89.78459,
            -178.73393,
            89.97313
        ],
        [
            310.26187,
            250.98427,
            520.9448,
            89.78065,
            -178.71068,
            89.97462
        ],
        [
            310.1309,
            251.50516,
            520.89923,
            89.77658,
            -178.6768,
            89.97618
        ],
        [
            310.01047,
            251.98404,
            520.85077,
            89.77225,
            -178.65,
            89.98054
        ],
        [
            309.98,
            252.09532,
            520.8379,
            89.770584,
            -178.64342,
            89.98202
        ],
        [
            309.94937,
            252.20146,
            520.84265,
            89.77202,
            -178.63744,
            89.98115
        ],
        [
            309.93445,
            252.24759,
            520.86456,
            89.77658,
            -178.6353,
            89.977135
        ],
        [
            309.9371,
            252.24435,
            520.8696,
            89.778275,
            -178.63411,
            89.975365
        ],
        [
            309.9417,
            252.23808,
            520.8698,
            89.77855,
            -178.6333,
            89.974144
        ],
        [
