{
    "CMD": 2040,
    "motion_trajectory": [
        [
            505.00174,
            247.78029,
            266.54324,
            89.731415,
            -178.71045,
            90.01946
        ],
        [
            505.0015,
            247.78026,
            266.5431,
            89.73137,
            -178.71039,
            90.01947
        ],
        [
            505.0018,
            247.78,
            266.54364,
            89.73146,
            -178.71022,
            90.01948
        ],
        [
            505.00174,
            247.77998,
            266.5428,
            89.73137,
            -178.71027,
            90.01948
        ],
        [
            505.00104,
            247.78032,
            266.54288,
            89.73132,
            -178.71027,
            90.01952
        ],
        [
            505.00125,
            247.77992,
            266.5433,
            89.73137,
            -178.71027,
            90.01948
        ],
        [
            505.0015,
            247.78026,
            266.5434,
            89.73135,
            -178.71028,
            90.01947
        ],
        [
            505.00162,
            247.77834,
            266.54224,
            89.73102,
            -178.71112,
            90.0185
        ],
        [
            505.00262,
            247.77777,
            266.54297,
            89.73095,
            -178.71121,
            90.01807
        ],
        [
            505.00467,
            247.77657,
            266.55255,
            89.731606,
            -178.71143,
            90.017426
        ],
        [
            505.00748,
            247.77538,
            266.58154,
            89.73263,
            -178.71187,
            90.016884
        ],
        [
            505.01114,
            247.77478,
            266.64606,
            89.72982,
            -178.71295,
            90.01668
        ],
        [
            505.01666,
            247.77621,
            266.9725,
            89.7304,
            -178.71503,
            90.017044
        ],
        [
            505.03622,
            247.78133,
            267.72168,
            89.73568,
            -178.71819,
            90.01836
        ],
        [
            505.04602,
            247.78345,
            268.19647,
            89.741325,
            -178.72064,
            90.018875
        ],
        [
            505.05447,
            247.7855,
            268.7685,
            89.74326,
            -178.72072,
            90.01962
        ],
        [
            505.06055,
            247.7874,
            270.00952,
            89.736755,
            -178.721,
            90.02102
        ],
        [
            505.06186,
            247.78792,
            271.20465,
            89.7357,
            -178.71957,
            90.02178
        ],
        [
            505.05524,
            247.78824,
            272.97067,
            89.73821,
            -178.71565,
            90.0231
        ],
        [
            505.05502,
            247.78604,
            274.5634,
            89.74248,
            -178.71257,
            90.02269
        ],
        [
            505.05566,
            247.78513,
            275.6966,
            89.74659,
            -178.71072,
            90.02245
        ],
        [
            505.0466,
            247.78142,
            277.39984,
            89.74961,
            -178.70828,
            90.021774
        ],
        [
            505.03616,
            247.77777,
            278.30557,
            89.74915,
            -178.70699,
            90.02069
        ],
        [
            505.03543,
            247.77594,
            278.9322,
            89.74541,
            -178.70901,
            90.01986
        ],
        [
            505.03238,
            247.77463,
            279.18784,
            89.742226,
            -178.70871,
            90.019356
        ],
        [
            505.02078,
            247.77513,
            279.44022,
            89.738365,
            -178.70793,
            90.01985
        ],
        [
            505.01495,
            247.7751,
            279.49338,
            89.73508,
            -178.70798,
            90.01989
        ],
        [
            505.00793,
            247.774,
            279.51315,
            89.73134,
            -178.7084,
            90.01966
        ],
        [
            505.0011,
            247.77364,
            279.50824,
            89.72837,
            -178.70827,
            90.019554
        ],
        [
            504.99893,
            247.77353,
            279.50723,
            89.72801,
            -178.70819,
            90.0195
        ],
        [
            504.99945,
            247.77309,
            279.5055,
            89.72774,
            -178.70837,
            90.01901
        ],
        [
            504.99957,
            247.77351,
            279.5052,
            89.72759,
            -178.7084,
            90.01895
        ],
        [
            504.9995,
            247.77411,
            279.5035,
            89.72746,
            -178.70834,
            90.01877
        ],
        [
            504.98907,
            247.77203,
            279.5023,
            89.72612,
            -178.70831,
            90.018364
        ],
        [
            504.90503,
            247.76277,
            279.47794,
            89.716995,
            -178.70709,
            90.01781
        ],
        [
            504.79062,
            247.75363,
            279.45038,
            89.70756,
            -178.70566,
            90.01708
        ],
        [
            504.4228,
            247.73692,
            279.40933,
            89.694595,
            -178.7017,
            90.01594
        ],
        [
            503.74786,
            247.73082,
            279.3723,
            89.68536,
            -178.6977,
            90.01625
        ],
        [
            502.9101,
            247.74374,
            279.38712,
            89.68544,
            -178.69931,
            90.018105
        ],
        [
            502.1823,
            247.75171,
            279.43262,
            89.69528,
            -178.70099,
            90.01925
        ],
        [
            500.81174,
            247.76541,
            279.49863,
            89.71018,
            -178.7102,
            90.0199
        ],
        [
            499.24176,
            247.78287,
            279.55933,
            89.72176,
            -178.72267,
            90.01997
        ],
        [
            497.47974,
            247.79976,
            279.61023,
            89.727455,
            -178.73706,
            90.0184
        ],
        [
            495.15448,
            247.82674,
            279.6223,
            89.72618,
            -178.75697,
            90.01778
        ],
        [
            493.46088,
            247.84337,
            279.63766,
            89.72579,
            -178.77118,
            90.01658
        ],
        [
            492.22638,
            247.85333,
            279.67657,
            89.72834,
            -178.7825,
            90.01484
        ],
        [
            489.7115,
            247.88092,
            279.74146,
            89.734924,
            -178.80104,
            90.01266
        ],
        [
            488.17365,
            247.89104,
            279.7574,
            89.737915,
            -178.81169,
            90.009705
        ],
        [
            484.90356,
            247.90742,
            279.7996,
            89.742195,
            -178.83557,
            90.00753
        ],
        [
            483.13315,
            247.93314,
            279.84277,
            89.74539,
            -178.84904,
            90.008644
        ],
        [
            479.5765,
            247.98701,
            279.93597,
            89.74947,
            -178.87456,
