{
    "CMD": 1030,
    "motion_trajectory": [
        [
            320.41263,
            206.27995,
            229.02982,
            89.95037,
            178.64005,
            89.87958
        ],
        [
            320.41214,
            206.28023,
            229.02997,
            89.95031,
            178.64003,
            89.87972
        ],
        [
            320.41223,
            206.28003,
            229.02983,
            89.950264,
            178.64009,
            89.87962
        ],
        [
            320.4106,
            206.27974,
            229.0304,
            89.95031,
            178.63904,
            89.87944
        ],
        [
            320.4114,
            206.27792,
            229.02724,
            89.94948,
            178.63757,
            89.87766
        ],
        [
            320.40897,
            206.33734,
            228.99023,
            89.947105,
            178.64043,
            89.87168
        ],
        [
            320.35236,
            206.616,
            228.90964,
            89.94765,
            178.6502,
            89.872955
        ],
        [
            320.13168,
            207.65564,
            228.6775,
            89.9555,
            178.68523,
            89.876495
        ],
        [
            319.92175,
            208.6542,
            228.50346,
            89.96728,
            178.71683,
            89.87604
        ],
        [
            318.9975,
            212.56593,
            227.70378,
            89.97223,
            178.82857,
            89.88109
        ],
        [
            317.8012,
            217.49811,
            226.67065,
            89.95699,
            178.9808,
            89.89143
        ],
        [
            316.17047,
            224.18185,
            225.29582,
            89.937004,
            179.17943,
            89.90921
        ],
        [
            315.7778,
            225.74663,
            224.96817,
            89.9314,
            179.2247,
            89.917015
        ],
        [
            315.18558,
            228.22375,
            224.43599,
            89.92475,
            179.29529,
            89.922066
        ],
        [
            314.1615,
            232.41924,
            223.5889,
            89.92174,
            179.41911,
            89.93695
        ],
        [
            313.32895,
            235.85332,
            222.88832,
            89.92219,
            179.52654,
            89.949646
        ],
        [
            312.60178,
            238.87787,
            222.2701,
            89.92044,
            179.61594,
            89.95881
        ],
        [
            312.33856,
            240.00722,
            222.04279,
            89.9222,
            179.64934,
            89.95986
        ],
        [
            312.05716,
            241.11136,
            221.8078,
            89.91814,
            179.68387,
            89.96202
        ],
        [
            311.5718,
            243.07512,
            221.41206,
            89.912315,
            179.7377,
            89.97162
        ],
        [
            311.29666,
            244.23694,
            221.17014,
            89.90855,
            179.7687,
            89.974655
        ],
        [
            310.944,
            245.64658,
            220.87393,
            89.902855,
            179.81215,
            89.98136
        ],
        [
            310.73386,
            246.52177,
            220.69519,
            89.901955,
            179.83646,
            89.98345
        ],
        [
            310.47388,
            247.63152,
            220.46031,
            89.90077,
            179.87073,
            89.98448
        ],
        [
            310.25168,
            248.53986,
            220.2737,
            89.89729,
            179.89922,
            89.98769
        ],
        [
            310.15134,
            248.92612,
            220.19838,
            89.896355,
            179.91083,
            89.9902
        ],
        [
            310.08014,
            249.19847,
            220.15225,
            89.8974,
            179.91951,
            89.9931
        ],
        [
            310.01944,
            249.45016,
            220.10426,
            89.89886,
            179.92758,
            89.99423
        ],
        [
            309.98355,
            249.61685,
            220.06824,
            89.898766,
            179.93509,
            89.99267
        ],
        [
            309.95236,
            249.74374,
            220.04474,
            89.89907,
            179.93994,
            89.99351
        ],
        [
            309.93442,
            249.84163,
            220.0226,
            89.89921,
            179.94402,
            89.99248
        ],
        [
            309.92905,
            249.85498,
            220.01985,
            89.89842,
            179.9436,
            89.993004
        ],
        [
            309.9331,
            249.85144,
            220.0186,
            89.89839,
            179.94354,
            89.992
        ],
        [
            309.93805,
            249.84486,
            220.01805,
            89.898315,
            179.94348,
            89.990776
        ],
        [
            309.94836,
            249.83197,
            220.01788,
            89.89836,
            179.94337,
            89.98849
        ],
        [
            309.95288,
            249.82573,
            220.01721,
            89.89829,
            179.94337,
            89.987366
        ]
    ]
}