{
    "CMD": 1050,
    "motion_trajectory": [
        [
            320.4605,
            210.83034,
            325.76053,
            89.95005,
            178.65993,
            89.879814
        ],
        [
            320.4736,
            210.82906,
            325.76096,
            89.951324,
            178.66103,
            89.87616
        ],
        [
            320.1707,
            212.3055,
            325.6316,
            89.96843,
            178.70477,
            89.8751
        ],
        [
            318.93427,
            216.9238,
            324.9044,
            89.95702,
            178.85492,
            89.88142
        ],
        [
            317.14,
            223.4109,
            323.8985,
            89.937225,
            179.07243,
            89.8989
        ],
        [
            314.48312,
            233.17151,
            322.44577,
            89.91999,
            179.40752,
            89.931946
        ],
        [
            311.79086,
            243.0516,
            321.01462,
            89.915436,
            179.73322,
            89.96769
        ],
        [
            310.38058,
            248.23607,
            320.24475,
            89.906006,
            179.89456,
            89.986084
        ],
        [
            309.92657,
            249.82326,
            319.9869,
            89.89858,
            179.9414,
            89.996155
        ],
        [
            309.93234,
            249.84244,
            319.97763,
            89.89802,
            179.94165,
            89.992355
        ]
    ]
}