{
    "CMD": 1040,
    "motion_trajectory": [
        [
            249.99799,
            249.74925,
            370.00092,
            89.900116,
            179.94017,
            89.980415
        ],
        [
            249.99857,
            249.74886,
            370.001,
            89.90017,
            179.94012,
            89.98026
        ],
        [
            249.99815,
            249.74898,
            370.00043,
            89.89998,
            179.94016,
            89.98031
        ],
        [
            249.99872,
            249.7484,
            370.00085,
            89.90033,
            179.93976,
            89.9801
        ],
        [
            249.99948,
            249.74854,
            369.99643,
            89.90102,
            179.93428,
            89.98005
        ],
        [
            250.00883,
            249.74892,
            369.9787,
            89.90234,
            179.9315,
            89.979675
        ],
        [
            250.05411,
            249.74315,
            369.8846,
            89.90282,
            179.9309,
            89.9774
        ],
        [
            250.15208,
            249.72913,
            369.65732,
            89.895096,
            179.93414,
            89.97444
        ],
        [
            250.3889,
            249.70294,
            369.1746,
            89.88355,
            179.94156,
            89.96879
        ],
        [
            250.82991,
            249.69109,
            368.34558,
            89.873985,
            179.9492,
            89.96596
        ],
        [
            251.12009,
            249.68823,
            367.84082,
            89.87788,
            179.95062,
            89.96636
        ],
        [
            251.66908,
            249.6844,
            366.92667,
            89.88095,
            179.95323,
            89.966774
        ],
        [
            252.14493,
            249.69507,
            366.13724,
            89.88483,
            179.952,
            89.97054
        ],
        [
            252.61696,
            249.70535,
            365.3532,
            89.88825,
            179.94998,
            89.975075
        ],
        [
            253.13332,
            249.72026,
            364.48886,
            89.89262,
            179.94818,
            89.982
        ],
        [
            254.08716,
            249.7285,
            362.94873,
            89.8921,
            179.9479,
            89.983086
        ],
        [
            255.27315,
            249.73581,
            361.01117,
            89.88853,
            179.94936,
            89.98285
        ],
        [
            256.00986,
            249.73708,
            359.8221,
            89.89029,
            179.94647,
            89.981636
        ],
        [
            257.3205,
            249.7545,
            357.6623,
            89.90213,
            179.9403,
            89.98659
        ],
        [
            258.93652,
            249.74873,
            354.99033,
            89.90382,
            179.93904,
            89.983345
        ],
        [
            260.5675,
            249.74713,
            352.3387,
            89.90256,
            179.9347,
            89.98176
        ],
        [
            262.73956,
            249.76372,
            348.74606,
            89.90325,
            179.93214,
            89.98533
        ],
        [
            264.3413,
            249.78181,
            346.11,
            89.90836,
            179.93073,
            89.98712
        ],
        [
            266.7672,
            249.77109,
            342.09955,
            89.90797,
            179.9322,
            89.98548
        ],
        [
            268.68527,
            249.76158,
            338.90573,
            89.90943,
            179.93936,
            89.98136
        ],
        [
            271.04578,
            249.75777,
            334.95804,
            89.90447,
            179.944,
            89.98032
        ],
        [
            273.32596,
            249.74646,
            331.16458,
            89.90806,
            179.94443,
            89.98012
        ],
        [
            274.9332,
            249.74959,
            328.45346,
            89.9087,
            179.94257,
            89.98254
        ],
        [
            277.26242,
            249.74103,
            324.53598,
            89.89577,
            179.94278,
            89.97932
        ],
        [
            279.07147,
            249.74455,
            321.5566,
            89.896545,
            179.94229,
            89.9775
        ],
        [
            281.8829,
            249.74828,
            316.89487,
            89.90786,
            179.9345,
            89.97965
        ],
        [
            284.4196,
            249.73325,
            312.59042,
            89.891975,
            179.93622,
            89.979576
        ],
        [
            287.15222,
            249.7192,
            308.09195,
            89.899826,
            179.9332,
            89.97582
        ],
        [
            289.27283,
            249.72176,
            304.54272,
            89.901245,
            179.93442,
            89.97816
        ],
        [
            291.61734,
            249.71823,
            300.65,
            89.89307,
            179.9405,
            89.973946
        ],
        [
            293.63132,
            249.72139,
            297.3318,
            89.8969,
            179.94243,
            89.97347
        ],
        [
            295.2236,
            249.72177,
            294.67523,
            89.90465,
            179.9419,
            89.97651
        ],
        [
            296.13138,
            249.73038,
            293.12384,
            89.90359,
            179.94258,
            89.97864
        ],
        [
            297.2316,
            249.73419,
            291.28784,
            89.90316,
            179.94263,
            89.97898
        ],
        [
            299.03137,
            249.72585,
            288.24625,
            89.89286,
            179.94514,
            89.977905
        ],
        [
            300.72598,
            249.72815,
            285.47275,
            89.89314,
            179.94206,
            89.976944
        ],
        [
            302.18204,
            249.72179,
            283.0507,
            89.89475,
            179.94234,
            89.97633
        ],
        [
            304.5654,
            249.71071,
            279.0837,
            89.90061,
            179.9441,
            89.9734
        ],
        [
            305.99884,
            249.70547,
            276.64398,
            89.89672,
            179.94325,
            89.972755
        ],
        [
            307.35806,
            249.70987,
            274.35797,
            89.888794,
            179.93968,
            89.97491
        ],
        [
            309.11588,
            249.73,
            271.50473,
            89.89735,
            179.93623,
            89.9767
        ],
        [
            309.51132,
            249.72798,
            270.83197,
            89.89501,
            179.93797,
            89.97762
        ],
        [
            309.80402,
            249.7255,
            270.33932,
            89.89333,
            179.93608,
            89.979256
        ],
        [
            309.9568,
            249.72697,
            270.0521,
            89.89155,
            179.93463,
            89.98202
        ],
        [
            310.01065,
            249.72426,
            269.97165,
            89.89703,
            179.93246,
            89.983734
        ],
        [
            310.01257,
            249.7249,
            269.96918,
            89.89962,
            179.93242,
            89.98452
        ],
        [
            310.01044,
