{
    "CMD": 2100,
    "motion_trajectory": [
        [
            445.14874,
            247.69954,
            566.73834,
            89.76243,
            -178.53065,
            89.99954
        ],
        [
            445.14908,
            247.69955,
            566.73846,
            89.762535,
            -178.5306,
            89.99952
        ],
        [
            445.1492,
            247.69908,
            566.73895,
            89.76257,
            -178.5307,
            89.99944
        ],
        [
            445.149,
            247.69943,
            566.73895,
            89.76257,
            -178.5306,
            89.99949
        ],
        [
            445.1487,
            247.69939,
            566.73834,
            89.76249,
            -178.53064,
            89.99949
        ],
        [
            445.14865,
            247.6995,
            566.7392,
            89.76263,
            -178.53061,
            89.99952
        ],
        [
            445.14896,
            247.6983,
            566.74243,
            89.76476,
            -178.53163,
            89.99872
        ],
        [
            445.14932,
            247.69746,
            566.75134,
            89.76648,
            -178.53166,
            89.99824
        ],
        [
            445.13766,
            247.69608,
            566.8046,
            89.764656,
            -178.53136,
            89.99923
        ],
        [
            445.1154,
            247.68604,
            567.0275,
            89.75894,
            -178.53127,
            90.00014
        ],
        [
            445.10074,
            247.67789,
            567.35736,
            89.75064,
            -178.53076,
            90.00154
        ],
        [
            445.09393,
            247.67203,
            567.6827,
            89.74664,
            -178.53036,
            90.00202
        ],
        [
            445.10086,
            247.66724,
            568.09406,
            89.74422,
            -178.53107,
            90.00213
        ],
        [
            445.1123,
            247.66231,
            568.7627,
            89.743675,
            -178.53217,
            90.00215
        ],
        [
            445.12854,
            247.65678,
            569.6099,
            89.74198,
            -178.5312,
            90.001305
        ],
        [
            445.1472,
            247.6584,
            570.8108,
            89.743835,
            -178.53014,
            90.000885
        ],
        [
            445.1578,
            247.66635,
            571.8892,
            89.746284,
            -178.52945,
            90.00095
        ],
        [
            445.164,
            247.66838,
            572.80804,
            89.74703,
            -178.52925,
            90.00001
        ],
        [
            445.17517,
            247.66795,
            573.9461,
            89.747055,
            -178.52896,
            89.99882
        ],
        [
            445.1837,
            247.67152,
            575.6533,
            89.75071,
            -178.5269,
            89.99877
        ],
        [
            445.18088,
            247.6826,
            577.0579,
            89.75626,
            -178.52748,
            89.99819
        ],
        [
            445.18234,
            247.69885,
            577.9646,
            89.759766,
            -178.52982,
            89.99888
        ],
        [
            445.17325,
            247.70392,
            578.79736,
            89.76162,
            -178.5288,
            89.99995
        ],
        [
            445.13556,
            247.70564,
            579.4853,
            89.763664,
            -178.52847,
            90.00115
        ],
        [
            445.12802,
            247.7089,
            579.68414,
            89.7674,
            -178.53006,
            90.00085
        ],
        [
            445.1317,
            247.70796,
            579.7394,
            89.768555,
            -178.5306,
            89.99984
        ],
        [
            445.1349,
            247.70624,
            579.7453,
            89.76844,
            -178.53175,
            89.999084
        ],
        [
            445.13583,
            247.70642,
            579.745,
            89.76839,
            -178.53186,
            89.99902
        ],
        [
            445.13632,
            247.70642,
            579.74524,
            89.768364,
            -178.53203,
            89.998924
        ],
        [
            445.1367,
            247.70624,
            579.74396,
            89.76818,
            -178.53212,
            89.99893
        ],
        [
            445.13333,
            247.70622,
            579.7526,
            89.76876,
            -178.53279,
            89.99862
        ],
        [
            445.08908,
            247.70848,
            579.7835,
            89.771355,
            -178.53337,
            89.998726
        ],
        [
            444.8986,
            247.70644,
            579.8234,
            89.77295,
            -178.53464,
            89.998695
        ],
        [
            444.44012,
            247.70274,
            579.87036,
            89.773125,
            -178.53807,
            89.99861
        ],
        [
            443.70227,
            247.71669,
            579.9155,
            89.775024,
            -178.5426,
            89.99945
        ],
        [
            442.67963,
            247.72934,
            579.9485,
            89.776924,
            -178.54866,
            89.9988
        ],
        [
            441.38297,
            247.74121,
            579.8954,
            89.77086,
            -178.55089,
            89.99898
        ],
        [
            439.89536,
            247.76492,
            579.82434,
            89.76678,
            -178.55292,
            89.998985
        ],
        [
            438.09106,
            247.76932,
            579.7727,
            89.761795,
            -178.55667,
            89.9947
        ],
        [
            436.14563,
            247.78764,
            579.75476,
            89.764404,
            -178.55876,
            89.9918
        ],
        [
            433.93073,
            247.82231,
            579.73987,
            89.76491,
            -178.56381,
            89.99112
        ],
        [
            431.45428,
            247.86536,
            579.7257,
            89.767784,
            -178.5696,
            89.991974
        ],
        [
            428.7869,
            247.89613,
            579.70325,
            89.76884,
            -178.57431,
            89.9913
        ],
        [
            426.68124,
            247.92891,
            579.71576,
            89.770386,
            -178.57979,
            89.991356
        ],
        [
            423.4216,
            247.97379,
            579.7347,
            89.77425,
            -178.58722,
            89.990616
        ],
        [
            421.32703,
            247.99646,
            579.7438,
            89.77699,
            -178.5912,
            89.98952
        ],
        [
            419.53464,
            248.01955,
            579.74567,
            89.77847,
            -178.5953,
            89.98799
        ],
        [
            415.6841,
            248.07268,
            579.70154,
            89.77545,
            -178.60501,
            89.985466
        ],
        [
            411.9334,
            248.13277,
            579.7076,
            89.78061,
            -178.61378,
            89.985985
        ],
        [
            407.67157,
            248.17856,
            579.7833,
            89.79512,
            -178.63075,
            89.98045
        ],
        [
            402.9391,
            248.24887,
            579.78577,
            89.7984,
            -178.63815,
