{
    "CMD": 1090,
    "motion_trajectory": [
        [
            259.17044,
            256.9624,
            382.71448,
            89.966484,
            178.62163,
            89.90209
        ],
        [
            259.17026,
            256.96277,
            382.71487,
            89.96657,
            178.6216,
            89.90219
        ],
        [
            259.1705,
            256.9627,
            382.71463,
            89.96652,
            178.62161,
            89.90214
        ],
        [
            259.1686,
            256.9624,
            382.7166,
            89.96772,
            178.62097,
            89.9023
        ],
        [
            259.16833,
            256.96292,
            382.71994,
            89.96724,
            178.62093,
            89.90249
        ],
        [
            259.1732,
            256.9618,
            382.7635,
            89.96784,
            178.61952,
            89.90235
        ],
        [
            259.2077,
            256.94998,
            382.91553,
            89.96715,
            178.62036,
            89.89972
        ],
        [
            259.29907,
            256.93167,
            383.19443,
            89.96702,
            178.62372,
            89.897385
        ],
        [
            259.45,
            256.9213,
            383.6462,
            89.97005,
            178.6294,
            89.89813
        ],
        [
            259.52856,
            256.91528,
            383.89713,
            89.97014,
            178.63329,
            89.89956
        ],
        [
            259.65228,
            256.8978,
            384.24222,
            89.967064,
            178.64078,
            89.89958
        ],
        [
            259.76797,
            256.8833,
            384.54816,
            89.962616,
            178.64911,
            89.899216
        ],
        [
            259.94788,
            256.86148,
            385.0166,
            89.9626,
            178.66113,
            89.89886
        ],
        [
            260.16254,
            256.84564,
            385.5793,
            89.96306,
            178.67554,
            89.89982
        ],
        [
            260.57172,
            256.8169,
            386.66757,
            89.95498,
            178.7002,
            89.9033
        ],
        [
            260.97433,
            256.79108,
            387.73697,
            89.942604,
            178.72389,
            89.90648
        ],
        [
            261.20908,
            256.77533,
            388.3457,
            89.93945,
            178.73782,
            89.90751
        ],
        [
            261.7576,
            256.72885,
            389.82874,
            89.93532,
            178.77495,
            89.91001
        ],
        [
            262.02814,
            256.7012,
            390.58508,
            89.93591,
            178.79356,
            89.91173
        ],
        [
            262.98923,
            256.61325,
            393.23358,
            89.94488,
            178.84521,
            89.915665
        ],
        [
            263.62387,
            256.55307,
            394.93018,
            89.939545,
            178.87369,
            89.91448
        ],
        [
            263.95493,
            256.51846,
            395.80298,
            89.93538,
            178.89024,
            89.91303
        ],
        [
            264.3377,
            256.47888,
            396.80502,
            89.93507,
            178.90976,
            89.912
        ],
        [
            265.1643,
            256.4092,
            398.99304,
            89.93904,
            178.94713,
            89.91149
        ],
        [
            265.9772,
            256.33847,
            401.22766,
            89.93645,
            178.98547,
            89.91345
        ],
        [
            266.39313,
            256.30075,
            402.3521,
            89.93521,
            179.00682,
            89.91415
        ],
        [
            266.82562,
            256.25272,
            403.53784,
            89.93417,
            179.03278,
            89.914215
        ],
        [
            267.41202,
            256.19617,
            405.13147,
            89.934494,
            179.0693,
            89.91582
        ],
        [
            268.26138,
            256.114,
            407.44666,
            89.92698,
            179.12035,
            89.917694
        ],
        [
            268.7029,
            256.06802,
            408.66174,
            89.9259,
            179.1442,
            89.91864
        ],
        [
            269.23175,
            256.01318,
            410.1547,
            89.9265,
            179.17262,
            89.92087
        ],
        [
            269.81305,
            255.95787,
            411.78125,
            89.92961,
            179.20412,
            89.92218
        ],
        [
            270.90042,
            255.85976,
            414.6903,
            89.919106,
            179.2567,
            89.9228
        ],
        [
            272.07117,
            255.73672,
            417.8189,
            89.91763,
            179.31546,
            89.91828
        ],
        [
            272.9214,
            255.64851,
            420.1498,
            89.919525,
            179.3651,
            89.91837
        ],
        [
            274.11966,
            255.53271,
            423.37665,
            89.908,
            179.43733,
            89.92046
        ],
        [
            274.74924,
            255.4732,
            425.06873,
            89.905304,
            179.47322,
            89.92047
        ],
        [
            276.40237,
            255.32515,
            429.6442,
            89.90161,
            179.5556,
            89.92568
        ],
        [
            277.7136,
            255.19644,
            433.25912,
            89.90391,
            179.62453,
            89.92788
        ],
        [
            279.52277,
            255.01534,
            438.12183,
            89.89672,
            179.72237,
            89.92627
        ],
        [
            280.76962,
            254.90504,
            441.52863,
            89.88756,
            179.79773,
            89.9326
        ],
        [
            282.32214,
            254.76054,
            445.71323,
            89.88014,
            179.881,
            89.93494
        ],
        [
            283.73038,
            254.61981,
            449.56982,
            89.882545,
            179.94943,
            89.93414
        ],
        [
            284.44693,
            254.54863,
            451.52396,
            89.88251,
            179.98563,
            89.934265
        ],
        [
            285.26483,
            254.46654,
            453.77832,
            89.87917,
            -179.96417,
            89.93631
        ],
        [
            285.98926,
            254.39516,
            455.75284,
            89.8723,
            -179.91977,
            89.93832
        ],
        [
            286.7482,
            254.32416,
            457.81726,
            89.86854,
            -179.87682,
            89.93975
        ],
        [
            287.5629,
            254.24464,
            460.0466,
            89.87157,
            -179.83235,
            89.940346
        ],
        [
            288.3237,
            254.17378,
            462.13425,
            89.87375,
            -179.79074,
            89.94252
        ],
        [
            289.1073,
            254.11125,
            464.22598,
            89.86509,
            -179.74849,
            89.947464
        ],
        [
            290.41263,
            254.00975,
            467.84497,
            89.85896,
            -179.67555,
            89.95927
        ],
        [
            291.09464,
