{
    "CMD": 1104,
    "motion_trajectory": [
        [
            310.0,
            249.71149,
            569.994,
            89.870834,
            -178.9102,
            89.96019
        ],
        [
            310.0104,
            249.71211,
            569.995,
            89.87261,
            -178.9167,
            89.95919
        ],
        [
            311.65533,
            249.70448,
            570.1083,
            89.90041,
            -178.91582,
            89.95354
        ],
        [
            314.33954,
            249.64996,
            570.04865,
            89.89097,
            -178.9092,
            89.95295
        ],
        [
            322.54666,
            249.59258,
            569.80457,
            89.87398,
            -178.8833,
            89.97099
        ],
        [
            332.45175,
            249.44574,
            569.6176,
            89.867294,
            -178.86572,
            89.966736
        ],
        [
            344.42212,
            249.31282,
            569.3472,
            89.84925,
            -178.8266,
            89.97511
        ],
        [
            366.22955,
            249.02637,
            568.9535,
            89.8462,
            -178.78581,
            89.97422
        ],
        [
            387.01593,
            248.7681,
            568.4425,
            89.81437,
            -178.72444,
            89.98041
        ],
        [
            406.4413,
            248.50945,
            568.07056,
            89.80644,
            -178.68991,
            89.979836
        ],
        [
            427.59494,
            248.26167,
            567.6731,
            89.78892,
            -178.63731,
            89.98776
        ],
        [
            442.89914,
            248.04692,
            567.32697,
            89.77573,
            -178.5995,
            89.98649
        ],
        [
            456.8233,
            247.90051,
            567.0618,
            89.769196,
            -178.57092,
            89.99429
        ],
        [
            465.6658,
            247.78952,
            566.8651,
            89.75464,
            -178.55193,
            89.995766
        ],
        [
            472.337,
            247.71402,
            566.7604,
            89.75514,
            -178.5355,
            89.9981
        ],
        [
            474.79968,
            247.68034,
            566.67163,
            89.75235,
            -178.53062,
            89.9977
        ],
        [
            475.05753,
            247.66135,
            566.7044,
            89.75567,
            -178.52841,
            89.99776
        ]
    ]
}