{
    "CMD": 2100,
    "motion_trajectory": [
        [
            415.58014,
            247.80006,
            566.7708,
            89.79234,
            -178.53035,
            89.99966
        ],
        [
            415.58002,
            247.80014,
            566.77075,
            89.792404,
            -178.5302,
            89.99968
        ],
        [
            415.58008,
            247.8004,
            566.76953,
            89.79222,
            -178.53032,
            89.999695
        ],
        [
            415.57993,
            247.80003,
            566.7711,
            89.79239,
            -178.53035,
            89.99966
        ],
        [
            415.58023,
            247.8004,
            566.76996,
            89.79215,
            -178.5304,
            89.99963
        ],
        [
            415.58023,
            247.80055,
            566.77,
            89.79232,
            -178.53029,
            89.999725
        ],
        [
            415.58038,
            247.79985,
            566.7711,
            89.79238,
            -178.53038,
            89.99957
        ],
        [
            415.58133,
            247.79831,
            566.77655,
            89.79545,
            -178.53352,
            89.99851
        ],
        [
            415.58145,
            247.79771,
            566.781,
            89.79641,
            -178.5355,
            89.99817
        ],
        [
            415.57703,
            247.79597,
            566.8085,
            89.797424,
            -178.53575,
            89.99802
        ],
        [
            415.56674,
            247.78891,
            566.9758,
            89.79601,
            -178.53827,
            89.99838
        ],
        [
            415.5468,
            247.77393,
            567.9028,
            89.79052,
            -178.54115,
            90.00063
        ],
        [
            415.55365,
            247.77095,
            568.49207,
            89.79091,
            -178.54279,
            90.001144
        ],
        [
            415.56674,
            247.77298,
            569.62305,
            89.79071,
            -178.5434,
            90.00249
        ],
        [
            415.5897,
            247.7897,
            571.2658,
            89.786446,
            -178.53716,
            90.00501
        ],
        [
            415.60928,
            247.78574,
            572.47546,
            89.78583,
            -178.53508,
            90.00317
        ],
        [
            415.62653,
            247.77344,
            573.2615,
            89.787964,
            -178.53452,
            89.999466
        ],
        [
            415.63904,
            247.77115,
            574.3373,
            89.790825,
            -178.53577,
            89.99757
        ],
        [
            415.63297,
            247.7903,
            575.74945,
            89.793076,
            -178.53365,
            90.000206
        ],
        [
            415.61084,
            247.78526,
            577.11,
            89.797775,
            -178.52971,
            89.99897
        ],
        [
            415.59183,
            247.78154,
            578.09106,
            89.80399,
            -178.52704,
            89.99781
        ],
        [
            415.58923,
            247.79381,
            578.91156,
            89.79829,
            -178.5276,
            89.99816
        ],
        [
            415.58026,
            247.80197,
            579.39856,
            89.79563,
            -178.53046,
            89.99864
        ],
        [
            415.56854,
            247.80478,
            579.61053,
            89.79462,
            -178.53233,
            89.99865
        ],
        [
            415.5637,
            247.81174,
            579.71326,
            89.792435,
            -178.53197,
            89.99949
        ],
        [
            415.5662,
            247.81383,
            579.7253,
            89.78955,
            -178.53183,
            89.99964
        ],
        [
            415.5667,
            247.81306,
            579.72595,
            89.78905,
            -178.53204,
            89.99947
        ],
        [
            415.56668,
            247.81277,
            579.72845,
            89.789406,
            -178.53218,
            89.99937
        ],
        [
            415.56702,
            247.8127,
            579.72833,
            89.789406,
            -178.53227,
            89.99932
        ],
        [
            415.56708,
            247.81236,
            579.7279,
            89.78931,
            -178.53226,
            89.99929
        ],
        [
            415.5676,
            247.81259,
            579.72925,
            89.78955,
            -178.53204,
            89.99939
        ],
        [
            415.56436,
            247.81432,
            579.7316,
            89.78967,
            -178.53235,
            89.99951
        ],
        [
            415.55548,
            247.81401,
            579.74207,
            89.7907,
            -178.5328,
            89.9994
        ],
        [
            415.46997,
            247.81296,
            579.7949,
            89.7954,
            -178.5341,
            89.99927
        ],
        [
            415.16843,
            247.80377,
            579.8716,
            89.799736,
            -178.53738,
            89.99854
        ],
        [
            414.57156,
            247.80739,
            579.9317,
            89.80139,
            -178.54341,
            89.99809
        ],
        [
            413.76852,
            247.82314,
            579.9423,
            89.79921,
            -178.54558,
            89.999725
        ],
        [
            412.5889,
            247.84819,
            579.911,
            89.79349,
            -178.54825,
            90.00081
        ],
        [
            411.33774,
            247.86728,
            579.8915,
            89.79272,
            -178.55124,
            89.99978
        ],
        [
            409.6781,
            247.88174,
            579.83295,
            89.79101,
            -178.55473,
            89.99633
        ],
        [
            407.79813,
            247.90051,
            579.77216,
            89.78672,
            -178.56207,
            89.991486
        ],
        [
            405.5979,
            247.93489,
            579.70764,
            89.786514,
            -178.56064,
            89.9907
        ],
        [
            404.12625,
            247.96158,
            579.67645,
            89.78625,
            -178.56076,
            89.991554
        ],
        [
            401.68176,
            248.00203,
            579.6851,
            89.78883,
            -178.56976,
            89.990074
        ],
        [
            400.00558,
            248.02104,
            579.7136,
            89.79308,
            -178.5779,
            89.98668
        ],
        [
            397.87274,
            248.04546,
            579.74414,
            89.795746,
            -178.5893,
            89.98332
        ],
        [
            396.49762,
            248.06332,
            579.75146,
            89.798386,
            -178.59389,
            89.98214
        ],
        [
            393.65936,
            248.12053,
            579.7369,
            89.798035,
            -178.59895,
            89.984634
        ],
        [
            390.25583,
            248.20113,
            579.71423,
            89.79736,
            -178.60814,
            89.98751
        ],
        [
            388.43372,
            248.23308,
            579.72595,
            89.798965,
            -178.61693,
            89.987076
        ],
        [
            384.68448,
            248.27791,
            579.73975,
            89.80112,
            -178.6342,
