{
    "CMD": 1101,
    "motion_trajectory": [
        [
            309.99808,
            249.70894,
            569.98755,
            89.86983,
            -178.9099,
            89.96007
        ],
        [
            309.99747,
            249.70905,
            569.98816,
            89.86991,
            -178.90991,
            89.960106
        ],
        [
            309.99796,
            249.7092,
            569.98694,
            89.86974,
            -178.9098,
            89.96011
        ],
        [
            309.99902,
            249.70795,
            569.9889,
            89.87043,
            -178.91208,
            89.95952
        ],
        [
            310.00085,
            249.7083,
            569.9887,
            89.870285,
            -178.91519,
            89.95951
        ],
        [
            310.02475,
            249.70813,
            570.0029,
            89.872086,
            -178.92014,
            89.95896
        ],
        [
            310.08932,
            249.70593,
            570.0334,
            89.87709,
            -178.92416,
            89.958435
        ],
        [
            310.40356,
            249.69165,
            570.0769,
            89.88855,
            -178.92465,
            89.95846
        ],
        [
            311.0431,
            249.66438,
            570.0172,
            89.88573,
            -178.92015,
            89.95376
        ],
        [
            312.02707,
            249.63632,
            569.9064,
            89.87418,
            -178.91322,
            89.94957
        ],
        [
            312.8154,
            249.63113,
            569.844,
            89.869736,
            -178.91022,
            89.9509
        ],
        [
            313.54166,
            249.62976,
            569.8221,
            89.871376,
            -178.90736,
            89.95434
        ],
        [
            314.24063,
            249.61948,
            569.8128,
            89.87291,
            -178.90678,
            89.95655
        ],
        [
            315.69397,
            249.60591,
            569.74445,
            89.868706,
            -178.907,
            89.96086
        ],
        [
            316.96118,
            249.58987,
            569.7176,
            89.87122,
            -178.90685,
            89.96495
        ],
        [
            318.6601,
            249.56984,
            569.6578,
            89.86975,
            -178.90404,
            89.96908
        ],
        [
            319.96133,
            249.54924,
            569.6363,
            89.87424,
            -178.90034,
            89.971275
        ],
        [
            322.19885,
            249.51979,
            569.56,
            89.87671,
            -178.89757,
            89.973885
        ],
        [
            324.99875,
            249.47191,
            569.43317,
            89.87305,
            -178.89427,
            89.97575
        ],
        [
            328.06683,
            249.4041,
            569.3205,
            89.86972,
            -178.89478,
            89.97332
        ],
        [
            329.9084,
            249.36731,
            569.2683,
            89.87174,
            -178.89226,
            89.97369
        ],
        [
            331.5936,
            249.33475,
            569.219,
            89.8713,
            -178.88985,
            89.97413
        ],
        [
            335.374,
            249.26332,
            569.0697,
            89.867775,
            -178.88121,
            89.97768
        ],
        [
            339.10287,
            249.19762,
            568.8809,
            89.85642,
            -178.86955,
            89.98179
        ],
        [
            343.33002,
            249.11935,
            568.7386,
            89.85369,
            -178.86658,
            89.98356
        ],
        [
            347.21405,
            249.04474,
            568.5553,
            89.84659,
            -178.8631,
            89.98456
        ],
        [
            351.4341,
            248.95587,
            568.3979,
            89.84526,
            -178.86208,
            89.98354
        ],
        [
            355.52313,
            248.86755,
            568.2288,
            89.84347,
            -178.85693,
            89.98245
        ],
        [
            359.6196,
            248.79239,
            568.0397,
            89.8396,
            -178.8506,
            89.98557
        ],
        [
            363.18604,
            248.71889,
            567.94684,
            89.84487,
            -178.84698,
            89.98457
        ],
        [
            364.99405,
            248.67784,
            567.89105,
            89.84647,
            -178.8441,
            89.984085
        ],
        [
            366.6653,
            248.64671,
            567.8219,
            89.845245,
            -178.84302,
            89.98322
        ],
        [
            368.34488,
            248.6161,
            567.74286,
            89.84295,
            -178.83772,
            89.98448
        ],
        [
            371.16885,
            248.57109,
            567.6216,
            89.83803,
            -178.83255,
            89.98642
        ],
        [
            373.86346,
            248.5126,
            567.5244,
            89.83664,
            -178.8253,
            89.98853
        ],
        [
            376.17044,
            248.47903,
            567.42487,
            89.83318,
            -178.82332,
            89.99278
        ],
        [
            378.43747,
            248.44191,
            567.3064,
            89.82344,
            -178.82408,
            89.99462
        ],
        [
            380.19977,
            248.41747,
            567.22253,
            89.82101,
            -178.82158,
            89.99708
        ],
        [
            381.77258,
            248.37102,
            567.1574,
            89.8183,
            -178.82214,
            89.99457
        ],
        [
            382.98593,
            248.34668,
            567.0946,
            89.81539,
            -178.81953,
            89.993675
        ],
        [
            383.96347,
            248.32092,
            567.0924,
            89.819725,
            -178.82137,
            89.99218
        ],
        [
            384.67682,
            248.30363,
            567.0729,
            89.8217,
            -178.82191,
            89.99189
        ],
        [
            385.17874,
            248.29121,
            567.06934,
            89.8254,
            -178.8206,
            89.991585
        ],
        [
            385.4397,
            248.28308,
            567.0461,
            89.82379,
            -178.8202,
            89.99105
        ],
        [
            385.5175,
            248.27873,
            567.0451,
            89.82384,
            -178.8206,
            89.99158
        ],
        [
            385.52185,
            248.28056,
            567.04395,
            89.82423,
            -178.82007,
            89.99272
        ],
        [
            385.52075,
            248.28201,
            567.0437,
            89.82431,
            -178.81993,
            89.993034
        ],
        [
            385.51956,
            248.2835,
            567.044,
            89.824356,
            -178.81989,
            89.993256
        ],
        [
            385.51862,
            248.28432,
            567.0441,
            89.82441,
            -178.81999,
            89.99338
        ],
        [
            385.51578,
            248.2881,
            567.0449,
            89.824486,
            -178.81989,
            89.993935
        ]
    ]
}