{
    "CMD": 2100,
    "motion_trajectory": [
        [
            385.43948,
            248.33958,
            567.0932,
            89.83068,
            -178.82019,
            89.99971
        ],
        [
            385.43887,
            248.33943,
            567.09265,
            89.83064,
            -178.82011,
            89.9997
        ],
        [
            385.43936,
            248.33917,
            567.0933,
            89.830734,
            -178.82019,
            89.99965
        ],
        [
            385.43887,
            248.33943,
            567.09265,
            89.83064,
            -178.82011,
            89.9997
        ],
        [
            385.43924,
            248.33963,
            567.09283,
            89.830696,
            -178.82025,
            89.99973
        ],
        [
            385.43936,
            248.33945,
            567.093,
            89.83069,
            -178.82024,
            89.999695
        ],
        [
            385.43875,
            248.33987,
            567.0922,
            89.830605,
            -178.82018,
            89.99978
        ],
        [
            385.43976,
            248.3373,
            567.10126,
            89.834526,
            -178.82416,
            89.9984
        ],
        [
            385.43686,
            248.33578,
            567.12823,
            89.83411,
            -178.82443,
            89.99848
        ],
        [
            385.4278,
            248.32211,
            567.3306,
            89.8283,
            -178.82898,
            89.997955
        ],
        [
            385.4128,
            248.31104,
            567.849,
            89.82143,
            -178.83156,
            89.99874
        ],
        [
            385.40268,
            248.3071,
            568.6852,
            89.817955,
            -178.8325,
            89.99994
        ],
        [
            385.42197,
            248.30795,
            569.8828,
            89.81937,
            -178.8287,
            90.00148
        ],
        [
            385.46384,
            248.30896,
            571.2454,
            89.824066,
            -178.82727,
            89.998825
        ],
        [
            385.4697,
            248.31425,
            571.97577,
            89.825325,
            -178.826,
            89.99866
        ],
        [
            385.47546,
            248.32297,
            572.76373,
            89.82573,
            -178.82262,
            89.99931
        ],
        [
            385.4679,
            248.32602,
            573.4712,
            89.828255,
            -178.8195,
            90.000015
        ],
        [
            385.4617,
            248.32767,
            574.46295,
            89.83231,
            -178.81601,
            89.99892
        ],
        [
            385.4442,
            248.34212,
            576.0337,
            89.83508,
            -178.81232,
            90.00095
        ],
        [
            385.43735,
            248.34622,
            576.85266,
            89.83473,
            -178.81032,
            90.002266
        ],
        [
            385.42606,
            248.34557,
            577.45715,
            89.83407,
            -178.81131,
            90.00239
        ],
        [
            385.41852,
            248.34778,
            578.0128,
            89.83286,
            -178.81288,
            90.00278
        ],
        [
            385.40475,
            248.35503,
            578.65204,
            89.83466,
            -178.81279,
            90.00437
        ],
        [
            385.40677,
            248.35936,
            579.23395,
            89.83183,
            -178.8121,
            90.00519
        ],
        [
            385.41275,
            248.35754,
            579.5234,
            89.830185,
            -178.8137,
            90.00458
        ],
        [
            385.41534,
            248.35254,
            579.7317,
            89.83,
            -178.81566,
            90.00307
        ],
        [
            385.4201,
            248.34839,
            579.90515,
            89.82965,
            -178.81845,
            90.001434
        ],
        [
            385.41574,
            248.34566,
            580.0519,
            89.83071,
            -178.82127,
            89.999985
        ],
        [
            385.4136,
            248.34834,
            580.08905,
            89.83126,
            -178.82245,
            89.99998
        ],
        [
            385.4159,
            248.34755,
            580.09753,
            89.83122,
            -178.82361,
            89.99941
        ],
        [
            385.41718,
            248.34692,
            580.09784,
            89.83112,
            -178.8241,
            89.99916
        ],
        [
            385.41763,
            248.3467,
            580.09644,
            89.83112,
            -178.82428,
            89.99909
        ],
        [
            385.4184,
            248.34673,
            580.0956,
            89.83111,
            -178.82445,
            89.9991
        ],
        [
            385.41733,
            248.34717,
            580.0983,
            89.83139,
            -178.82452,
            89.99913
        ],
        [
            385.40668,
            248.3473,
            580.1062,
            89.83205,
            -178.82503,
            89.99907
        ],
        [
            385.32416,
            248.34885,
            580.13855,
            89.83438,
            -178.8274,
            89.99911
        ],
        [
            385.0719,
            248.34915,
            580.16864,
            89.83373,
            -178.83026,
            89.99834
        ],
        [
            384.50986,
            248.34904,
            580.203,
            89.833694,
            -178.83218,
            89.99831
        ],
        [
            383.60706,
            248.36372,
            580.2448,
            89.836685,
            -178.8339,
            89.9999
        ],
        [
            382.5686,
            248.38512,
            580.23773,
            89.83425,
            -178.8348,
            90.00022
        ],
        [
            381.16562,
            248.40704,
            580.19904,
            89.83039,
            -178.83598,
            89.99885
        ],
        [
            379.4446,
            248.42488,
            580.15674,
            89.82867,
            -178.83742,
            89.99496
        ],
        [
            378.32834,
            248.426,
            580.1362,
            89.8267,
            -178.84108,
            89.99109
        ],
        [
            376.39752,
            248.45338,
            580.0763,
            89.82521,
            -178.83655,
            89.98967
        ],
        [
            373.6156,
            248.49747,
            580.0229,
            89.823875,
            -178.83702,
            89.988625
        ],
        [
            371.3522,
            248.52087,
            580.0363,
            89.82961,
            -178.84024,
            89.984665
        ],
        [
            368.57913,
            248.55402,
            580.06805,
            89.839096,
            -178.84271,
            89.98125
        ],
        [
            365.6357,
            248.59996,
            580.05585,
            89.84151,
            -178.8455,
            89.97893
        ],
        [
            362.39667,
            248.66696,
            579.9891,
            89.83663,
            -178.84525,
            89.980865
        ],
        [
            359.18625,
            248.72653,
            579.97266,
            89.83513,
            -178.84634,
            89.98051
        ],
        [
            355.14078,
            248.7775,
            580.0216,
            89.84031,
            -178.85042,
            89.97644
