{
    "CMD": 1043,
    "motion_trajectory": [
        [
            310.00143,
            249.7397,
            270.00082,
            89.900154,
            179.94038,
            89.97951
        ],
        [
            310.00113,
            249.73976,
            270.00064,
            89.90006,
            179.94041,
            89.9795
        ],
        [
            310.00107,
            249.73943,
            270.0005,
            89.89996,
            179.9403,
            89.97945
        ],
        [
            310.00113,
            249.73961,
            270.0004,
            89.90001,
            179.94029,
            89.9795
        ],
        [
            310.0016,
            249.7396,
            270.0005,
            89.900116,
            179.94035,
            89.979454
        ],
        [
            310.00034,
            249.73871,
            270.0007,
            89.90022,
            179.94,
            89.979225
        ],
        [
            309.99997,
            249.73784,
            269.99982,
            89.89986,
            179.94,
            89.97901
        ],
        [
            310.00946,
            249.73875,
            269.99936,
            89.90025,
            179.93999,
            89.97881
        ],
        [
            310.03876,
            249.73972,
            269.99252,
            89.89814,
            179.94011,
            89.97789
        ],
        [
            310.25098,
            249.75256,
            269.96387,
            89.89427,
            179.94333,
            89.974594
        ],
        [
            310.7883,
            249.76639,
            269.93863,
            89.89814,
            179.94713,
            89.97423
        ],
        [
            311.55737,
            249.74219,
            269.91772,
            89.90298,
            179.9518,
            89.968376
        ],
        [
            312.8128,
            249.69598,
            269.88257,
            89.90102,
            179.96541,
            89.963165
        ],
        [
            313.6025,
            249.6838,
            269.86398,
            89.89857,
            179.97426,
            89.96566
        ],
        [
            314.3339,
            249.67621,
            269.8475,
            89.897224,
            179.9825,
            89.9686
        ],
        [
            314.99384,
            249.66663,
            269.83218,
            89.89666,
            179.99165,
            89.97069
        ],
        [
            315.877,
            249.66278,
            269.81204,
            89.897224,
            -179.99783,
            89.9741
        ],
        [
            316.78812,
            249.66072,
            269.7872,
            89.896194,
            -179.98782,
            89.97756
        ],
        [
            318.7708,
            249.65009,
            269.73734,
            89.896675,
            -179.96547,
            89.985
        ],
        [
            320.55905,
            249.61816,
            269.6866,
            89.88778,
            -179.94904,
            89.9869
        ],
        [
            322.27585,
            249.5872,
            269.64856,
            89.88153,
            -179.93396,
            89.986824
        ],
        [
            325.1991,
            249.54666,
            269.57852,
            89.873924,
            -179.90593,
            89.989395
        ],
        [
            328.03253,
            249.52126,
            269.52206,
            89.87613,
            -179.88174,
            89.99537
        ],
        [
            329.944,
            249.487,
            269.49155,
            89.880264,
            -179.86337,
            89.994514
        ],
        [
            333.2104,
            249.4272,
            269.38623,
            89.86655,
            -179.82661,
            89.9935
        ],
        [
            335.46814,
            249.39362,
            269.31357,
            89.860016,
            -179.80316,
            89.99379
        ],
        [
            339.4173,
            249.33974,
            269.22446,
            89.860725,
            -179.76006,
            89.99482
        ],
        [
            343.06296,
            249.26569,
            269.14896,
            89.86117,
            -179.72127,
            89.99009
        ],
        [
            347.41638,
            249.21103,
            269.03165,
            89.84524,
            -179.67601,
            89.99885
        ],
        [
            349.6499,
            249.17606,
            268.98236,
            89.846344,
            -179.65569,
            89.99765
        ],
        [
            352.14777,
            249.1274,
            268.92853,
            89.8508,
            -179.63321,
            89.99238
        ],
        [
            357.46634,
            249.05923,
            268.80304,
            89.83928,
            -179.5857,
            89.99951
        ],
        [
            361.54413,
            248.99574,
            268.74686,
            89.844955,
            -179.54553,
            89.99695
        ],
        [
            364.7988,
            248.93318,
            268.7028,
            89.84828,
            -179.51299,
            89.99573
        ],
        [
            367.25903,
            248.90761,
            268.66785,
            89.8445,
            -179.48894,
            90.00023
        ],
        [
            369.79236,
            248.87613,
            268.6416,
            89.84676,
            -179.46407,
            90.000435
        ],
        [
            372.62778,
            248.82777,
            268.57556,
            89.846664,
            -179.4348,
            89.99753
        ],
        [
            376.26447,
            248.76845,
            268.44135,
            89.83673,
            -179.39462,
            90.00267
        ],
        [
            379.36697,
            248.72366,
            268.36804,
            89.83305,
            -179.36188,
            90.00183
        ],
        [
            381.91794,
            248.67384,
            268.29144,
            89.82837,
            -179.33548,
            89.997345
        ],
        [
            387.5066,
            248.59387,
            268.09354,
            89.81335,
            -179.27919,
            90.003555
        ],
        [
            391.73767,
            248.52617,
            268.00375,
            89.81136,
            -179.2395,
            90.00047
        ],
        [
            395.56467,
            248.47049,
            267.89545,
            89.80274,
            -179.20366,
            90.00704
        ],
        [
            398.2284,
            248.42741,
            267.8301,
            89.804344,
            -179.17789,
            90.00424
        ],
        [
            403.0068,
            248.36162,
            267.6388,
            89.784325,
            -179.1237,
            90.0087
        ],
        [
            405.86206,
            248.32137,
            267.56543,
            89.77877,
            -179.0952,
            90.00878
        ],
        [
            410.00793,
            248.24069,
            267.43277,
            89.774086,
            -179.05403,
            90.00377
        ],
        [
            412.6578,
            248.20605,
            267.35712,
            89.77256,
            -179.02348,
            90.00936
        ],
        [
            415.90652,
            248.15474,
            267.26233,
            89.76472,
            -178.99007,
            90.006905
        ],
        [
            419.29993,
            248.09593,
            267.1747,
            89.75559,
            -178.95248,
            90.00937
        ],
        [
            422.37164,
            248.06699,
            267.12762,
            89.75947,
            -178.92297,
            90.01301
