{
    "CMD": 1400,
    "motion_trajectory": [
        [
            259.17172,
            256.96243,
            382.7147,
            89.96656,
            178.62175,
            89.90193
        ],
        [
            259.17166,
            256.96252,
            382.7147,
            89.96656,
            178.62175,
            89.901985
        ],
        [
            259.1717,
            256.96283,
            382.71484,
            89.966606,
            178.62173,
            89.90203
        ],
        [
            259.1735,
            256.96274,
            382.71655,
            89.96756,
            178.62093,
            89.90175
        ],
        [
            259.1739,
            256.96283,
            382.72083,
            89.96958,
            178.61906,
            89.90176
        ],
        [
            259.17456,
            256.96207,
            382.72418,
            89.969604,
            178.61845,
            89.90166
        ],
        [
            259.1739,
            256.95752,
            382.74777,
            89.970406,
            178.61708,
            89.90132
        ],
        [
            259.17795,
            256.94278,
            382.80734,
            89.97096,
            178.6137,
            89.9003
        ],
        [
            259.23392,
            256.87076,
            383.0444,
            89.9703,
            178.6051,
            89.89735
        ],
        [
            259.38397,
            256.7446,
            383.5522,
            89.97492,
            178.5951,
            89.894005
        ],
        [
            259.53445,
            256.64474,
            383.9616,
            89.97938,
            178.59146,
            89.89034
        ],
        [
            259.80942,
            256.45502,
            384.7573,
            89.9822,
            178.58853,
            89.88914
        ],
        [
            260.1543,
            256.22266,
            385.80313,
            89.98563,
            178.59142,
            89.892044
        ],
        [
            260.3586,
            256.08597,
            386.444,
            89.98446,
            178.59741,
            89.89565
        ],
        [
            260.5914,
            255.91183,
            387.19064,
            89.97863,
            178.60321,
            89.89963
        ],
        [
            260.8783,
            255.70253,
            388.04852,
            89.96866,
            178.60916,
            89.9012
        ],
        [
            261.36926,
            255.33812,
            389.52237,
            89.95848,
            178.6152,
            89.900795
        ],
        [
            261.96356,
            254.86783,
            391.41812,
            89.95945,
            178.62558,
            89.900185
        ],
        [
            262.63718,
            254.34108,
            393.63477,
            89.963165,
            178.63268,
            89.90557
        ],
        [
            263.3972,
            253.76135,
            396.02936,
            89.95281,
            178.63843,
            89.90922
        ],
        [
            263.90762,
            253.37799,
            397.6193,
            89.95356,
            178.63832,
            89.90969
        ],
        [
            264.3822,
            253.00523,
            399.1637,
            89.957146,
            178.63672,
            89.91166
        ],
        [
            264.828,
            252.6709,
            400.60052,
            89.95602,
            178.6367,
            89.916466
        ],
        [
            265.2718,
            252.33194,
            402.0256,
            89.95574,
            178.63301,
            89.91879
        ],
        [
            266.46713,
            251.44215,
            405.70404,
            89.95948,
            178.62842,
            89.91832
        ],
        [
            266.948,
            251.07997,
            407.1719,
            89.956764,
            178.62776,
            89.915215
        ],
        [
            267.47726,
            250.6707,
            408.81842,
            89.95801,
            178.62485,
            89.91041
        ],
        [
            268.04758,
            250.22441,
            410.65747,
            89.963905,
            178.62611,
            89.909615
        ],
        [
            268.63403,
            249.77164,
            412.52545,
            89.961174,
            178.62952,
            89.9123
        ],
        [
            269.9084,
            248.8069,
            416.47314,
            89.95979,
            178.6353,
            89.90837
        ],
        [
            271.14426,
            247.86684,
            420.31857,
            89.95263,
            178.63899,
            89.91177
        ],
        [
            272.77536,
            246.63145,
            425.48718,
            89.956024,
            178.63626,
            89.91427
        ],
        [
            273.91846,
            245.74594,
            429.1976,
            89.96436,
            178.63017,
            89.916405
        ],
        [
            274.57574,
            245.24043,
            431.28003,
            89.966385,
            178.63052,
            89.91528
        ],
        [
            275.4102,
            244.6225,
            433.8071,
            89.96125,
            178.63033,
            89.91331
        ],
        [
            276.1489,
            244.0604,
            436.08536,
            89.95969,
            178.6349,
            89.912224
        ],
        [
            276.93396,
            243.45752,
            438.5291,
            89.951324,
            178.63943,
            89.91178
        ],
        [
            277.7996,
            242.81448,
            441.204,
            89.95567,
            178.64043,
            89.90902
        ],
        [
            278.60373,
            242.19055,
            443.77136,
            89.965485,
            178.64368,
            89.90802
        ],
        [
            279.42755,
            241.55992,
            446.42844,
            89.96887,
            178.64499,
            89.91228
        ],
        [
            280.25842,
            240.91646,
            449.04108,
            89.96097,
            178.64664,
            89.91294
        ],
        [
            281.27356,
            240.16351,
            452.13998,
            89.94907,
            178.6476,
            89.91423
        ],
        [
            283.19382,
            238.73172,
            458.0906,
            89.95713,
            178.63852,
            89.908615
        ],
        [
            285.06378,
            237.25072,
            464.18375,
            89.95433,
            178.64032,
            89.9146
        ],
        [
            286.587,
            236.11816,
            468.8511,
            89.96497,
            178.63995,
            89.9096
        ],
        [
            288.53107,
            234.63823,
            474.94855,
            89.95989,
            178.64479,
            89.91193
        ],
        [
            289.65714,
            233.77696,
            478.53946,
            89.96623,
            178.64618,
            89.91304
        ],
        [
            290.80057,
            232.88956,
            482.20657,
            89.98413,
            178.6472,
            89.90885
        ],
        [
            293.19193,
            231.08542,
            489.56107,
            89.96361,
            178.6551,
            89.908
        ],
        [
            295.9051,
            229.01741,
            498.0885,
            89.969574,
            178.65746,
            89.90544
        ],
        [
            297.811,
            227.57286,
            504.12808,
            89.98174,
            178.65514,
            89.90661
        ],
        [
            299.5142,
