{
    "CMD": 1360,
    "motion_trajectory": [
        [
            259.17084,
            256.96237,
            382.7148,
            89.96651,
            178.62164,
            89.90204
        ],
        [
            259.19998,
            256.9299,
            382.71698,
            89.96808,
            178.6155,
            89.90022
        ],
        [
            260.65973,
            255.73033,
            382.76877,
            89.99912,
            178.60786,
            89.89581
        ],
        [
            264.5771,
            252.79233,
            382.53757,
            89.99,
            178.60982,
            89.911026
        ],
        [
            271.3306,
            247.55696,
            382.22266,
            89.979065,
            178.61949,
            89.90798
        ],
        [
            280.80313,
            240.25537,
            381.77643,
            89.96146,
            178.64406,
            89.90367
        ],
        [
            292.3419,
            231.33267,
            381.262,
            89.96792,
            178.66798,
            89.89101
        ],
        [
            301.80673,
            224.00519,
            380.82706,
            89.96167,
            178.65952,
            89.88044
        ],
        [
            310.37738,
            217.38077,
            380.43805,
            89.9546,
            178.6537,
            89.87697
        ],
        [
            316.37982,
            212.73128,
            380.1806,
            89.96002,
            178.65814,
            89.870125
        ],
        [
            319.60992,
            210.23787,
            380.0663,
            89.967804,
            178.66292,
            89.87535
        ],
        [
            320.5744,
            209.47699,
            379.99506,
            89.95478,
            178.65776,
            89.87045
        ],
        [
            320.5701,
            209.49565,
            379.97748,
            89.94996,
            178.65724,
            89.87613
        ]
    ]
}