{
    "CMD": 1104,
    "motion_trajectory": [
        [
            309.99966,
            249.71141,
            569.9907,
            89.87035,
            -178.91013,
            89.96021
        ],
        [
            309.99945,
            249.7112,
            569.9908,
            89.87034,
            -178.91016,
            89.960175
        ],
        [
            309.9998,
            249.711,
            569.99115,
            89.870384,
            -178.91013,
            89.96013
        ],
        [
            309.9992,
            249.71129,
            569.9903,
            89.870255,
            -178.91011,
            89.960236
        ],
        [
            309.9984,
            249.70923,
            569.9881,
            89.87111,
            -178.91219,
            89.95943
        ],
        [
            310.00577,
            249.70898,
            569.98553,
            89.87166,
            -178.91617,
            89.95881
        ],
        [
            310.02292,
            249.70976,
            569.9732,
            89.86985,
            -178.91809,
            89.95858
        ],
        [
            310.05325,
            249.71193,
            569.95447,
            89.86815,
            -178.91924,
            89.95904
        ],
        [
            310.23016,
            249.73456,
            569.94135,
            89.87162,
            -178.91861,
            89.96375
        ],
        [
            310.4827,
            249.75508,
            569.9516,
            89.87742,
            -178.91672,
            89.96735
        ],
        [
            310.8689,
            249.74704,
            569.978,
            89.88333,
            -178.91446,
            89.96517
        ],
        [
            311.45172,
            249.71524,
            569.98425,
            89.884636,
            -178.91165,
            89.95907
        ],
        [
            312.3697,
            249.67796,
            569.9793,
            89.88203,
            -178.90868,
            89.95307
        ],
        [
            313.7148,
            249.65326,
            569.9756,
            89.88361,
            -178.90419,
            89.9535
        ],
        [
            315.13083,
            249.6443,
            569.95215,
            89.879616,
            -178.9022,
            89.95768
        ],
        [
            316.34192,
            249.638,
            569.9311,
            89.87811,
            -178.90033,
            89.96032
        ],
        [
            317.50403,
            249.63895,
            569.9084,
            89.87678,
            -178.89862,
            89.96518
        ],
        [
            318.6025,
            249.63474,
            569.8781,
            89.87315,
            -178.89635,
            89.9676
        ],
        [
            320.53476,
            249.61177,
            569.8663,
            89.87738,
            -178.89084,
            89.9685
        ],
        [
            321.71964,
            249.6007,
            569.8476,
            89.87816,
            -178.88774,
            89.969475
        ],
        [
            323.41357,
            249.58102,
            569.7908,
            89.8721,
            -178.88539,
            89.969864
        ],
        [
            325.7617,
            249.56361,
            569.73254,
            89.87062,
            -178.88104,
            89.97244
        ],
        [
            327.407,
            249.54358,
            569.68524,
            89.866974,
            -178.87627,
            89.97283
        ],
        [
            329.81638,
            249.5029,
            569.642,
            89.86748,
            -178.8714,
            89.97148
        ],
        [
            331.99915,
            249.45604,
            569.62054,
            89.867165,
            -178.86563,
            89.96827
        ],
        [
            334.0951,
            249.42308,
            569.5803,
            89.86566,
            -178.85782,
            89.9679
        ],
        [
            335.98547,
            249.40273,
            569.531,
            89.86174,
            -178.85089,
            89.9703
        ],
        [
            339.91293,
            249.365,
            569.4175,
            89.85106,
            -178.8354,
            89.97451
        ],
        [
            344.25418,
            249.3131,
            569.37354,
            89.851395,
            -178.82826,
            89.97428
        ],
        [
            348.617,
            249.26573,
            569.25543,
            89.84511,
            -178.81903,
            89.97726
        ],
        [
            353.72006,
            249.1771,
            569.16077,
            89.841415,
            -178.813,
            89.97136
        ],
        [
            355.9709,
            249.15079,
            569.1088,
            89.8412,
            -178.80942,
            89.971565
        ],
        [
            358.79993,
            249.11674,
            569.01587,
            89.83662,
            -178.8003,
            89.97409
        ],
        [
            362.03537,
            249.08,
            568.96,
            89.83676,
            -178.793,
            89.97577
        ],
        [
            364.39694,
            249.05185,
            568.9573,
            89.84243,
            -178.78944,
            89.97507
        ],
        [
            368.0954,
            248.98692,
            568.9146,
            89.84534,
            -178.78026,
            89.97206
        ],
        [
            372.56735,
            248.9306,
            568.798,
            89.83707,
            -178.76672,
            89.97392
        ],
        [
            375.34668,
            248.8954,
            568.7549,
            89.83487,
            -178.75928,
            89.97384
        ],
        [
            378.4112,
            248.85117,
            568.6867,
            89.82999,
            -178.75,
            89.97415
        ],
        [
            381.52295,
            248.81334,
            568.5549,
            89.81688,
            -178.7371,
            89.97619
        ],
        [
            384.68262,
            248.78903,
            568.4775,
            89.813774,
            -178.72853,
            89.979324
        ],
        [
            388.05334,
            248.75577,
            568.4447,
            89.81576,
            -178.72523,
            89.98024
        ],
        [
            394.77902,
            248.66344,
            568.3283,
            89.814644,
            -178.71193,
            89.98078
        ],
        [
            400.64603,
            248.58307,
            568.21655,
            89.812706,
            -178.70471,
            89.97895
        ],
        [
            404.85864,
            248.52072,
            568.0996,
            89.80675,
            -178.69328,
            89.979355
        ],
        [
            407.47498,
            248.48186,
            568.0733,
            89.809685,
            -178.69104,
            89.976906
        ],
        [
            410.71997,
            248.44286,
            568.01,
            89.80882,
            -178.68365,
            89.97701
        ],
        [
            415.3286,
            248.39488,
            567.8722,
            89.799034,
            -178.66711,
            89.98189
        ],
        [
            418.47864,
            248.36444,
            567.83325,
            89.79723,
            -178.65839,
            89.98433
        ],
        [
            423.39172,
            248.28484,
            567.7199,
            89.78693,
            -178.6461,
            89.98396
        ],
        [
            428.2529,
            248.25327,
            567.64154,
            89.78518,
            -178.63568,
            89.98768
        ],
        [
