{
    "CMD": 1031,
    "motion_trajectory": [
        [
            309.99802,
            249.75009,
            220.00018,
            89.89995,
            179.93987,
            89.98044
        ],
        [
            309.99847,
            249.7502,
            220.00023,
            89.899994,
            179.93994,
            89.980385
        ],
        [
            309.99774,
            249.75015,
            220.00002,
            89.89986,
            179.93991,
            89.98043
        ],
        [
            309.99826,
            249.75029,
            220.0,
            89.89994,
            179.93988,
            89.98043
        ],
        [
            309.99817,
            249.75012,
            219.99994,
            89.89991,
            179.93997,
            89.980385
        ],
        [
            309.9984,
            249.74905,
            220.00082,
            89.90056,
            179.93938,
            89.98006
        ],
        [
            309.9996,
            249.74992,
            220.00337,
            89.9023,
            179.93733,
            89.98026
        ],
        [
            310.03513,
            249.7528,
            219.99944,
            89.904854,
            179.9366,
            89.979485
        ],
        [
            310.17743,
            249.75197,
            219.98442,
            89.90858,
            179.93468,
            89.97823
        ],
        [
            310.33005,
            249.74425,
            219.96407,
            89.907425,
            179.9358,
            89.9771
        ],
        [
            311.02695,
            249.7151,
            219.8707,
            89.89603,
            179.94623,
            89.97393
        ],
        [
            312.08627,
            249.68083,
            219.7735,
            89.88212,
            179.96704,
            89.97404
        ],
        [
            313.65128,
            249.65756,
            219.69873,
            89.87411,
            -179.99997,
            89.98334
        ],
        [
            314.69482,
            249.64154,
            219.67982,
            89.875885,
            -179.9809,
            89.9873
        ],
        [
            316.28186,
            249.59746,
            219.6402,
            89.88011,
            -179.95331,
            89.98751
        ],
        [
            317.42145,
            249.56184,
            219.58086,
            89.87314,
            -179.92963,
            89.98674
        ],
        [
            319.67932,
            249.52295,
            219.44945,
            89.861946,
            -179.88701,
            89.99134
        ],
        [
            321.98825,
            249.47221,
            219.34787,
            89.861725,
            -179.84277,
            89.991165
        ],
        [
            324.64737,
            249.3985,
            219.23363,
            89.86247,
            -179.79163,
            89.992905
        ],
        [
            327.9533,
            249.30008,
            219.08472,
            89.86176,
            -179.73294,
            89.99149
        ],
        [
            331.14737,
            249.22375,
            218.89528,
            89.8454,
            -179.67982,
            89.99646
        ],
        [
            333.6377,
            249.15509,
            218.75784,
            89.83935,
            -179.63838,
            89.995575
        ],
        [
            336.2136,
            249.07594,
            218.63994,
            89.841095,
            -179.5917,
            89.99371
        ],
        [
            338.45966,
            249.01965,
            218.54457,
            89.836266,
            -179.5527,
            89.99778
        ],
        [
            341.0891,
            248.95795,
            218.42763,
            89.83085,
            -179.50589,
            89.999886
        ],
        [
            344.95273,
            248.83388,
            218.23114,
            89.82371,
            -179.43237,
            89.99583
        ],
        [
            348.58487,
            248.73578,
            218.03244,
            89.815735,
            -179.3701,
            90.00061
        ],
        [
            350.79706,
            248.67186,
            217.93257,
            89.81136,
            -179.33351,
            89.99961
        ],
        [
            352.96472,
            248.6005,
            217.8157,
            89.8053,
            -179.29778,
            89.994514
        ],
        [
            356.78464,
            248.49861,
            217.6532,
            89.8017,
            -179.22984,
            89.99858
        ],
        [
            360.63647,
            248.38667,
            217.46373,
            89.796135,
            -179.16139,
            89.996666
        ],
        [
            364.14276,
            248.28065,
            217.25713,
            89.78025,
            -179.09193,
            89.99449
        ],
        [
            367.00052,
            248.22612,
            217.12068,
            89.77926,
            -179.03801,
            90.002686
        ],
        [
            370.0969,
            248.13701,
            216.95016,
            89.771965,
            -178.98465,
            90.00319
        ],
        [
            372.60947,
            248.06099,
            216.83162,
            89.7614,
            -178.9431,
            90.00119
        ],
        [
            374.81854,
            248.00648,
            216.7354,
            89.757935,
            -178.9063,
            90.00453
        ],
        [
            377.02982,
            247.94714,
            216.61836,
            89.75885,
            -178.87189,
            90.00506
        ],
        [
            378.86642,
            247.90547,
            216.53627,
            89.760994,
            -178.83998,
            90.00732
        ],
        [
            380.54095,
            247.85254,
            216.45998,
            89.75193,
            -178.808,
            90.0056
        ],
        [
            381.96146,
            247.80869,
            216.37561,
            89.74295,
            -178.78024,
            90.006805
        ],
        [
            383.0969,
            247.77998,
            216.30655,
            89.73905,
            -178.76099,
            90.00518
        ],
        [
            384.11176,
            247.7481,
            216.25983,
            89.73936,
            -178.74283,
            90.00307
        ],
        [
            384.58994,
            247.73383,
            216.23941,
            89.73812,
            -178.73402,
            90.003944
        ],
        [
            384.96735,
            247.72055,
            216.22772,
            89.7382,
            -178.72667,
            90.004555
        ],
        [
            385.22626,
            247.7046,
            216.22157,
            89.739105,
            -178.72063,
            90.00359
        ],
        [
            385.28378,
            247.70467,
            216.2202,
            89.73919,
            -178.71764,
            90.00495
        ],
        [
            385.2823,
            247.70702,
            216.22153,
            89.73895,
            -178.71696,
            90.006165
        ],
        [
            385.28128,
            247.70827,
            216.22112,
            89.73895,
            -178.717,
            90.006454
        ],
        [
            385.27994,
            247.70981,
            216.22115,
            89.738976,
            -178.71695,
            90.00663
        ],
        [
            385.27863,
            247.71127,
            216.22096,
            89.739,
            -178.717,
            90.00686
        ]
    ]
}