{
    "CMD": 1040,
    "motion_trajectory": [
        [
            249.99745,
            249.74916,
            370.00055,
            89.89998,
            179.9401,
            89.98041
        ],
        [
            249.99776,
            249.749,
            370.00015,
            89.89995,
            179.94025,
            89.98036
        ],
        [
            249.99765,
            249.74896,
            370.00055,
            89.89998,
            179.94016,
            89.98036
        ],
        [
            249.99762,
            249.74873,
            370.00024,
            89.900276,
            179.93848,
            89.98017
        ],
        [
            249.99963,
            249.74896,
            369.99747,
            89.90073,
            179.93524,
            89.98009
        ],
        [
            250.00958,
            249.74937,
            369.9789,
            89.90216,
            179.93243,
            89.97973
        ],
        [
            250.03851,
            249.74472,
            369.9251,
            89.90344,
            179.9318,
            89.9778
        ],
        [
            250.0995,
            249.73706,
            369.78793,
            89.9001,
            179.9328,
            89.9757
        ],
        [
            250.31572,
            249.7107,
            369.3202,
            89.88548,
            179.94017,
            89.97021
        ],
        [
            250.7498,
            249.69931,
            368.4927,
            89.87362,
            179.94893,
            89.96746
        ],
        [
            251.29295,
            249.69345,
            367.55432,
            89.87766,
            179.95294,
            89.96726
        ],
        [
            251.87093,
            249.69336,
            366.59662,
            89.882385,
            179.95363,
            89.96897
        ],
        [
            252.59555,
            249.71169,
            365.40903,
            89.88991,
            179.95021,
            89.97534
        ],
        [
            253.35326,
            249.72572,
            364.1562,
            89.89412,
            179.94733,
            89.98252
        ],
        [
            254.44878,
            249.74078,
            362.35895,
            89.89355,
            179.9469,
            89.98602
        ],
        [
            255.58023,
            249.7437,
            360.51715,
            89.890434,
            179.9481,
            89.98415
        ],
        [
            256.95013,
            249.75745,
            358.27307,
            89.90049,
            179.94228,
            89.98738
        ],
        [
            257.75473,
            249.75435,
            356.96127,
            89.90592,
            179.9384,
            89.9865
        ],
        [
            258.57645,
            249.74971,
            355.61603,
            89.90598,
            179.93858,
            89.98389
        ],
        [
            259.51282,
            249.74477,
            354.072,
            89.90261,
            179.9388,
            89.98144
        ],
        [
            260.87405,
            249.74895,
            351.826,
            89.90044,
            179.93489,
            89.98133
        ],
        [
            263.3758,
            249.76428,
            347.7012,
            89.90396,
            179.93321,
            89.98352
        ],
        [
            264.9023,
            249.77284,
            345.2061,
            89.911896,
            179.92902,
            89.98528
        ],
        [
            265.9904,
            249.76886,
            343.40723,
            89.91202,
            179.92976,
            89.98515
        ],
        [
            268.16714,
            249.76244,
            339.78027,
            89.91055,
            179.9372,
            89.98192
        ],
        [
            270.27136,
            249.76106,
            336.19394,
            89.90399,
            179.94218,
            89.9817
        ],
        [
            273.03635,
            249.75768,
            331.63998,
            89.9074,
            179.94373,
            89.98262
        ],
        [
            274.44302,
            249.75269,
            329.28296,
            89.9099,
            179.94302,
            89.98269
        ],
        [
            276.53104,
            249.74529,
            325.76544,
            89.900154,
            179.94301,
            89.98081
        ],
        [
            278.38953,
            249.74,
            322.67197,
            89.89467,
            179.94363,
            89.978134
        ],
        [
            281.2938,
            249.74191,
            317.89307,
            89.90928,
            179.9362,
            89.97827
        ],
        [
            283.9792,
            249.73758,
            313.34137,
            89.897095,
            179.93617,
            89.98035
        ],
        [
            286.498,
            249.72932,
            309.16324,
            89.89555,
            179.93462,
            89.976654
        ],
        [
            288.11923,
            249.72235,
            306.45444,
            89.90073,
            179.93361,
            89.977974
        ],
        [
            289.8933,
            249.72711,
            303.5053,
            89.89987,
            179.93532,
            89.97831
        ],
        [
            291.57242,
            249.72237,
            300.70395,
            89.89212,
            179.94011,
            89.97528
        ],
        [
            293.16855,
            249.72443,
            298.0742,
            89.892334,
            179.94258,
            89.973885
        ],
        [
            294.9741,
            249.72409,
            295.0902,
            89.90415,
            179.94044,
            89.977005
        ],
        [
            296.98956,
            249.72829,
            291.70612,
            89.90401,
            179.94157,
            89.978226
        ],
        [
            298.5449,
            249.72133,
            289.0864,
            89.89629,
            179.94441,
            89.976326
        ],
        [
            300.07333,
            249.72633,
            286.5374,
            89.89053,
            179.94357,
            89.97734
        ],
        [
            301.0774,
            249.73344,
            284.8932,
            89.89394,
            179.94165,
            89.97796
        ],
        [
            301.95044,
            249.72394,
            283.44424,
            89.89436,
            179.94257,
            89.976364
        ],
        [
            302.63232,
            249.72328,
            282.28314,
            89.89345,
            179.94356,
            89.97641
        ],
        [
            303.57065,
            249.71904,
            280.7214,
            89.89642,
            179.94487,
            89.974915
        ],
        [
            304.22986,
            249.71344,
            279.642,
            89.89973,
            179.94531,
            89.97332
        ],
        [
            304.8408,
            249.7093,
            278.6242,
            89.90129,
            179.94473,
            89.97283
        ],
        [
            305.55978,
            249.70529,
            277.41266,
            89.90048,
            179.94379,
            89.972046
        ],
        [
            306.2975,
            249.7052,
            276.12897,
            89.89491,
            179.94203,
            89.97401
        ],
        [
            306.83423,
            249.70634,
            275.20084,
            89.88939,
            179.94131,
            89.97545
        ],
        [
            307.2597,
            249.71582,
            274.4976,
            89.8894,
            179.9406,
            89.97733
        ],
        [
            307.77747,
