{
    "CMD": 1100,
    "motion_trajectory": [
        [
            320.39136,
            210.48021,
            574.7701,
            89.96996,
            178.65987,
            89.90987
        ],
        [
            320.391,
            210.48044,
            574.77045,
            89.97006,
            178.65982,
            89.909904
        ],
        [
            320.39078,
            210.48064,
            574.7701,
            89.9699,
            178.65977,
            89.90993
        ],
        [
            320.39264,
            210.47997,
            574.77423,
            89.9708,
            178.65895,
            89.90963
        ],
        [
            320.3951,
            210.4781,
            574.7815,
            89.97262,
            178.6576,
            89.90869
        ],
        [
            320.40042,
            210.47589,
            574.7929,
            89.974884,
            178.65498,
            89.90657
        ],
        [
            320.40768,
            210.48254,
            574.8136,
            89.97843,
            178.65276,
            89.90242
        ],
        [
            320.4003,
            210.52194,
            574.83417,
            89.9815,
            178.65356,
            89.898384
        ],
        [
            320.33728,
            210.7637,
            574.8631,
            89.98642,
            178.66403,
            89.895
        ],
        [
            320.26636,
            211.01137,
            574.8641,
            89.9914,
            178.6795,
            89.89593
        ],
        [
            320.11758,
            211.63913,
            574.8111,
            89.997894,
            178.72534,
            89.89047
        ],
        [
            319.91547,
            212.44743,
            574.7139,
            89.99668,
            178.78331,
            89.88977
        ],
        [
            319.67255,
            213.35037,
            574.6043,
            89.99401,
            178.84497,
            89.894196
        ],
        [
            319.50034,
            213.96352,
            574.5337,
            89.9923,
            178.88254,
            89.894554
        ],
        [
            319.33368,
            214.57948,
            574.46155,
            89.98966,
            178.9198,
            89.895134
        ],
        [
            318.8608,
            216.35529,
            574.2169,
            89.97993,
            179.02855,
            89.89398
        ],
        [
            318.64395,
            217.14905,
            574.082,
            89.975685,
            179.08566,
            89.893936
        ],
        [
            318.12173,
            219.06648,
            573.7765,
            89.962555,
            179.2081,
            89.89972
        ],
        [
            317.82184,
            220.19495,
            573.6446,
            89.95758,
            179.27078,
            89.90307
        ],
        [
            317.54303,
            221.20737,
            573.5229,
            89.95448,
            179.33327,
            89.90616
        ],
        [
            317.25452,
            222.3464,
            573.3901,
            89.952515,
            179.40515,
            89.90503
        ],
        [
            316.92163,
            223.6335,
            573.2358,
            89.95122,
            179.48383,
            89.908035
        ],
        [
            316.59723,
            224.85822,
            573.078,
            89.94715,
            179.55693,
            89.90891
        ],
        [
            316.21106,
            226.3244,
            572.8704,
            89.93586,
            179.65297,
            89.91015
        ],
        [
            315.86453,
            227.59555,
            572.70496,
            89.931,
            179.7352,
            89.91241
        ],
        [
            315.49216,
            228.94087,
            572.52637,
            89.926636,
            179.81514,
            89.91711
        ],
        [
            314.80847,
            231.51492,
            572.20764,
            89.91671,
            179.96579,
            89.92547
        ],
        [
            314.46756,
            232.82614,
            572.0576,
            89.914246,
            -179.95065,
            89.92877
        ],
        [
            314.11624,
            234.16232,
            571.88477,
            89.91152,
            -179.86845,
            89.933075
        ],
        [
            313.76233,
            235.52838,
            571.70374,
            89.90731,
            -179.78557,
            89.936195
        ],
        [
            313.44717,
            236.76671,
            571.54987,
            89.90143,
            -179.70825,
            89.937126
        ],
        [
            313.0996,
            238.02554,
            571.3923,
            89.894745,
            -179.62848,
            89.94119
        ],
        [
            312.80286,
            239.15092,
            571.2426,
            89.887924,
            -179.56062,
            89.94377
        ],
        [
            312.46136,
            240.36696,
            571.0915,
            89.8856,
            -179.4908,
            89.94983
        ],
        [
            311.91983,
            242.35434,
            570.84033,
            89.88094,
            -179.37022,
            89.95673
        ],
        [
            311.70267,
            243.17082,
            570.7493,
            89.8797,
            -179.3175,
            89.957565
        ],
        [
            311.4701,
            244.14609,
            570.64343,
            89.875824,
            -179.25693,
            89.95635
        ],
        [
            311.28995,
            244.86165,
            570.56476,
            89.87448,
            -179.21301,
            89.95783
        ],
        [
            310.98642,
            245.98615,
            570.4295,
            89.87365,
            -179.14513,
            89.96439
        ],
        [
            310.6358,
            247.31427,
            570.3015,
            89.87542,
            -179.07056,
            89.96715
        ],
        [
            310.49817,
            247.84627,
            570.24274,
            89.876465,
            -179.03737,
            89.96987
        ],
        [
            310.27194,
            248.75603,
            570.1327,
            89.870705,
            -178.98224,
            89.97438
        ],
        [
            310.13138,
            249.34529,
            570.04767,
            89.865875,
            -178.94214,
            89.975105
        ],
        [
            310.0314,
            249.68057,
            569.9885,
            89.861984,
            -178.91666,
            89.98069
        ],
        [
            309.97876,
            249.82802,
            569.9537,
            89.860016,
            -178.90672,
            89.98152
        ],
        [
            309.95258,
            249.85844,
            569.94635,
            89.86004,
            -178.9055,
            89.98039
        ],
        [
            309.95538,
            249.84431,
            569.93585,
            89.858765,
            -178.9058,
            89.97743
        ],
        [
            309.96072,
            249.83354,
            569.9316,
            89.8582,
            -178.9057,
            89.97563
        ],
        [
            309.96466,
            249.82693,
            569.932,
            89.8583,
            -178.9058,
            89.97449
        ],
        [
            309.96893,
            249.82042,
            569.9317,
            89.858246,
            -178.90588,
            89.97331
        ],
        [
            309.97403,
            249.81264,
            569.93256,
            89.85845,
            -178.90599,
            89.97197
        ]
    ]
}