{
    "CMD": 1100,
    "motion_trajectory": [
        [
            320.3909,
            210.48055,
            574.7703,
            89.969955,
            178.65977,
            89.9099
        ],
        [
            320.37393,
            210.6322,
            574.8604,
            89.98669,
            178.67365,
            89.89627
        ],
        [
            319.76205,
            213.05449,
            574.6569,
            89.995766,
            178.83041,
            89.89415
        ],
        [
            318.5655,
            217.4184,
            574.03656,
            89.97241,
            179.103,
            89.89811
        ],
        [
            316.51486,
            225.20007,
            573.0183,
            89.94152,
            179.57924,
            89.9115
        ],
        [
            313.71576,
            235.69371,
            571.6896,
            89.90716,
            -179.77576,
            89.93676
        ],
        [
            311.8909,
            242.47462,
            570.83276,
            89.88212,
            -179.36183,
            89.95471
        ],
        [
            310.68564,
            247.1271,
            570.3159,
            89.875824,
            -179.08069,
            89.96714
        ],
        [
            310.02548,
            249.6765,
            569.9856,
            89.86158,
            -178.9159,
            89.97949
        ],
        [
            309.9533,
            249.83621,
            569.9333,
            89.85861,
            -178.90445,
            89.97708
        ]
    ]
}