{
    "CMD": 1082,
    "motion_trajectory": [
        [
            310.0004,
            249.80032,
            469.99997,
            89.900185,
            -178.72041,
            89.9998
        ],
        [
            310.0041,
            249.79909,
            470.0042,
            89.90143,
            -178.7226,
            89.99881
        ],
        [
            310.82773,
            249.836,
            470.04718,
            89.921196,
            -178.73352,
            89.98985
        ],
        [
            314.4584,
            249.79216,
            469.9172,
            89.92345,
            -178.72745,
            89.98332
        ],
        [
            320.5374,
            249.83455,
            469.5819,
            89.90599,
            -178.71802,
            90.006096
        ],
        [
            330.55017,
            249.83229,
            469.17444,
            89.907555,
            -178.72295,
            90.00736
        ],
        [
            342.05316,
            249.8182,
            468.6719,
            89.90944,
            -178.72746,
            90.00128
        ],
        [
            357.63144,
            249.8252,
            467.93915,
            89.8971,
            -178.71838,
            90.00997
        ],
        [
            374.022,
            249.80444,
            467.26245,
            89.90185,
            -178.71936,
            90.00183
        ],
        [
            388.31335,
            249.80745,
            466.60306,
            89.89597,
            -178.71379,
            90.00752
        ],
        [
            399.86435,
            249.80939,
            466.08575,
            89.88909,
            -178.71535,
            90.007774
        ],
        [
            407.71744,
            249.80592,
            465.79233,
            89.89952,
            -178.71902,
            90.00409
        ],
        [
            412.65973,
            249.79993,
            465.5698,
            89.8994,
            -178.7206,
            90.00353
        ],
        [
            414.7402,
            249.81834,
            465.47067,
            89.895744,
            -178.71823,
            90.01204
        ],
        [
            414.80768,
            249.81874,
            465.48077,
            89.897194,
            -178.71779,
            90.0125
        ]
    ]
}