{
    "CMD": 1100,
    "motion_trajectory": [
        [
            249.99808,
            249.74887,
            370.00058,
            89.90011,
            179.94002,
            89.9803
        ],
        [
            249.99829,
            249.74886,
            370.0009,
            89.90013,
            179.94008,
            89.980255
        ],
        [
            249.99791,
            249.74916,
            370.00098,
            89.900185,
            179.94008,
            89.980354
        ],
        [
            249.99754,
            249.74887,
            370.00134,
            89.90056,
            179.93933,
            89.98023
        ],
        [
            249.99805,
            249.74817,
            370.005,
            89.90056,
            179.93875,
            89.98003
        ],
        [
            249.99446,
            249.74405,
            370.05884,
            89.89839,
            179.93596,
            89.9796
        ],
        [
            250.0,
            249.73558,
            370.17255,
            89.89501,
            179.93379,
            89.978294
        ],
        [
            250.06927,
            249.71753,
            370.5333,
            89.88931,
            179.93257,
            89.97506
        ],
        [
            250.24559,
            249.68852,
            371.17114,
            89.88437,
            179.93379,
            89.969215
        ],
        [
            250.52728,
            249.68277,
            372.09842,
            89.873344,
            179.94115,
            89.96762
        ],
        [
            250.87267,
            249.6987,
            373.19446,
            89.87498,
            179.95384,
            89.96891
        ],
        [
            251.2017,
            249.7082,
            374.2934,
            89.880745,
            179.95906,
            89.971245
        ],
        [
            251.66443,
            249.71704,
            375.8298,
            89.881905,
            179.9687,
            89.97441
        ],
        [
            252.03423,
            249.7295,
            377.07706,
            89.88117,
            179.97824,
            89.978134
        ],
        [
            252.61646,
            249.74821,
            378.94473,
            89.881905,
            179.98956,
            89.983116
        ],
        [
            253.25252,
            249.77208,
            380.99164,
            89.88908,
            -179.99086,
            89.988716
        ],
        [
            253.68939,
            249.77995,
            382.4084,
            89.88836,
            -179.98105,
            89.989395
        ],
        [
            254.29193,
            249.77513,
            384.379,
            89.89147,
            -179.96814,
            89.9868
        ],
        [
            254.91902,
            249.76735,
            386.47006,
            89.89125,
            -179.95485,
            89.98675
        ],
        [
            255.33707,
            249.76575,
            387.82605,
            89.88634,
            -179.94653,
            89.98611
        ],
        [
            255.77725,
            249.76553,
            389.25067,
            89.88098,
            -179.93929,
            89.98487
        ],
        [
            257.10614,
            249.76285,
            393.7308,
            89.892365,
            -179.92339,
            89.98335
        ],
        [
            257.90668,
            249.7767,
            396.47412,
            89.89051,
            -179.90724,
            89.98922
        ],
        [
            258.5206,
            249.77264,
            398.51117,
            89.89059,
            -179.89351,
            89.98773
        ],
        [
            259.16345,
            249.76994,
            400.614,
            89.890526,
            -179.87813,
            89.98608
        ],
        [
            260.40585,
            249.75632,
            404.7475,
            89.882706,
            -179.85376,
            89.982155
        ],
        [
            261.7026,
            249.7434,
            409.0412,
            89.89151,
            -179.8379,
            89.97641
        ],
        [
            262.40543,
            249.73979,
            411.48123,
            89.893715,
            -179.82487,
            89.97875
        ],
        [
            263.9391,
            249.74811,
            416.48004,
            89.88349,
            -179.78935,
            89.979454
        ],
        [
            265.29053,
            249.74504,
            421.0522,
            89.8847,
            -179.7577,
            89.980286
        ],
        [
            267.17853,
            249.74539,
            427.4351,
            89.8875,
            -179.72765,
            89.98357
        ],
        [
            268.29236,
            249.75987,
            431.27222,
            89.88801,
            -179.70602,
            89.99226
        ],
        [
            270.03033,
            249.803,
            437.09158,
            89.885376,
            -179.65906,
            90.008896
        ],
        [
            271.61722,
            249.82631,
            442.65417,
            89.88105,
            -179.62234,
            90.02361
        ],
        [
            273.58337,
            249.80446,
            449.29666,
            89.89731,
            -179.59195,
            90.01851
        ],
        [
            275.37534,
            249.80716,
            455.0414,
            89.886765,
            -179.55156,
            90.013336
        ],
        [
            277.0766,
            249.79868,
            460.73398,
            89.881836,
            -179.5164,
            90.01099
        ],
        [
            278.2121,
            249.78,
            464.49615,
            89.893684,
            -179.50432,
            90.001495
        ],
        [
            280.24152,
            249.7506,
            471.2926,
            89.89088,
            -179.46996,
            89.993835
        ],
        [
            282.6688,
            249.75214,
            479.07034,
            89.887024,
            -179.42215,
            89.98412
        ],
        [
            284.4496,
            249.72612,
            484.9806,
            89.883255,
            -179.39632,
            89.97631
        ],
        [
            286.42493,
            249.70917,
            491.56683,
            89.89053,
            -179.36266,
            89.969795
        ],
        [
            288.10294,
            249.69125,
            497.1579,
            89.887596,
            -179.32222,
            89.96597
        ],
        [
            289.91855,
            249.69907,
            503.13492,
            89.88651,
            -179.29095,
            89.96614
        ],
        [
            291.49094,
            249.6888,
            508.28525,
            89.87807,
            -179.26695,
            89.961426
        ],
        [
            293.12277,
            249.6913,
            513.9094,
            89.88792,
            -179.23625,
            89.960884
        ],
        [
            294.62787,
            249.68237,
            518.90326,
            89.88903,
            -179.20663,
            89.95954
        ],
        [
            296.012,
            249.68973,
            523.4494,
            89.87999,
            -179.17885,
            89.96174
        ],
        [
            297.41483,
            249.69452,
            528.1542,
            89.87796,
            -179.15562,
            89.96301
        ],
        [
            298.76352,
            249.6832,
            532.6789,
            89.88767,
            -179.12949,
            89.95836
        ],
        [
            299.93094,
            249.68196,
            536.5297,
            89.88005,
            -179.09833,
            89.95956
