{
    "CMD": 1093,
    "motion_trajectory": [
        [
            309.99945,
            252.11125,
            520.92096,
            89.790535,
            -178.63019,
            89.96021
        ],
        [
            310.006,
            252.11122,
            520.9285,
            89.79337,
            -178.63477,
            89.95927
        ],
        [
            311.19684,
            252.13182,
            521.0444,
            89.831116,
            -178.64343,
            89.95753
        ],
        [
            315.69397,
            252.06165,
            520.85046,
            89.817245,
            -178.6339,
            89.956726
        ],
        [
            322.85025,
            251.99837,
            520.47375,
            89.79514,
            -178.62726,
            89.96641
        ],
        [
            333.24838,
            251.88298,
            520.10675,
            89.799355,
            -178.6237,
            89.96846
        ],
        [
            345.7292,
            251.73666,
            519.6019,
            89.79564,
            -178.62688,
            89.96709
        ],
        [
            364.8297,
            251.52328,
            518.8658,
            89.78391,
            -178.62984,
            89.9671
        ],
        [
            384.0229,
            251.27872,
            518.19073,
            89.797806,
            -178.6205,
            89.96003
        ],
        [
            400.36224,
            251.10553,
            517.533,
            89.78492,
            -178.62035,
            89.963005
        ],
        [
            415.40717,
            250.93633,
            516.97473,
            89.78842,
            -178.62274,
            89.96458
        ],
        [
            427.482,
            250.82481,
            516.489,
            89.78648,
            -178.6229,
            89.96837
        ],
        [
            437.2147,
            250.70354,
            516.1361,
            89.77964,
            -178.62065,
            89.96533
        ],
        [
            443.12466,
            250.6339,
            515.90936,
            89.77943,
            -178.61777,
            89.96646
        ],
        [
            444.9992,
            250.62471,
            515.83856,
            89.783424,
            -178.61656,
            89.969826
        ],
        [
            445.05804,
            250.61519,
            515.83026,
            89.78248,
            -178.61635,
            89.969574
        ]
    ]
}