{
    "CMD": 1400,
    "motion_trajectory": [
        [
            259.1704,
            256.96298,
            382.71527,
            89.96671,
            178.62163,
            89.90232
        ],
        [
            259.17053,
            256.96286,
            382.71555,
            89.96675,
            178.62161,
            89.90227
        ],
        [
            259.1704,
            256.96307,
            382.71518,
            89.96665,
            178.62167,
            89.90231
        ],
        [
            259.17184,
            256.9634,
            382.71646,
            89.96727,
            178.62178,
            89.9022
        ],
        [
            259.1737,
            256.9634,
            382.71796,
            89.967415,
            178.62492,
            89.90206
        ],
        [
            259.17618,
            256.95645,
            382.74283,
            89.96714,
            178.6282,
            89.9011
        ],
        [
            259.1978,
            256.90396,
            382.90924,
            89.96393,
            178.62656,
            89.89848
        ],
        [
            259.26007,
            256.83514,
            383.16183,
            89.96455,
            178.62433,
            89.89755
        ],
        [
            259.56165,
            256.60406,
            384.07736,
            89.9734,
            178.61798,
            89.89202
        ],
        [
            259.7092,
            256.4995,
            384.50714,
            89.97441,
            178.61687,
            89.891945
        ],
        [
            260.09616,
            256.21152,
            385.70844,
            89.97615,
            178.62004,
            89.89463
        ],
        [
            260.46768,
            255.91997,
            386.93057,
            89.97265,
            178.62332,
            89.902916
        ],
        [
            260.9441,
            255.52812,
            388.42496,
            89.95755,
            178.62479,
            89.90577
        ],
        [
            261.60776,
            254.97044,
            390.504,
            89.951416,
            178.63148,
            89.90412
        ],
        [
            262.0883,
            254.56168,
            392.10547,
            89.95756,
            178.63474,
            89.906395
        ],
        [
            262.83804,
            253.92445,
            394.62448,
            89.95201,
            178.63657,
            89.91341
        ],
        [
            263.51227,
            253.37222,
            396.75293,
            89.94533,
            178.63788,
            89.9138
        ],
        [
            263.8688,
            253.07642,
            397.90936,
            89.94799,
            178.63716,
            89.9146
        ],
        [
            265.01828,
            252.11111,
            401.73993,
            89.95271,
            178.6327,
            89.921104
        ],
        [
            265.7336,
            251.51076,
            404.0281,
            89.953445,
            178.62889,
            89.92027
        ],
        [
            266.64948,
            250.7633,
            406.88696,
            89.95082,
            178.62921,
            89.91706
        ],
        [
            267.79333,
            249.78987,
            410.60114,
            89.95653,
            178.62766,
            89.91258
        ],
        [
            268.85406,
            248.9056,
            414.05142,
            89.95374,
            178.63422,
            89.91613
        ],
        [
            270.0252,
            247.94508,
            417.73187,
            89.95579,
            178.639,
            89.91225
        ],
        [
            271.1423,
            247.0238,
            421.32,
            89.945724,
            178.6411,
            89.91773
        ],
        [
            272.178,
            246.14938,
            424.732,
            89.95323,
            178.64038,
            89.91707
        ],
        [
            273.28256,
            245.22359,
            428.36783,
            89.95525,
            178.63335,
            89.918274
        ],
        [
            274.2912,
            244.37778,
            431.65872,
            89.95919,
            178.63542,
            89.920074
        ],
        [
            275.58447,
            243.31158,
            435.68677,
            89.94993,
            178.63692,
            89.915695
        ],
        [
            277.12643,
            242.03154,
            440.67963,
            89.949715,
            178.64392,
            89.91692
        ],
        [
            277.99738,
            241.2845,
            443.58273,
            89.963005,
            178.6456,
            89.916595
        ],
        [
            278.74402,
            240.66075,
            446.01462,
            89.96184,
            178.64674,
            89.916916
        ],
        [
            279.52383,
            240.01544,
            448.49765,
            89.95813,
            178.64911,
            89.91737
        ],
        [
            280.43787,
            239.26456,
            451.33652,
            89.9411,
            178.65114,
            89.916794
        ],
        [
            282.01007,
            237.98721,
            456.3523,
            89.94853,
            178.65039,
            89.91648
        ],
        [
            283.40256,
            236.80551,
            460.94235,
            89.95525,
            178.64458,
            89.91651
        ],
        [
            285.02734,
            235.42917,
            466.2875,
            89.9503,
            178.6473,
            89.92279
        ],
        [
            285.95428,
            234.6791,
            469.146,
            89.951454,
            178.64755,
            89.9183
        ],
        [
            287.88278,
            233.05887,
            475.3438,
            89.94438,
            178.64748,
            89.915436
        ],
        [
            288.99063,
            232.12827,
            479.03015,
            89.96229,
            178.64488,
            89.91396
        ],
        [
            291.05975,
            230.40184,
            485.67377,
            89.96442,
            178.64995,
            89.91095
        ],
        [
            292.94507,
            228.84663,
            491.6901,
            89.95406,
            178.66046,
            89.91592
        ],
        [
            294.07947,
            227.9101,
            495.35892,
            89.96211,
            178.66151,
            89.9146
        ],
        [
            295.26276,
            226.88585,
            499.27405,
            89.964386,
            178.66327,
            89.914
        ],
        [
            297.06693,
            225.4099,
            504.9722,
            89.97273,
            178.6623,
            89.9079
        ],
        [
            298.1905,
            224.47136,
            508.51996,
            89.95754,
            178.66794,
            89.909065
        ],
        [
            299.01163,
            223.78223,
            511.17032,
            89.95713,
            178.67148,
            89.90858
        ],
        [
            300.8823,
            222.23138,
            517.27124,
            89.96654,
            178.68616,
            89.91073
        ],
        [
            302.4593,
            220.92229,
            522.3715,
            89.96891,
            178.69722,
            89.91143
        ],
        [
            304.05182,
            219.59016,
            527.499,
            89.95739,
            178.70482,
            89.91296
        ],
        [
            305.47372,
            218.40851,
            532.07666,
            89.9664,
            178.70377,
            89.91166
        ],
        [
            306.93484,
