{
    "CMD": 1100,
    "motion_trajectory": [
        [
            320.31256,
            206.15083,
            579.71606,
            89.95069,
            178.6694,
            89.91991
        ],
        [
            320.31274,
            206.15067,
            579.7161,
            89.95068,
            178.6695,
            89.91989
        ],
        [
            320.31274,
            206.15074,
            579.7154,
            89.95059,
            178.66956,
            89.91992
        ],
        [
            320.31482,
            206.14677,
            579.72003,
            89.95324,
            178.66617,
            89.917816
        ],
        [
            320.32028,
            206.15642,
            579.73315,
            89.957634,
            178.6638,
            89.9134
        ],
        [
            320.3172,
            206.1945,
            579.7503,
            89.961876,
            178.66501,
            89.90953
        ],
        [
            320.2889,
            206.36021,
            579.7758,
            89.9681,
            178.67,
            89.90674
        ],
        [
            320.24353,
            206.55586,
            579.77637,
            89.97457,
            178.67981,
            89.90729
        ],
        [
            320.17828,
            206.89734,
            579.7282,
            89.976654,
            178.70248,
            89.90365
        ],
        [
            320.11694,
            207.21585,
            579.6608,
            89.97772,
            178.72684,
            89.89961
        ],
        [
            320.0045,
            207.67697,
            579.5736,
            89.98012,
            178.75781,
            89.89786
        ],
        [
            319.74564,
            208.74094,
            579.34344,
            89.9821,
            178.82101,
            89.90068
        ],
        [
            319.3739,
            210.1891,
            578.96014,
            89.97254,
            178.89877,
            89.90227
        ],
        [
            319.07516,
            211.42455,
            578.62604,
            89.96003,
            178.96872,
            89.90308
        ],
        [
            318.73138,
            212.82806,
            578.25397,
            89.94728,
            179.0505,
            89.90586
        ],
        [
            318.37137,
            214.37566,
            577.9013,
            89.94456,
            179.13477,
            89.90777
        ],
        [
            318.08398,
            215.6445,
            577.63666,
            89.94413,
            179.20535,
            89.907715
        ],
        [
            317.51053,
            218.0811,
            577.066,
            89.93444,
            179.34393,
            89.90828
        ],
        [
            316.91534,
            220.44066,
            576.5005,
            89.92774,
            179.47502,
            89.912254
        ],
        [
            316.2965,
            223.10529,
            575.96796,
            89.927505,
            179.61615,
            89.916954
        ],
        [
            315.91855,
            224.65776,
            575.61316,
            89.92698,
            179.70633,
            89.923935
        ],
        [
            315.46048,
            226.67879,
            575.1254,
            89.917244,
            179.82419,
            89.92418
        ],
        [
            314.8034,
            229.49304,
            574.4747,
            89.90331,
            179.96983,
            89.92487
        ],
        [
            314.40793,
            231.12315,
            574.10657,
            89.90058,
            -179.93942,
            89.93218
        ],
        [
            313.72614,
            233.93413,
            573.4954,
            89.8962,
            -179.78384,
            89.94218
        ],
        [
            313.37375,
            235.44157,
            573.1669,
            89.897484,
            -179.6991,
            89.943344
        ],
        [
            313.09714,
            236.6889,
            572.90045,
            89.89514,
            -179.62953,
            89.94303
        ],
        [
            312.47607,
            239.31001,
            572.2826,
            89.87729,
            -179.49109,
            89.95058
        ],
        [
            312.1931,
            240.48099,
            571.99817,
            89.874565,
            -179.42639,
            89.95424
        ],
        [
            311.65805,
            242.58633,
            571.51636,
            89.87232,
            -179.30753,
            89.962975
        ],
        [
            311.427,
            243.5944,
            571.32416,
            89.87246,
            -179.25208,
            89.960884
        ],
        [
            311.04102,
            245.26332,
            570.9825,
            89.871414,
            -179.162,
            89.96757
        ],
        [
            310.73962,
            246.52432,
            570.7059,
            89.87086,
            -179.09619,
            89.97103
        ],
        [
            310.57196,
            247.25943,
            570.5661,
            89.87422,
            -179.05614,
            89.96939
        ],
        [
            310.32742,
            248.32767,
            570.33527,
            89.87254,
            -179.00018,
            89.97278
        ],
        [
            310.17456,
            249.03969,
            570.18036,
            89.87031,
            -178.95755,
            89.97273
        ],
        [
            310.05215,
            249.5381,
            570.048,
            89.86593,
            -178.92499,
            89.97757
        ],
        [
            309.9852,
            249.77898,
            569.9799,
            89.86334,
            -178.90897,
            89.98055
        ],
        [
            309.9566,
            249.84694,
            569.9568,
            89.86206,
            -178.90715,
            89.97955
        ],
        [
            309.9553,
            249.84013,
            569.9509,
            89.86139,
            -178.90794,
            89.97692
        ],
        [
            309.9606,
            249.82976,
            569.94666,
            89.86088,
            -178.90782,
            89.97514
        ],
        [
            309.96997,
            249.81471,
            569.9475,
            89.86101,
            -178.90788,
            89.97251
        ],
        [
            309.97812,
            249.80226,
            569.9458,
            89.86054,
            -178.90695,
            89.97078
        ]
    ]
}