{
    "CMD": 2060,
    "motion_trajectory": [
        [
            504.6998,
            249.88095,
            365.03925,
            89.90253,
            -178.72037,
            90.01991
        ],
        [
            504.7004,
            249.88081,
            365.0392,
            89.90235,
            -178.72037,
            90.01984
        ],
        [
            504.67902,
            249.88,
            365.2324,
            89.89748,
            -178.72862,
            90.02115
        ],
        [
            504.55545,
            249.87923,
            367.68817,
            89.87769,
            -178.7306,
            90.03341
        ],
        [
            504.64294,
            249.87248,
            372.93115,
            89.903885,
            -178.72072,
            90.030846
        ],
        [
            504.71582,
            249.86841,
            376.70422,
            89.90316,
            -178.71875,
            90.022125
        ],
        [
            504.7462,
            249.86009,
            378.02222,
            89.90283,
            -178.72014,
            90.01227
        ],
        [
            504.74075,
            249.86932,
            378.0244,
            89.903244,
            -178.7202,
            90.01323
        ],
        [
            504.4295,
            249.86601,
            378.0814,
            89.90566,
            -178.7204,
            90.01265
        ],
        [
            501.95007,
            249.84105,
            378.17914,
            89.90311,
            -178.72455,
            90.01062
        ],
        [
            495.69296,
            249.83461,
            378.2271,
            89.90115,
            -178.76454,
            90.01093
        ],
        [
            486.62183,
            249.81418,
            378.40424,
            89.89685,
            -178.83264,
            90.00367
        ],
        [
            473.8011,
            249.81332,
            378.74783,
            89.902016,
            -178.91704,
            90.00518
        ],
        [
            456.02682,
            249.81918,
            379.15683,
            89.898285,
            -179.03394,
            90.007286
        ],
        [
            440.00378,
            249.81126,
            379.53302,
            89.89565,
            -179.14125,
            89.99927
        ],
        [
            416.7251,
            249.75795,
            380.0863,
            89.894966,
            -179.29799,
            89.99219
        ],
        [
            393.4204,
            249.77948,
            380.68613,
            89.90564,
            -179.45374,
            89.99052
        ],
        [
            370.65387,
            249.785,
            381.22574,
            89.902245,
            -179.59918,
            89.99476
        ],
        [
            349.7758,
            249.76886,
            381.7133,
            89.89926,
            -179.72853,
            89.98853
        ],
        [
            335.10934,
            249.77519,
            382.12622,
            89.91243,
            -179.827,
            89.98541
        ],
        [
            323.1224,
            249.76494,
            382.36136,
            89.8976,
            -179.90683,
            89.98269
        ],
        [
            313.63815,
            249.7763,
            382.6297,
            89.90928,
            -179.97595,
            89.98609
        ],
        [
            305.25854,
            249.76485,
            382.79935,
            89.89896,
            179.97134,
            89.984276
        ],
        [
            301.73737,
            249.78499,
            382.92032,
            89.91386,
            179.94757,
            89.982735
        ],
        [
            299.9714,
            249.78691,
            382.9059,
            89.902115,
            179.93869,
            89.98618
        ],
        [
            299.95227,
            249.773,
            382.9176,
            89.90347,
            179.93587,
            89.98035
        ]
    ]
}