{
    "CMD": 1091,
    "motion_trajectory": [
        [
            309.99924,
            252.10994,
            520.9211,
            89.790146,
            -178.63008,
            89.960236
        ],
        [
            309.99924,
            252.10962,
            520.9209,
            89.79015,
            -178.63013,
            89.960175
        ],
        [
            309.9993,
            252.10995,
            520.9206,
            89.79012,
            -178.63,
            89.96027
        ],
        [
            309.99908,
            252.11003,
            520.9211,
            89.79021,
            -178.63005,
            89.96026
        ],
        [
            309.9994,
            252.10945,
            520.9221,
            89.79058,
            -178.63205,
            89.959915
        ],
        [
            310.00043,
            252.10925,
            520.9224,
            89.79068,
            -178.63441,
            89.95979
        ],
        [
            310.03223,
            252.11,
            520.94293,
            89.79363,
            -178.63997,
            89.958885
        ],
        [
            310.20865,
            252.09772,
            521.01025,
            89.80667,
            -178.64578,
            89.95613
        ],
        [
            310.70758,
            252.06357,
            521.009,
            89.81383,
            -178.64511,
            89.95192
        ],
        [
            311.06357,
            252.0457,
            520.97156,
            89.81139,
            -178.64389,
            89.94921
        ],
        [
            311.53214,
            252.03488,
            520.9083,
            89.80554,
            -178.6402,
            89.94839
        ],
        [
            312.5634,
            252.0318,
            520.80585,
            89.7998,
            -178.63356,
            89.95077
        ],
        [
            313.7237,
            252.0175,
            520.74316,
            89.7997,
            -178.63077,
            89.95134
        ],
        [
            314.82126,
            252.00392,
            520.697,
            89.79996,
            -178.63045,
            89.95319
        ],
        [
            315.57263,
            251.99794,
            520.6516,
            89.798584,
            -178.6305,
            89.955444
        ],
        [
            317.8196,
            251.96701,
            520.5429,
            89.7972,
            -178.634,
            89.95908
        ],
        [
            319.66193,
            251.95186,
            520.4534,
            89.79832,
            -178.6323,
            89.965324
        ],
        [
            321.37085,
            251.92818,
            520.3352,
            89.79364,
            -178.62964,
            89.96936
        ],
        [
            323.64084,
            251.89185,
            520.1935,
            89.79259,
            -178.62239,
            89.97341
        ],
        [
            326.70108,
            251.81842,
            520.04767,
            89.79387,
            -178.62326,
            89.97095
        ],
        [
            328.9731,
            251.7626,
            519.9405,
            89.79513,
            -178.62404,
            89.968765
        ],
        [
            331.51053,
            251.71233,
            519.8155,
            89.79682,
            -178.62482,
            89.9678
        ],
        [
            336.29446,
            251.60297,
            519.55286,
            89.793236,
            -178.63129,
            89.96149
        ],
        [
            339.74017,
            251.54517,
            519.35126,
            89.79127,
            -178.63345,
            89.962685
        ],
        [
            342.17627,
            251.50888,
            519.213,
            89.79365,
            -178.63062,
            89.96761
        ],
        [
            349.02393,
            251.33086,
            518.8792,
            89.79577,
            -178.63551,
            89.96021
        ],
        [
            353.3201,
            251.24005,
            518.5954,
            89.78528,
            -178.63478,
            89.959076
        ],
        [
            356.76312,
            251.16675,
            518.4072,
            89.78126,
            -178.63322,
            89.9568
        ],
        [
            359.3152,
            251.10912,
            518.2979,
            89.78343,
            -178.63603,
            89.95484
        ],
        [
            361.72375,
            251.06622,
            518.1674,
            89.78016,
            -178.63663,
            89.95487
        ],
        [
            364.98096,
            251.00981,
            517.94336,
            89.774124,
            -178.63057,
            89.9583
        ],
        [
            368.0793,
            250.94238,
            517.7591,
            89.7725,
            -178.62473,
            89.958206
        ],
        [
            370.8823,
            250.88228,
            517.6402,
            89.77776,
            -178.6229,
            89.958244
        ],
        [
            373.42877,
            250.82167,
            517.50665,
            89.779915,
            -178.6237,
            89.95634
        ],
        [
            375.96277,
            250.76898,
            517.36676,
            89.77939,
            -178.62495,
            89.95464
        ],
        [
            377.84418,
            250.73357,
            517.2523,
            89.77722,
            -178.62358,
            89.95491
        ],
        [
            379.70993,
            250.69789,
            517.14685,
            89.77698,
            -178.62401,
            89.95337
        ],
        [
            381.26056,
            250.66473,
            517.0533,
            89.773964,
            -178.62437,
            89.95409
        ],
        [
            382.61584,
            250.64507,
            516.9796,
            89.77531,
            -178.62433,
            89.95624
        ],
        [
            383.642,
            250.62186,
            516.9515,
            89.77897,
            -178.62668,
            89.95395
        ],
        [
            384.49734,
            250.59712,
            516.91095,
            89.78038,
            -178.62798,
            89.95119
        ],
        [
            385.08182,
            250.57915,
            516.87506,
            89.77917,
            -178.62917,
            89.95063
        ],
        [
            385.4513,
            250.57281,
            516.8618,
            89.780396,
            -178.62837,
            89.95365
        ],
        [
            385.53598,
            250.5716,
            516.85547,
            89.78009,
            -178.62787,
            89.95498
        ],
        [
            385.5964,
            250.5732,
            516.82983,
            89.77584,
            -178.62898,
            89.95686
        ],
        [
            385.5995,
            250.57465,
            516.81976,
            89.773796,
            -178.62926,
            89.957596
        ],
        [
            385.59946,
            250.57555,
            516.8177,
            89.77303,
            -178.62924,
            89.95796
        ],
        [
            385.59775,
            250.57744,
            516.81714,
            89.77259,
            -178.62921,
            89.95833
        ],
        [
            385.5952,
            250.58073,
            516.81647,
            89.77245,
            -178.62918,
            89.95885
        ],
        [
            385.59283,
            250.5859,
            516.8189,
            89.77192,
            -178.62823,
            89.96014
        ]
    ]
}