{
    "CMD": 1045,
    "motion_trajectory": [
        [
            309.99994,
            249.74017,
            270.00024,
            89.89991,
            179.94026,
            89.97975
        ],
        [
            310.00085,
            249.73997,
            270.00058,
            89.90005,
            179.94019,
            89.97966
        ],
        [
            310.00076,
            249.7398,
            270.0003,
            89.90002,
            179.94034,
            89.979614
        ],
        [
            310.0,
            249.74036,
            270.00046,
            89.9,
            179.94017,
            89.97981
        ],
        [
            310.00018,
            249.74026,
            270.0004,
            89.90001,
            179.94019,
            89.97976
        ],
        [
            310.00058,
            249.73991,
            270.00064,
            89.900055,
            179.9402,
            89.97966
        ],
        [
            310.00024,
            249.74026,
            270.00098,
            89.90009,
            179.94017,
            89.97976
        ],
        [
            310.00052,
            249.7396,
            270.0006,
            89.90001,
            179.94026,
            89.979614
        ],
        [
            310.00327,
            249.7362,
            269.99908,
            89.90009,
            179.94022,
            89.978096
        ],
        [
            310.04337,
            249.73703,
            269.99054,
            89.89798,
            179.9401,
            89.97664
        ],
        [
            310.2686,
            249.74892,
            269.96112,
            89.89406,
            179.94286,
            89.9722
        ],
        [
            310.81802,
            249.76189,
            269.94022,
            89.89886,
            179.9436,
            89.97014
        ],
        [
            311.60696,
            249.73598,
            269.92493,
            89.903915,
            179.94629,
            89.96343
        ],
        [
            312.37073,
            249.70622,
            269.90744,
            89.90265,
            179.95177,
            89.95864
        ],
        [
            313.64752,
            249.69353,
            269.88736,
            89.90001,
            179.96317,
            89.96241
        ],
        [
            314.99374,
            249.6809,
            269.86285,
            89.89755,
            179.9745,
            89.96736
        ],
        [
            316.13556,
            249.6844,
            269.8428,
            89.898415,
            179.9852,
            89.97241
        ],
        [
            317.1983,
            249.68944,
            269.82483,
            89.899155,
            179.99353,
            89.977005
        ],
        [
            319.2011,
            249.6878,
            269.81366,
            89.90263,
            -179.99101,
            89.98431
        ],
        [
            321.3785,
            249.65923,
            269.77783,
            89.89221,
            -179.97783,
            89.98587
        ],
        [
            323.89975,
            249.63284,
            269.73236,
            89.88374,
            -179.96347,
            89.988525
        ],
        [
            326.6026,
            249.60657,
            269.6874,
            89.88189,
            -179.94539,
            89.989494
        ],
        [
            328.6129,
            249.59549,
            269.65985,
            89.88541,
            -179.93475,
            89.99334
        ],
        [
            331.85178,
            249.55637,
            269.59515,
            89.8788,
            -179.91173,
            89.995186
        ],
        [
            333.94357,
            249.52649,
            269.56207,
            89.874435,
            -179.89552,
            89.99187
        ],
        [
            337.93954,
            249.48772,
            269.49588,
            89.87058,
            -179.86761,
            89.994774
        ],
        [
            341.85345,
            249.44093,
            269.445,
            89.877716,
            -179.83553,
            89.99019
        ],
        [
            343.94992,
            249.40926,
            269.39804,
            89.87136,
            -179.82019,
            89.98721
        ],
        [
            348.38104,
            249.38113,
            269.30164,
            89.85782,
            -179.78662,
            89.99791
        ],
        [
            352.81488,
            249.31105,
            269.22842,
            89.86355,
            -179.75891,
            89.988655
        ],
        [
            357.71655,
            249.26425,
            269.14282,
            89.852684,
            -179.72974,
            89.992805
        ],
        [
            364.037,
            249.19536,
            269.0925,
            89.86252,
            -179.69061,
            89.990364
        ],
        [
            370.5307,
            249.14671,
            269.06958,
            89.86468,
            -179.64737,
            89.99434
        ],
        [
            375.93546,
            249.09172,
            269.00922,
            89.867,
            -179.60785,
            89.99805
        ],
        [
            382.06,
            249.0228,
            268.93686,
            89.86584,
            -179.56429,
            89.99525
        ],
        [
            387.79636,
            248.95445,
            268.77432,
            89.85138,
            -179.51932,
            89.99974
        ],
        [
            394.254,
            248.88335,
            268.62698,
            89.839584,
            -179.47815,
            89.99707
        ],
        [
            401.23114,
            248.81395,
            268.51328,
            89.84014,
            -179.4341,
            89.99724
        ],
        [
            407.76276,
            248.74565,
            268.36838,
            89.82236,
            -179.38885,
            90.00092
        ],
        [
            413.8281,
            248.66805,
            268.23996,
            89.81859,
            -179.34383,
            89.9988
        ],
        [
            419.69974,
            248.6095,
            268.11584,
            89.811966,
            -179.30356,
            89.99645
        ],
        [
            424.77924,
            248.56061,
            267.9776,
            89.79902,
            -179.26236,
            90.006905
        ],
        [
            431.2962,
            248.48984,
            267.8911,
            89.79523,
            -179.21555,
            90.00464
        ],
        [
            437.7086,
            248.42642,
            267.7881,
            89.80022,
            -179.16939,
            90.00154
        ],
        [
            444.11313,
            248.36438,
            267.65237,
            89.78347,
            -179.12573,
            90.00464
        ],
        [
            449.7249,
            248.28842,
            267.53882,
            89.781166,
            -179.0903,
            90.00467
        ],
        [
            454.8116,
            248.27332,
            267.46597,
            89.77747,
            -179.05917,
            90.008194
        ],
        [
            459.30133,
            248.23198,
            267.34918,
            89.76537,
            -179.02686,
            90.01635
        ],
        [
            462.26407,
            248.20512,
            267.32248,
            89.77318,
            -179.01031,
            90.01356
        ],
        [
            464.9547,
            248.14883,
            267.26566,
            89.76933,
            -178.99237,
            90.00813
        ],
        [
            469.00854,
            248.10373,
            267.1666,
            89.75725,
            -178.9633,
            90.00993
        ],
