{
    "CMD": 1340,
    "motion_trajectory": [
        [
            249.99611,
            249.74927,
            370.00027,
            89.8999,
            179.9402,
            89.98056
        ],
        [
            249.99641,
            249.74937,
            370.00015,
            89.8999,
            179.9402,
            89.98056
        ],
        [
            249.99706,
            249.74928,
            370.00037,
            89.9,
            179.94025,
            89.98045
        ],
        [
            249.9976,
            249.74834,
            369.9993,
            89.90068,
            179.93561,
            89.98021
        ],
        [
            250.01503,
            249.73311,
            369.98807,
            89.90269,
            179.93184,
            89.97822
        ],
        [
            250.08223,
            249.66896,
            369.9092,
            89.90541,
            179.92892,
            89.974976
        ],
        [
            250.27084,
            249.51015,
            369.59644,
            89.89614,
            179.9284,
            89.971146
        ],
        [
            250.47568,
            249.36685,
            369.2797,
            89.89062,
            179.92831,
            89.96966
        ],
        [
            250.77713,
            249.15929,
            368.81903,
            89.88326,
            179.9277,
            89.97096
        ],
        [
            251.27142,
            248.82195,
            368.10107,
            89.88273,
            179.92189,
            89.97816
        ],
        [
            251.92462,
            248.3977,
            367.23343,
            89.88605,
            179.9128,
            89.9811
        ],
        [
            252.46613,
            248.06265,
            366.55017,
            89.89022,
            179.90138,
            89.98239
        ],
        [
            253.06918,
            247.6972,
            365.798,
            89.89554,
            179.88762,
            89.982315
        ],
        [
            253.90022,
            247.18475,
            364.73788,
            89.89911,
            179.87228,
            89.9846
        ],
        [
            255.12308,
            246.44983,
            363.20117,
            89.89999,
            179.84827,
            89.98619
        ],
        [
            255.93259,
            245.9569,
            362.17725,
            89.89864,
            179.83487,
            89.983475
        ],
        [
            257.28363,
            245.12675,
            360.46652,
            89.89777,
            179.80783,
            89.98146
        ],
        [
            258.83685,
            244.15216,
            358.5081,
            89.90789,
            179.77391,
            89.97822
        ],
        [
            259.8501,
            243.51811,
            357.21832,
            89.91324,
            179.75427,
            89.97815
        ],
        [
            261.81284,
            242.30565,
            354.69327,
            89.9119,
            179.71704,
            89.9771
        ],
        [
            263.7925,
            241.07755,
            352.17365,
            89.91177,
            179.67557,
            89.973785
        ],
        [
            265.99347,
            239.72606,
            349.39334,
            89.9185,
            179.63765,
            89.96813
        ],
        [
            268.3109,
            238.27591,
            346.4616,
            89.92369,
            179.59499,
            89.962395
        ],
        [
            269.49847,
            237.53656,
            344.9586,
            89.92531,
            179.57243,
            89.9592
        ],
        [
            271.97437,
            235.9863,
            341.70575,
            89.92915,
            179.52957,
            89.965454
        ],
        [
            274.7751,
            234.22034,
            338.09155,
            89.92304,
            179.48491,
            89.95583
        ],
        [
            277.49197,
            232.49187,
            334.62262,
            89.9302,
            179.43478,
            89.94952
        ],
        [
            280.07803,
            230.85698,
            331.26578,
            89.92867,
            179.38808,
            89.94493
        ],
        [
            282.98984,
            229.0417,
            327.44583,
            89.91454,
            179.33826,
            89.944275
        ],
        [
            286.2198,
            227.00748,
            323.3688,
            89.93718,
            179.27571,
            89.939835
        ],
        [
            289.21362,
            225.10985,
            319.46317,
            89.922165,
            179.22226,
            89.92972
        ],
        [
            291.7208,
            223.53075,
            316.25958,
            89.926605,
            179.17706,
            89.92146
        ],
        [
            294.4292,
            221.82556,
            312.78793,
            89.93638,
            179.1225,
            89.92313
        ],
        [
            296.53912,
            220.51483,
            310.0349,
            89.92991,
            179.0769,
            89.92394
        ],
        [
            298.70502,
            219.16652,
            307.25867,
            89.931404,
            179.02766,
            89.918915
        ],
        [
            301.43173,
            217.43579,
            303.7921,
            89.94325,
            178.96782,
            89.912506
        ],
        [
            303.6948,
            216.00975,
            300.851,
            89.93616,
            178.9248,
            89.90767
        ],
        [
            305.59134,
            214.82135,
            298.3483,
            89.926254,
            178.89178,
            89.90816
        ],
        [
            307.6219,
            213.56558,
            295.76236,
            89.935776,
            178.86008,
            89.9086
        ],
        [
            309.47464,
            212.38766,
            293.4079,
            89.94568,
            178.83234,
            89.9028
        ],
        [
            311.10843,
            211.35924,
            291.27164,
            89.94265,
            178.80608,
            89.903595
        ],
        [
            312.35397,
            210.56421,
            289.66507,
            89.94138,
            178.7873,
            89.89981
        ],
        [
            313.98294,
            209.53554,
            287.52393,
            89.9336,
            178.76265,
            89.89868
        ],
        [
            315.21762,
            208.76904,
            285.93515,
            89.93074,
            178.74374,
            89.89708
        ],
        [
            316.37292,
            208.05922,
            284.51028,
            89.940956,
            178.72714,
            89.89635
        ],
        [
            317.37177,
            207.43976,
            283.22836,
            89.94547,
            178.70993,
            89.89506
        ],
        [
            318.5245,
            206.70737,
            281.7272,
            89.94872,
            178.68855,
            89.892265
        ],
        [
            319.31378,
            206.19595,
            280.6717,
            89.94613,
            178.67084,
            89.895905
        ],
        [
            319.59262,
            206.01675,
            280.32385,
            89.948425,
            178.6653,
            89.894806
        ],
        [
            319.99023,
            205.75468,
            279.78094,
            89.94708,
            178.65672,
            89.895
        ],
        [
            320.23813,
            205.59215,
            279.48,
            89.94692,
            178.6523,
            89.8911
        ],
        [
            320.3497,
