{
    "CMD": 90,
    "motion_trajectory": [
        [
            448.8373,
            -541.41327,
            267.85327,
            89.96995,
            -178.55965,
            89.95012
        ],
        [
            448.8375,
            -541.4132,
            267.85336,
            89.96999,
            -178.55966,
            89.950096
        ],
        [
            448.8375,
            -541.41315,
            267.85394,
            89.97003,
            -178.55963,
            89.95015
        ],
        [
            448.8368,
            -541.41345,
            267.85355,
            89.96995,
            -178.55965,
            89.95007
        ],
        [
            448.83737,
            -541.413,
            267.85312,
            89.96997,
            -178.55971,
            89.950096
        ],
        [
            448.83792,
            -541.4128,
            267.85394,
            89.97003,
            -178.55963,
            89.950195
        ],
        [
            448.83786,
            -541.41223,
            267.85303,
            89.97003,
            -178.55966,
            89.950226
        ],
        [
            448.83737,
            -541.41284,
            267.85318,
            89.97001,
            -178.55954,
            89.9502
        ],
        [
            448.83774,
            -541.41205,
            267.85333,
            89.97003,
            -178.55966,
            89.950226
        ],
        [
            448.83768,
            -541.4125,
            267.8534,
            89.96997,
            -178.55965,
            89.95014
        ],
        [
            448.83716,
            -541.41254,
            267.85318,
            89.96996,
            -178.55972,
            89.95013
        ],
        [
            448.8378,
            -541.41254,
            267.85315,
            89.969986,
            -178.55965,
            89.950195
        ],
        [
            448.8384,
            -541.4123,
            267.8538,
            89.97003,
            -178.55963,
            89.95017
        ],
        [
            448.83768,
            -541.41235,
            267.8529,
            89.96996,
            -178.5597,
            89.950195
        ],
        [
            448.83768,
            -541.41235,
            267.8529,
            89.96996,
            -178.5597,
            89.950195
        ],
        [
            448.83752,
            -541.4118,
            267.85275,
            89.96995,
            -178.5598,
            89.95013
        ],
        [
            448.83804,
            -541.41174,
            267.85242,
            89.969925,
            -178.5598,
            89.95012
        ],
        [
            448.83823,
            -541.4115,
            267.8526,
            89.97001,
            -178.55981,
            89.9502
        ],
        [
            448.8379,
            -541.412,
            267.8529,
            89.97005,
            -178.55983,
            89.95021
        ],
        [
            448.83804,
            -541.4117,
            267.853,
            89.96997,
            -178.55975,
            89.95017
        ],
        [
            448.8382,
            -541.4115,
            267.85205,
            89.969986,
            -178.55975,
            89.95021
        ],
        [
            448.83817,
            -541.41187,
            267.85327,
            89.96999,
            -178.55966,
            89.95017
        ],
        [
            448.83832,
            -541.41144,
            267.8523,
            89.96988,
            -178.55972,
            89.95019
        ],
        [
            448.83798,
            -541.4119,
            267.8526,
            89.969925,
            -178.55968,
            89.95019
        ],
        [
            448.8355,
            -541.411,
            267.85242,
            89.96988,
            -178.5607,
            89.95193
        ],
        [
            448.8316,
            -541.40753,
            267.85037,
            89.96965,
            -178.56227,
            89.954544
        ],
        [
            448.82898,
            -541.4075,
            267.85065,
            89.96937,
            -178.56229,
            89.9555
        ],
        [
            448.82877,
            -541.40704,
            267.85037,
            89.969406,
            -178.56218,
            89.95589
        ],
        [
            448.82907,
            -541.4067,
            267.85004,
            89.969345,
            -178.56232,
            89.95583
        ],
        [
            448.82874,
            -541.40686,
            267.84924,
            89.969215,
            -178.5622,
            89.95582
        ],
        [
            448.82858,
            -541.40686,
            267.8497,
            89.969215,
            -178.56213,
            89.95589
        ],
        [
            448.8289,
            -541.40704,
            267.84982,
            89.969246,
            -178.56207,
            89.9557
        ],
        [
            448.82846,
            -541.4076,
            267.84976,
            89.96921,
            -178.56203,
            89.95555
        ],
        [
            448.82852,
            -541.4072,
            267.8491,
            89.96923,
            -178.56203,
            89.95559
        ],
        [
            448.82864,
            -541.407,
            267.84863,
            89.9691,
            -178.56209,
            89.9555
        ],
        [
            448.82846,
            -541.4079,
            267.84964,
            89.969154,
            -178.56197,
            89.9554
        ],
        [
            448.82892,
            -541.40814,
            267.85007,
            89.96923,
            -178.56192,
            89.95527
        ],
        [
            448.82892,
            -541.40826,
            267.8506,
            89.96923,
            -178.56172,
            89.955215
        ],
        [
            448.8294,
            -541.408,
            267.84976,
            89.969154,
            -178.56172,
            89.95504
        ],
        [
            448.8294,
            -541.40814,
            267.84973,
            89.96914,
            -178.56172,
            89.95499
        ],
        [
            448.82895,
            -541.4088,
            267.84903,
            89.96904,
            -178.5617,
            89.95474
        ],
        [
            448.82898,
            -541.40894,
            267.84955,
            89.96905,
            -178.56161,
            89.95469
        ],
        [
            448.82974,
            -541.4087,
            267.8497,
            89.96909,
            -178.56166,
            89.9546
        ],
        [
            448.82947,
            -541.40924,
            267.84915,
            89.96906,
            -178.56157,
            89.954384
        ],
        [
            448.8292,
            -541.4093,
            267.84927,
            89.96898,
            -178.56154,
            89.9543
        ],
        [
            448.8292,
            -541.40967,
            267.84912,
            89.9689,
            -178.56143,
            89.9541
        ],
        [
            448.8298,
            -541.4095,
            267.84973,
            89.96893,
            -178.56136,
            89.954025
        ],
        [
            448.8299,
            -541.41003,
            267.8493,
            89.96886,
            -178.56136,
            89.95383
        ],
        [
            448.82968,
            -541.4104,
            267.84915,
            89.96887,
            -178.56134,
            89.95359
        ],
        [
            448.83032,
            -541.41095,
            267.8489,
            89.96878,
            -178.56114,
            89.95333
        ],
        [
            448.83002,
            -541.41113,
            267.8485,
            89.968765,
