{
    "CMD": 91,
    "motion_trajectory": [
        [
            434.54047,
            -486.65945,
            225.17972,
            -90.11001,
            -1.250022,
            179.91011
        ],
        [
            434.54016,
            -486.65955,
            225.17918,
            -90.11004,
            -1.25011,
            179.91013
        ],
        [
            434.54025,
            -486.66006,
            225.18054,
            -90.10988,
            -1.2500277,
            179.91006
        ],
        [
            434.54074,
            -486.65988,
            225.18004,
            -90.109985,
            -1.2500277,
            179.91013
        ],
        [
            434.54025,
            -486.66006,
            225.18034,
            -90.109985,
            -1.2499732,
            179.91008
        ],
        [
            434.53995,
            -486.65958,
            225.1795,
            -90.11005,
            -1.249992,
            179.91006
        ],
        [
            434.54013,
            -486.6602,
            225.17995,
            -90.10998,
            -1.2499883,
            179.91002
        ],
        [
            434.53992,
            -486.65955,
            225.179,
            -90.110085,
            -1.2500708,
            179.91008
        ],
        [
            434.5409,
            -486.6601,
            225.18036,
            -90.10989,
            -1.2499489,
            179.91011
        ],
        [
            434.54013,
            -486.6602,
            225.17975,
            -90.110085,
            -1.2500427,
            179.91003
        ],
        [
            434.54053,
            -486.6592,
            225.17929,
            -90.109985,
            -1.2501101,
            179.91016
        ],
        [
            434.54022,
            -486.66,
            225.17993,
            -90.10997,
            -1.2501065,
            179.91006
        ],
        [
            434.54022,
            -486.66,
            225.17982,
            -90.11002,
            -1.2499433,
            179.91008
        ],
        [
            434.54025,
            -486.66006,
            225.18044,
            -90.10993,
            -1.2499188,
            179.91006
        ],
        [
            434.53998,
            -486.65997,
            225.17973,
            -90.110016,
            -1.2500128,
            179.91002
        ],
        [
            434.5401,
            -486.6598,
            225.17961,
            -90.11006,
            -1.2500764,
            179.91008
        ],
        [
            434.54022,
            -486.66,
            225.17982,
            -90.11002,
            -1.250052,
            179.91008
        ],
        [
            434.54007,
            -486.6598,
            225.17982,
            -90.109955,
            -1.2500764,
            179.91006
        ],
        [
            434.54077,
            -486.66083,
            225.18549,
            -90.107796,
            -1.2499003,
            179.90991
        ],
        [
            434.56934,
            -486.71017,
            225.29659,
            -90.08391,
            -1.2426467,
            179.90776
        ],
        [
            434.57486,
            -486.71497,
            225.31557,
            -90.07909,
            -1.2417631,
            179.90776
        ],
        [
            434.57294,
            -486.7216,
            225.32701,
            -90.078575,
            -1.2409639,
            179.90727
        ],
        [
            434.57428,
            -486.72025,
            225.32376,
            -90.07877,
            -1.2411046,
            179.90744
        ],
        [
            434.57507,
            -486.71695,
            225.31454,
            -90.079025,
            -1.2416414,
            179.90761
        ],
        [
            434.57315,
            -486.7198,
            225.31958,
            -90.07916,
            -1.2415024,
            179.90735
        ],
        [
            434.572,
            -486.7223,
            225.33134,
            -90.07608,
            -1.2430507,
            179.90646
        ],
        [
            434.5719,
            -486.72382,
            225.33937,
            -90.07348,
            -1.2437317,
            179.90611
        ],
        [
            434.57135,
            -486.72382,
            225.33675,
            -90.07327,
            -1.2439383,
            179.90594
        ],
        [
            434.57037,
            -486.72394,
            225.33914,
            -90.07292,
            -1.2439533,
            179.90587
        ],
        [
            434.57147,
            -486.72293,
            225.33792,
            -90.07271,
            -1.2439178,
            179.90596
        ],
        [
            434.57083,
            -486.72336,
            225.33862,
            -90.07295,
            -1.2439326,
            179.90591
        ],
        [
            434.5716,
            -486.72296,
            225.33772,
            -90.07305,
            -1.2439477,
            179.90602
        ],
        [
            434.57135,
            -486.72354,
            225.33784,
            -90.07307,
            -1.2438145,
            179.90598
        ],
        [
            434.57147,
            -486.7233,
            225.33691,
            -90.07331,
            -1.2438482,
            179.9061
        ],
        [
            434.57123,
            -486.72327,
            225.33682,
            -90.0733,
            -1.2437001,
            179.906
        ],
        [
            434.57187,
            -486.7229,
            225.33609,
            -90.07352,
            -1.2437094,
            179.90613
        ],
        [
            434.57153,
            -486.7233,
            225.3363,
            -90.07364,
            -1.2436305,
            179.9061
        ],
        [
            434.57104,
            -486.72342,
            225.3357,
            -90.07389,
            -1.243655,
            179.90608
        ],
        [
            434.57138,
            -486.72256,
            225.33403,
            -90.07422,
            -1.243683,
            179.90622
        ],
        [
            434.57196,
            -486.72318,
            225.33572,
            -90.0742,
            -1.243488,
            179.90617
        ],
        [
            434.572,
            -486.7229,
            225.3348,
            -90.07422,
            -1.2434918,
            179.90622
        ],
        [
            434.5716,
            -486.72308,
            225.33429,
            -90.074646,
            -1.2434373,
            179.90623
        ],
        [
            434.5717,
            -486.7232,
            225.33327,
            -90.0748,
            -1.2433529,
            179.90625
        ],
        [
            434.572,
            -486.72263,
            225.33276,
            -90.075,
            -1.2433228,
            179.90631
        ],
        [
            434.5717,
            -486.72314,
            225.33246,
            -90.075,
            -1.2433228,
            179.90627
        ],
        [
            434.57205,
            -486.72263,
            225.33206,
            -90.07538,
            -1.243214,
            179.90637
        ],
        [
            434.57208,
            -486.7226,
            225.33115,
            -90.07563,
            -1.2432383,
            179.9064
        ],
        [
            434.5721,
            -486.72293,
            225.33046,
            -90.07585,
            -1.2431746,
            179.90637
        ],
        [
            434.57242,
            -486.72302,
            225.33076,
            -90.07599,
            -1.2430807,
            179.90645
        ],
        [
            434.57214,
            -486.72247,
            225.32903,
            -90.0763,
            -1.243015,
            179.90648
        ],
        [
