{
    "CMD": 91,
    "motion_trajectory": [
        [
            448.68536,
            -598.99316,
            272.0985,
            89.12952,
            -178.61,
            89.990204
        ],
        [
            448.68512,
            -598.99316,
            272.09808,
            89.12944,
            -178.60995,
            89.990166
        ],
        [
            448.68512,
            -598.9933,
            272.09808,
            89.129425,
            -178.60991,
            89.99011
        ],
        [
            448.68527,
            -598.99304,
            272.09882,
            89.12952,
            -178.60983,
            89.990204
        ],
        [
            448.68567,
            -598.9933,
            272.0995,
            89.12961,
            -178.60983,
            89.99019
        ],
        [
            448.68552,
            -598.9936,
            272.1005,
            89.129585,
            -178.60973,
            89.9901
        ],
        [
            448.68518,
            -598.99347,
            272.10013,
            89.12963,
            -178.60986,
            89.99003
        ],
        [
            448.6855,
            -598.9937,
            272.09988,
            89.129555,
            -178.60971,
            89.99004
        ],
        [
            448.68503,
            -598.99396,
            272.1005,
            89.129585,
            -178.60968,
            89.99005
        ],
        [
            448.68607,
            -598.99304,
            272.10092,
            89.12963,
            -178.6097,
            89.99013
        ],
        [
            448.6857,
            -598.99365,
            272.10117,
            89.12964,
            -178.60971,
            89.99003
        ],
        [
            448.68622,
            -598.99286,
            272.10104,
            89.12969,
            -178.60979,
            89.99017
        ],
        [
            448.68585,
            -598.99347,
            272.1003,
            89.1296,
            -178.60974,
            89.990036
        ],
        [
            448.68613,
            -598.9928,
            272.10132,
            89.12968,
            -178.60979,
            89.99012
        ],
        [
            448.68527,
            -598.9939,
            272.10098,
            89.129654,
            -178.60973,
            89.98992
        ],
        [
            448.68567,
            -598.99304,
            272.10135,
            89.12969,
            -178.60979,
            89.99013
        ],
        [
            448.68582,
            -598.993,
            272.10086,
            89.129715,
            -178.60979,
            89.99012
        ],
        [
            448.68634,
            -598.99335,
            272.10242,
            89.12972,
            -178.60954,
            89.99001
        ],
        [
            448.68756,
            -598.99243,
            272.10358,
            89.13026,
            -178.60992,
            89.990166
        ],
        [
            448.68927,
            -598.99316,
            272.1097,
            89.13054,
            -178.60938,
            89.99003
        ],
        [
            448.68985,
            -598.99304,
            272.11032,
            89.130714,
            -178.6094,
            89.99005
        ],
        [
            448.68954,
            -598.9933,
            272.1107,
            89.13063,
            -178.60925,
            89.99002
        ],
        [
            448.6899,
            -598.9933,
            272.11142,
            89.13075,
            -178.60938,
            89.990166
        ],
        [
            448.68912,
            -598.9923,
            272.1161,
            89.131165,
            -178.61044,
            89.99302
        ],
        [
            448.68936,
            -598.9909,
            272.12082,
            89.131744,
            -178.61081,
            89.99503
        ],
        [
            448.6904,
            -598.9904,
            272.12146,
            89.13198,
            -178.611,
            89.99566
        ],
        [
            448.69025,
            -598.99146,
            272.1229,
            89.13206,
            -178.61089,
            89.99556
        ],
        [
            448.6909,
            -598.99115,
            272.12357,
            89.13212,
            -178.61076,
            89.995544
        ],
        [
            448.69043,
            -598.992,
            272.1234,
            89.13208,
            -178.61064,
            89.99546
        ],
        [
            448.69107,
            -598.99176,
            272.1229,
            89.13208,
            -178.61076,
            89.995384
        ],
        [
            448.6908,
            -598.99176,
            272.12305,
            89.13203,
            -178.61078,
            89.995346
        ],
        [
            448.69052,
            -598.9927,
            272.1224,
            89.132,
            -178.61063,
            89.99519
        ],
        [
            448.69098,
            -598.992,
            272.12253,
            89.13202,
            -178.61069,
            89.99518
        ],
        [
            448.69043,
            -598.9929,
            272.12262,
            89.13196,
            -178.61057,
            89.99498
        ],
        [
            448.6908,
            -598.99243,
            272.1223,
            89.13192,
            -178.61055,
            89.99498
        ],
        [
            448.69064,
            -598.99304,
            272.12244,
            89.13197,
            -178.6106,
            89.9947
        ],
        [
            448.69095,
            -598.99335,
            272.12265,
            89.131805,
            -178.61043,
            89.99457
        ],
        [
            448.69058,
            -598.99396,
            272.12308,
            89.1319,
            -178.61032,
            89.99439
        ],
        [
            448.69043,
            -598.99426,
            272.12234,
            89.1318,
            -178.61028,
            89.99425
        ],
        [
            448.69104,
            -598.99384,
            272.1219,
            89.131805,
            -178.61035,
            89.99406
        ],
        [
            448.69095,
            -598.99396,
            272.12213,
            89.13177,
            -178.61029,
            89.993904
        ],
        [
            448.69077,
            -598.99475,
            272.12228,
            89.13172,
            -178.61014,
            89.99358
        ],
        [
            448.6905,
            -598.9955,
            272.12186,
            89.13165,
            -178.61012,
            89.99345
        ],
        [
            448.69113,
            -598.9947,
            272.1215,
            89.13156,
            -178.61014,
            89.993324
        ],
        [
            448.69037,
            -598.9957,
            272.1221,
            89.13159,
            -178.61017,
            89.99301
        ],
        [
            448.69083,
            -598.99567,
            272.12146,
            89.13153,
            -178.61005,
            89.9929
        ],
        [
            448.69067,
            -598.99603,
            272.12128,
            89.131454,
            -178.60991,
            89.99275
        ],
        [
            448.69092,
            -598.9965,
            272.12158,
            89.13148,
            -178.6099,
            89.99253
        ],
        [
            448.69073,
            -598.9965,
            272.12094,
            89.131386,
            -178.60992,
            89.99232
        ],
        [
            448.69073,
            -598.99677,
            272.1209,
            89.13136,
            -178.60986,
            89.99222
        ],
        [
            448.69016,
            -598.997,
            272.1206,
