{
    "CMD": 91,
    "motion_trajectory": [
        [
            448.8785,
            -541.382,
            267.10214,
            89.97994,
            -178.5498,
            89.95018
        ],
        [
            448.8792,
            -541.3819,
            267.10248,
            89.979996,
            -178.5498,
            89.95015
        ],
        [
            448.87878,
            -541.3822,
            267.10193,
            89.97997,
            -178.54984,
            89.95011
        ],
        [
            448.87912,
            -541.3817,
            267.10275,
            89.979996,
            -178.54974,
            89.95015
        ],
        [
            448.87906,
            -541.38196,
            267.1029,
            89.97997,
            -178.54968,
            89.95017
        ],
        [
            448.87982,
            -541.38153,
            267.10312,
            89.98006,
            -178.54973,
            89.95018
        ],
        [
            448.87866,
            -541.38214,
            267.10217,
            89.97995,
            -178.54984,
            89.95006
        ],
        [
            448.8792,
            -541.38184,
            267.10306,
            89.980034,
            -178.5497,
            89.9502
        ],
        [
            448.87894,
            -541.38165,
            267.1027,
            89.979965,
            -178.54971,
            89.95022
        ],
        [
            448.87952,
            -541.3812,
            267.10223,
            89.97999,
            -178.54984,
            89.95025
        ],
        [
            448.87943,
            -541.3812,
            267.10248,
            89.97995,
            -178.54979,
            89.95015
        ],
        [
            448.87964,
            -541.38153,
            267.10248,
            89.979996,
            -178.54974,
            89.950195
        ],
        [
            448.87927,
            -541.3817,
            267.1023,
            89.979996,
            -178.5498,
            89.95009
        ],
        [
            448.8792,
            -541.3819,
            267.10193,
            89.97997,
            -178.54979,
            89.95016
        ],
        [
            448.879,
            -541.38135,
            267.10257,
            89.98001,
            -178.54979,
            89.95026
        ],
        [
            448.87952,
            -541.3812,
            267.10223,
            89.97999,
            -178.54973,
            89.95025
        ],
        [
            448.8791,
            -541.3814,
            267.10233,
            89.98003,
            -178.54973,
            89.9503
        ],
        [
            448.87964,
            -541.38153,
            267.10248,
            89.979996,
            -178.54968,
            89.950195
        ],
        [
            448.87964,
            -541.3812,
            267.10257,
            89.98005,
            -178.54968,
            89.95035
        ],
        [
            448.87912,
            -541.3816,
            267.10278,
            89.98001,
            -178.54974,
            89.9502
        ],
        [
            448.90845,
            -541.3878,
            267.16776,
            89.98919,
            -178.54573,
            89.95449
        ],
        [
            448.90625,
            -541.40094,
            267.21457,
            89.990486,
            -178.54066,
            89.954636
        ],
        [
            448.91473,
            -541.3998,
            267.22278,
            89.9919,
            -178.5404,
            89.95501
        ],
        [
            448.91458,
            -541.39655,
            267.21912,
            89.99258,
            -178.54092,
            89.95665
        ],
        [
            448.9123,
            -541.398,
            267.2219,
            89.99231,
            -178.54042,
            89.956665
        ],
        [
            448.91238,
            -541.40173,
            267.22717,
            89.99232,
            -178.53957,
            89.9563
        ],
        [
            448.91544,
            -541.3979,
            267.21954,
            89.99256,
            -178.54062,
            89.95663
        ],
        [
            448.91302,
            -541.4042,
            267.2331,
            89.993286,
            -178.53897,
            89.95935
        ],
        [
            448.91766,
            -541.4117,
            267.24667,
            89.99453,
            -178.53793,
            89.96011
        ],
        [
            448.91882,
            -541.40735,
            267.24585,
            89.99562,
            -178.53844,
            89.96268
        ],
        [
            448.9185,
            -541.4093,
            267.25024,
            89.99571,
            -178.5379,
            89.96269
        ],
        [
            448.9185,
            -541.41,
            267.2508,
            89.99569,
            -178.53773,
            89.96273
        ],
        [
            448.9199,
            -541.40906,
            267.2499,
            89.99593,
            -178.53801,
            89.96277
        ],
        [
            448.91956,
            -541.4091,
            267.2491,
            89.99582,
            -178.538,
            89.96281
        ],
        [
            448.91943,
            -541.4095,
            267.25113,
            89.99583,
            -178.53787,
            89.96272
        ],
        [
            448.9197,
            -541.4093,
            267.24973,
            89.99585,
            -178.53804,
            89.962685
        ],
        [
            448.91962,
            -541.4091,
            267.24945,
            89.99583,
            -178.53802,
            89.962685
        ],
        [
            448.91916,
            -541.41016,
            267.2511,
            89.9958,
            -178.5378,
            89.962456
        ],
        [
            448.9193,
            -541.4097,
            267.25015,
            89.99569,
            -178.53778,
            89.96253
        ],
        [
            448.92007,
            -541.40875,
            267.2492,
            89.99579,
            -178.53809,
            89.96256
        ],
        [
            448.9189,
            -541.40936,
            267.2477,
            89.99566,
            -178.53813,
            89.96244
        ],
        [
            448.9189,
            -541.4103,
            267.24927,
            89.99559,
            -178.53789,
            89.96215
        ],
        [
            448.91943,
            -541.4094,
            267.249,
            89.995636,
            -178.53802,
            89.962166
        ],
        [
            448.91943,
            -541.41,
            267.24878,
            89.99552,
            -178.53802,
            89.96186
        ],
        [
            448.91965,
            -541.40924,
            267.24826,
            89.995476,
            -178.5381,
            89.96191
        ],
        [
            448.91934,
            -541.4096,
            267.24725,
            89.99546,
            -178.53815,
            89.96179
        ],
        [
            448.9193,
            -541.41046,
            267.2483,
            89.99537,
            -178.5379,
            89.96151
        ],
        [
            448.9194,
            -541.41,
            267.24686,
            89.99535,
            -178.53816,
            89.961426
        ],
        [
            448.91946,
            -541.4101,
            267.24704,
            89.99511,
            -178.53812,
            89.96105
        ],
        [
            448.91943,
            -541.41003,
            267.24594,
            89.99511,
            -178.53821,
            89.96108
        ],
        [
            448.91937,
            -541.40967,
            267.24606,
            89.99512,
