{
    "CMD": 91,
    "motion_trajectory": [
        [
            504.49933,
            247.70024,
            566.6737,
            89.76026,
            -178.5304,
            89.99971
        ],
        [
            504.49945,
            247.70024,
            566.67413,
            89.76036,
            -178.53035,
            89.999695
        ],
        [
            504.49933,
            247.70033,
            566.674,
            89.76037,
            -178.53041,
            89.999725
        ],
        [
            504.499,
            247.70029,
            566.6741,
            89.76037,
            -178.53035,
            89.999725
        ],
        [
            504.49908,
            247.69998,
            566.67395,
            89.76037,
            -178.53041,
            89.99968
        ],
        [
            504.49945,
            247.70045,
            566.6734,
            89.76033,
            -178.5303,
            89.99976
        ],
        [
            504.4996,
            247.69997,
            566.67316,
            89.76022,
            -178.5304,
            89.999695
        ],
        [
            504.49908,
            247.7003,
            566.67334,
            89.76028,
            -178.53033,
            89.99973
        ],
        [
            504.49908,
            247.70032,
            566.6732,
            89.76022,
            -178.5304,
            89.99974
        ],
        [
            504.49902,
            247.70073,
            566.6736,
            89.76027,
            -178.53046,
            89.99979
        ],
        [
            504.49887,
            247.7007,
            566.67334,
            89.76028,
            -178.5304,
            89.99978
        ],
        [
            504.49918,
            247.69998,
            566.6732,
            89.760284,
            -178.53041,
            89.99972
        ],
        [
            504.4995,
            247.69983,
            566.67377,
            89.760315,
            -178.53044,
            89.99965
        ],
        [
            504.4993,
            247.70036,
            566.6727,
            89.760124,
            -178.53033,
            89.999756
        ],
        [
            504.4992,
            247.69987,
            566.6742,
            89.76042,
            -178.53041,
            89.99967
        ],
        [
            504.49957,
            247.69962,
            566.6728,
            89.76024,
            -178.53046,
            89.99967
        ],
        [
            504.49936,
            247.70001,
            566.6728,
            89.76024,
            -178.53035,
            89.99972
        ],
        [
            504.49948,
            247.6995,
            566.67334,
            89.76028,
            -178.53046,
            89.99964
        ],
        [
            504.4988,
            247.69994,
            566.6733,
            89.760284,
            -178.53035,
            89.99972
        ],
        [
            504.4995,
            247.70003,
            566.6731,
            89.760284,
            -178.53035,
            89.99972
        ],
        [
            504.49902,
            247.69997,
            566.67285,
            89.76024,
            -178.5304,
            89.99972
        ],
        [
            504.49902,
            247.69955,
            566.6728,
            89.76018,
            -178.5305,
            89.99965
        ],
        [
            504.49905,
            247.70016,
            566.67334,
            89.76039,
            -178.53027,
            89.99976
        ],
        [
            504.4995,
            247.70001,
            566.6732,
            89.76034,
            -178.5303,
            89.9997
        ],
        [
            504.49872,
            247.70003,
            566.67316,
            89.76029,
            -178.53036,
            89.99975
        ],
        [
            504.49957,
            247.70004,
            566.67236,
            89.76019,
            -178.53033,
            89.99972
        ],
        [
            504.49896,
            247.6982,
            566.672,
            89.76133,
            -178.53236,
            89.998886
        ],
        [
            504.49875,
            247.69702,
            566.674,
            89.762794,
            -178.53249,
            89.99835
        ],
        [
            504.49918,
            247.69652,
            566.67535,
            89.76319,
            -178.53271,
            89.99813
        ],
        [
            504.49902,
            247.69608,
            566.6753,
            89.76308,
            -178.53293,
            89.99801
        ],
        [
            504.49918,
            247.6965,
            566.6753,
            89.76313,
            -178.53297,
            89.99804
        ],
        [
            504.4993,
            247.69644,
            566.67535,
            89.76308,
            -178.53297,
            89.99802
        ],
        [
            504.4995,
            247.69595,
            566.67615,
            89.76311,
            -178.53297,
            89.997955
        ],
        [
            504.4993,
            247.69629,
            566.6758,
            89.76295,
            -178.533,
            89.99799
        ],
        [
            504.49918,
            247.69629,
            566.67535,
            89.76285,
            -178.53294,
            89.998
        ],
        [
            504.49936,
            247.69624,
            566.6745,
            89.76264,
            -178.53297,
            89.998
        ],
        [
            504.4991,
            247.69643,
            566.6761,
            89.76288,
            -178.53297,
            89.998055
        ],
        [
            504.49924,
            247.69635,
            566.67615,
            89.762825,
            -178.53302,
            89.99803
        ],
        [
            504.4995,
            247.696,
            566.6752,
            89.76263,
            -178.5329,
            89.99802
        ],
        [
            504.49963,
            247.69606,
            566.6753,
            89.762566,
            -178.53291,
            89.99804
        ],
        [
            504.49908,
            247.69641,
            566.6754,
            89.762566,
            -178.53291,
            89.998085
        ],
        [
            504.49963,
            247.6961,
            566.6751,
            89.76246,
            -178.53285,
            89.99806
        ],
        [
            504.50006,
            247.69629,
            566.6743,
            89.76237,
            -178.53275,
            89.99811
        ],
        [
            504.49985,
            247.6963,
            566.6745,
            89.76225,
            -178.5327,
            89.99814
        ],
        [
            504.49945,
            247.69672,
            566.6747,
            89.762184,
            -178.53265,
            89.99821
        ],
        [
            504.49945,
            247.69672,
            566.6747,
            89.762184,
            -178.53265,
            89.99821
        ],
        [
            504.49973,
            247.69681,
            566.67505,
            89.762115,
            -178.53267,
            89.998245
        ],
        [
            504.49976,
            247.69633,
            566.6743,
            89.76192,
            -178.5326,
            89.99819
        ],
        [
            504.49957,
            247.69655,
            566.6739,
            89.76182,
            -178.53261,
            89.998276
        ],
        [
            504.49957,
            247.6968,
            566.674,
            89.76176,
            -178.53264,
            89.99827
        ],
        [
            504.49954,
            247.69662,
            566.67346,
            89.761604,
            -178.5325,
            89.99832
        ],
