{
    "CMD": 91,
    "motion_trajectory": [
        [
            414.96957,
            250.64989,
            515.89325,
            89.790306,
            -178.62025,
            89.969666
        ],
        [
            414.96957,
            250.64987,
            515.894,
            89.79045,
            -178.62033,
            89.96966
        ],
        [
            414.9701,
            250.65,
            515.89417,
            89.79044,
            -178.62022,
            89.969666
        ],
        [
            414.9701,
            250.64996,
            515.8936,
            89.790405,
            -178.62027,
            89.96966
        ],
        [
            414.96994,
            250.64958,
            515.8937,
            89.790405,
            -178.62027,
            89.96961
        ],
        [
            414.9696,
            250.65002,
            515.89343,
            89.79036,
            -178.62029,
            89.96971
        ],
        [
            414.96945,
            250.65012,
            515.8933,
            89.79037,
            -178.62025,
            89.96975
        ],
        [
            414.97046,
            250.64967,
            515.89325,
            89.79036,
            -178.62032,
            89.96961
        ],
        [
            414.96976,
            250.64992,
            515.89355,
            89.79035,
            -178.62032,
            89.969666
        ],
        [
            414.97028,
            250.65001,
            515.89325,
            89.79036,
            -178.62032,
            89.96966
        ],
        [
            414.9699,
            250.64992,
            515.8934,
            89.79041,
            -178.62025,
            89.96965
        ],
        [
            414.97028,
            250.64964,
            515.89294,
            89.79032,
            -178.62025,
            89.96961
        ],
        [
            414.9703,
            250.6498,
            515.89294,
            89.79026,
            -178.62027,
            89.96967
        ],
        [
            414.96994,
            250.65009,
            515.8927,
            89.79027,
            -178.62027,
            89.96971
        ],
        [
            414.97012,
            250.65012,
            515.893,
            89.79031,
            -178.62027,
            89.96971
        ],
        [
            414.9693,
            250.6501,
            515.89294,
            89.79027,
            -178.62013,
            89.96976
        ],
        [
            414.9703,
            250.64966,
            515.8935,
            89.79026,
            -178.6203,
            89.96967
        ],
        [
            414.97012,
            250.64961,
            515.8933,
            89.79036,
            -178.62025,
            89.96961
        ],
        [
            414.96964,
            250.64964,
            515.8926,
            89.79028,
            -178.62025,
            89.96966
        ],
        [
            414.96948,
            250.65007,
            515.8936,
            89.79053,
            -178.62025,
            89.96972
        ],
        [
            414.96994,
            250.65007,
            515.8928,
            89.79032,
            -178.62027,
            89.969696
        ],
        [
            414.9701,
            250.6495,
            515.8937,
            89.790344,
            -178.62036,
            89.96958
        ],
        [
            414.9699,
            250.64944,
            515.8928,
            89.79027,
            -178.62027,
            89.969574
        ],
        [
            414.97,
            250.64984,
            515.8926,
            89.790276,
            -178.62018,
            89.9697
        ],
        [
            414.97034,
            250.64967,
            515.89435,
            89.79078,
            -178.62029,
            89.96959
        ],
        [
            414.97363,
            250.64766,
            515.918,
            89.798454,
            -178.62082,
            89.96814
        ],
        [
            414.96988,
            250.64615,
            515.92303,
            89.80007,
            -178.62091,
            89.96783
        ],
        [
            414.96957,
            250.64641,
            515.9232,
            89.80052,
            -178.62074,
            89.96781
        ],
        [
            414.97073,
            250.64647,
            515.9247,
            89.800804,
            -178.62086,
            89.96774
        ],
        [
            414.96942,
            250.64648,
            515.9239,
            89.800674,
            -178.62073,
            89.967834
        ],
        [
            414.96942,
            250.6465,
            515.92444,
            89.80071,
            -178.6208,
            89.96784
        ],
        [
            414.97003,
            250.64636,
            515.9241,
            89.80066,
            -178.62091,
            89.96776
        ],
        [
            414.96957,
            250.64655,
            515.92267,
            89.80043,
            -178.62076,
            89.96786
        ],
        [
            414.9743,
            250.64388,
            515.933,
            89.803474,
            -178.62216,
            89.96643
        ],
        [
            414.97537,
            250.64275,
            515.9372,
            89.804955,
            -178.62259,
            89.96578
        ],
        [
            414.97537,
            250.64215,
            515.9392,
            89.80625,
            -178.6228,
            89.965385
        ],
        [
            414.9758,
            250.64221,
            515.94055,
            89.80642,
            -178.62294,
            89.965294
        ],
        [
            414.9758,
            250.6418,
            515.93994,
            89.80645,
            -178.62285,
            89.96522
        ],
        [
            414.9763,
            250.64218,
            515.93994,
            89.80632,
            -178.62296,
            89.9652
        ],
        [
            414.9759,
            250.642,
            515.93976,
            89.80622,
            -178.62288,
            89.965225
        ],
        [
            414.97607,
            250.64206,
            515.93994,
            89.806206,
            -178.62299,
            89.96523
        ],
        [
            414.9761,
            250.64221,
            515.9393,
            89.80606,
            -178.62294,
            89.965294
        ],
        [
            414.97644,
            250.64185,
            515.93976,
            89.805984,
            -178.623,
            89.96524
        ],
        [
            414.9755,
            250.64233,
            515.9389,
            89.80567,
            -178.62291,
            89.96533
        ],
        [
            414.97604,
            250.6421,
            515.93866,
            89.805565,
            -178.62296,
            89.96531
        ],
        [
            414.9756,
            250.64227,
            515.9388,
            89.805626,
            -178.6229,
            89.96539
        ],
        [
            414.97592,
            250.64238,
            515.9384,
            89.805466,
            -178.6229,
            89.96542
        ],
        [
            414.976,
            250.64253,
            515.9392,
            89.80549,
            -178.62299,
            89.96539
        ],
        [
            414.97607,
            250.64232,
            515.93835,
            89.80535,
            -178.62294,
            89.9654
        ],
        [
            414.97595,
            250.6421,
            515.9376,
            89.80515,
            -178.6229,
            89.96543
        ],
        [
            414.97595,
            250.64212,
            515.9382,
            89.80519,
            -178.62296,
            89.96544
        ],
