{
    "CMD": 91,
    "motion_trajectory": [
        [
            448.87747,
            -541.3829,
            267.09555,
            89.9795,
            -178.55005,
            89.9501
        ],
        [
            448.87766,
            -541.38275,
            267.09567,
            89.97957,
            -178.55013,
            89.95014
        ],
        [
            448.87766,
            -541.3828,
            267.09564,
            89.979546,
            -178.55002,
            89.95009
        ],
        [
            448.8779,
            -541.38245,
            267.09503,
            89.9795,
            -178.5501,
            89.9502
        ],
        [
            448.8779,
            -541.38245,
            267.09558,
            89.97952,
            -178.54999,
            89.9502
        ],
        [
            448.8775,
            -541.3828,
            267.09613,
            89.979546,
            -178.55,
            89.95016
        ],
        [
            448.8782,
            -541.3827,
            267.09647,
            89.97959,
            -178.54994,
            89.950134
        ],
        [
            448.87796,
            -541.3822,
            267.09598,
            89.97957,
            -178.55002,
            89.95019
        ],
        [
            448.87762,
            -541.3832,
            267.09744,
            89.97959,
            -178.54984,
            89.9501
        ],
        [
            448.8778,
            -541.38226,
            267.0964,
            89.979546,
            -178.55,
            89.9502
        ],
        [
            448.87766,
            -541.38275,
            267.09622,
            89.97958,
            -178.55003,
            89.95014
        ],
        [
            448.8783,
            -541.3825,
            267.0974,
            89.97966,
            -178.54999,
            89.95011
        ],
        [
            448.87872,
            -541.38214,
            267.0974,
            89.97951,
            -178.55011,
            89.95008
        ],
        [
            448.87863,
            -541.3824,
            267.09702,
            89.979614,
            -178.5499,
            89.95018
        ],
        [
            448.87827,
            -541.38257,
            267.09683,
            89.979614,
            -178.55002,
            89.950066
        ],
        [
            448.87814,
            -541.3827,
            267.09836,
            89.97964,
            -178.54988,
            89.95008
        ],
        [
            448.87845,
            -541.38245,
            267.09808,
            89.97973,
            -178.54997,
            89.950096
        ],
        [
            448.87842,
            -541.3828,
            267.09818,
            89.97968,
            -178.5499,
            89.950066
        ],
        [
            448.87946,
            -541.38116,
            267.09958,
            89.98004,
            -178.54997,
            89.95037
        ],
        [
            448.9025,
            -541.38513,
            267.1388,
            89.98603,
            -178.548,
            89.95192
        ],
        [
            448.89548,
            -541.3983,
            267.1677,
            89.9863,
            -178.54453,
            89.95137
        ],
        [
            448.9006,
            -541.3983,
            267.1755,
            89.9877,
            -178.54414,
            89.95204
        ],
        [
            448.90207,
            -541.39984,
            267.18167,
            89.98758,
            -178.5433,
            89.95183
        ],
        [
            448.90378,
            -541.39844,
            267.18048,
            89.98778,
            -178.54361,
            89.951866
        ],
        [
            448.90363,
            -541.3976,
            267.17587,
            89.987816,
            -178.54408,
            89.952126
        ],
        [
            448.9027,
            -541.40485,
            267.18958,
            89.98835,
            -178.54408,
            89.95451
        ],
        [
            448.90463,
            -541.4044,
            267.19586,
            89.98988,
            -178.54507,
            89.95704
        ],
        [
            448.905,
            -541.40533,
            267.19708,
            89.98992,
            -178.54503,
            89.95689
        ],
        [
            448.90527,
            -541.40436,
            267.19586,
            89.98993,
            -178.54509,
            89.95713
        ],
        [
            448.9058,
            -541.4037,
            267.1945,
            89.99006,
            -178.54535,
            89.95716
        ],
        [
            448.90518,
            -541.40497,
            267.19595,
            89.989944,
            -178.54514,
            89.95685
        ],
        [
            448.90533,
            -541.40466,
            267.19504,
            89.98998,
            -178.54514,
            89.95693
        ],
        [
            448.9055,
            -541.40533,
            267.19736,
            89.99002,
            -178.54477,
            89.956726
        ],
        [
            448.90552,
            -541.4043,
            267.19492,
            89.98988,
            -178.54506,
            89.95678
        ],
        [
            448.90552,
            -541.40546,
            267.19595,
            89.98992,
            -178.54486,
            89.95651
        ],
        [
            448.9054,
            -541.4054,
            267.19565,
            89.98986,
            -178.54485,
            89.95641
        ],
        [
            448.90582,
            -541.4052,
            267.195,
            89.9898,
            -178.54478,
            89.95635
        ],
        [
            448.90555,
            -541.4054,
            267.1951,
            89.9897,
            -178.54475,
            89.95622
        ],
        [
            448.90543,
            -541.4053,
            267.1948,
            89.989655,
            -178.5447,
            89.95617
        ],
        [
            448.90588,
            -541.4056,
            267.19522,
            89.98973,
            -178.54459,
            89.95603
        ],
        [
            448.90585,
            -541.4053,
            267.1941,
            89.989555,
            -178.54456,
            89.95602
        ],
        [
            448.9058,
            -541.40485,
            267.1937,
            89.989555,
            -178.54462,
            89.956
        ],
        [
            448.90564,
            -541.40594,
            267.19443,
            89.98953,
            -178.54451,
            89.95563
        ],
        [
            448.90567,
            -541.406,
            267.19492,
            89.98954,
            -178.5444,
            89.95558
        ],
        [
            448.90582,
            -541.4061,
            267.19443,
            89.989525,
            -178.54442,
            89.95546
        ],
        [
            448.90573,
            -541.4058,
            267.19388,
            89.98932,
            -178.54437,
            89.95522
        ],
        [
            448.90558,
            -541.4063,
            267.1937,
            89.989365,
            -178.54428,
            89.95516
        ],
        [
            448.90588,
            -541.4063,
            267.1927,
            89.989204,
            -178.54425,
            89.9549
        ],
        [
            448.9056,
            -541.4068,
            267.19272,
            89.98921,
            -178.54428,
            89.954735
        ],
        [
            448.90594,
            -541.4066,
            267.19287,
            89.989136,
            -178.54411,
            89.95458
        ],
        [
            448.90588,
            -541.4064,
            267.19186,
            89.98908,
