{
    "CMD": 90,
    "motion_trajectory": [
        [
            433.06787,
            -491.46027,
            225.10739,
            -90.12062,
            -1.2504901,
            179.9397
        ],
        [
            433.06787,
            -491.46027,
            225.10739,
            -90.12062,
            -1.2503814,
            179.9397
        ],
        [
            433.0678,
            -491.46024,
            225.10698,
            -90.120605,
            -1.250351,
            179.93968
        ],
        [
            433.06747,
            -491.46066,
            225.108,
            -90.12052,
            -1.2503573,
            179.93964
        ],
        [
            433.06778,
            -491.46088,
            225.10776,
            -90.12054,
            -1.2504467,
            179.93958
        ],
        [
            433.06744,
            -491.46097,
            225.10722,
            -90.12057,
            -1.250426,
            179.93959
        ],
        [
            433.0681,
            -491.46005,
            225.10701,
            -90.120605,
            -1.2503957,
            179.93968
        ],
        [
            433.06775,
            -491.46045,
            225.10742,
            -90.12062,
            -1.250426,
            179.93964
        ],
        [
            433.0677,
            -491.46002,
            225.10667,
            -90.1207,
            -1.2504294,
            179.9397
        ],
        [
            433.06784,
            -491.46024,
            225.10689,
            -90.12066,
            -1.2504053,
            179.9397
        ],
        [
            433.06775,
            -491.46045,
            225.10751,
            -90.12066,
            -1.2504053,
            179.93974
        ],
        [
            433.06772,
            -491.46005,
            225.10728,
            -90.120605,
            -1.2504053,
            179.93968
        ],
        [
            433.0681,
            -491.46005,
            225.10701,
            -90.120605,
            -1.25045,
            179.93968
        ],
        [
            433.06772,
            -491.46042,
            225.10701,
            -90.120605,
            -1.2503957,
            179.93964
        ],
        [
            433.0678,
            -491.46024,
            225.10698,
            -90.120605,
            -1.250351,
            179.93968
        ],
        [
            433.06775,
            -491.46045,
            225.10751,
            -90.12057,
            -1.2503716,
            179.93964
        ],
        [
            433.06796,
            -491.46045,
            225.10709,
            -90.12062,
            -1.2504357,
            179.9397
        ],
        [
            433.06784,
            -491.46027,
            225.1075,
            -90.12057,
            -1.250426,
            179.93968
        ],
        [
            433.05118,
            -491.43454,
            225.02698,
            -90.14613,
            -1.2540792,
            179.94138
        ],
        [
            432.9946,
            -491.32504,
            224.74727,
            -90.19735,
            -1.2709748,
            179.94579
        ],
        [
            432.98492,
            -491.31497,
            224.71832,
            -90.20184,
            -1.2729465,
            179.94565
        ],
        [
            432.9849,
            -491.31305,
            224.71945,
            -90.200836,
            -1.2730225,
            179.94563
        ],
        [
            432.9857,
            -491.31332,
            224.72147,
            -90.1998,
            -1.2730149,
            179.94562
        ],
        [
            432.9868,
            -491.318,
            224.73189,
            -90.19708,
            -1.2723988,
            179.94519
        ],
        [
            432.98965,
            -491.32437,
            224.75195,
            -90.19301,
            -1.2714511,
            179.9448
        ],
        [
            432.9918,
            -491.32907,
            224.76494,
            -90.18938,
            -1.2706848,
            179.94437
        ],
        [
            432.99268,
            -491.32996,
            224.7697,
            -90.18686,
            -1.2705754,
            179.94414
        ],
        [
            432.99713,
            -491.33853,
            224.79477,
            -90.17971,
            -1.2693917,
            179.94345
        ],
        [
            433.00662,
            -491.35626,
            224.84406,
            -90.169014,
            -1.2666202,
            179.94246
        ],
        [
            433.0083,
            -491.3614,
            224.85341,
            -90.16602,
            -1.2660729,
            179.94199
        ],
        [
            433.0057,
            -491.3621,
            224.85493,
            -90.16359,
            -1.2672654,
            179.94102
        ],
        [
            433.0002,
            -491.3624,
            224.85603,
            -90.1618,
            -1.2697549,
            179.93965
        ],
        [
            432.9982,
            -491.3644,
            224.85399,
            -90.16223,
            -1.2704067,
            179.93887
        ],
        [
            432.99866,
            -491.36487,
            224.85435,
            -90.16222,
            -1.270448,
            179.93881
        ],
        [
            432.99844,
            -491.36487,
            224.85468,
            -90.162224,
            -1.270384,
            179.93877
        ],
        [
            432.99884,
            -491.36484,
            224.85359,
            -90.16243,
            -1.2703983,
            179.93878
        ],
        [
            432.99826,
            -491.3652,
            224.8538,
            -90.16249,
            -1.2703342,
            179.93869
        ],
        [
            432.99844,
            -491.36548,
            224.85443,
            -90.16247,
            -1.2702317,
            179.93869
        ],
        [
            432.9983,
            -491.3652,
            224.85341,
            -90.162704,
            -1.2702798,
            179.93872
        ],
        [
            432.99808,
            -491.36575,
            224.85341,
            -90.16277,
            -1.2702557,
            179.93869
        ],
        [
            432.99838,
            -491.36523,
            224.8536,
            -90.162834,
            -1.2702012,
            179.93874
        ],
        [
            432.99817,
            -491.3658,
            224.85342,
            -90.16301,
            -1.2701228,
            179.93872
        ],
        [
            432.99844,
            -491.36624,
            224.85365,
            -90.16304,
            -1.2700746,
            179.93874
        ],
        [
            432.9986,
            -491.36545,
            224.85312,
            -90.16317,
            -1.2700139,
            179.93878
        ],
        [
            432.9993,
            -491.36526,
            224.8523,
            -90.16327,
            -1.2699691,
            179.9389
        ],
        [
            432.99884,
            -491.36566,
            224.85298,
            -90.163345,
            -1.2699403,
            179.93893
        ],
        [
            432.9991,
            -491.3655,
            224.853,
            -90.16335,
            -1.2699306,
            179.93893
        ],
        [
            432.99915,
            -491.3655,
            224.8528,
            -90.16346,
            -1.2698762,
            179.93895
        ],
        [
            432.99915,
            -491.36588,
            224.85233,
            -90.163574,
            -1.2698121,
            179.9389
        ],
        [
            432.99915,
            -491.36548,
            224.85199,
            -90.16366,
            -1.2698458,
            179.93896
        ],
