{
    "CMD": 90,
    "motion_trajectory": [
        [
            448.83734,
            -541.412,
            267.85083,
            89.96968,
            -178.55983,
            89.95014
        ],
        [
            448.83725,
            -541.4118,
            267.8506,
            89.96966,
            -178.55986,
            89.95014
        ],
        [
            448.83694,
            -541.41174,
            267.8496,
            89.96955,
            -178.55992,
            89.95011
        ],
        [
            448.8371,
            -541.412,
            267.85153,
            89.96964,
            -178.55977,
            89.95011
        ],
        [
            448.8368,
            -541.4118,
            267.8506,
            89.96955,
            -178.55988,
            89.95013
        ],
        [
            448.83722,
            -541.4114,
            267.85065,
            89.969574,
            -178.55981,
            89.950226
        ],
        [
            448.8371,
            -541.412,
            267.85098,
            89.96962,
            -178.55975,
            89.95011
        ],
        [
            448.83752,
            -541.4115,
            267.851,
            89.969635,
            -178.55975,
            89.95021
        ],
        [
            448.83673,
            -541.4122,
            267.85135,
            89.96964,
            -178.55983,
            89.95
        ],
        [
            448.83774,
            -541.41144,
            267.85144,
            89.96969,
            -178.5598,
            89.95007
        ],
        [
            448.83768,
            -541.41144,
            267.8511,
            89.96968,
            -178.55983,
            89.95019
        ],
        [
            448.8371,
            -541.41205,
            267.85092,
            89.9696,
            -178.5598,
            89.95006
        ],
        [
            448.83737,
            -541.41223,
            267.85187,
            89.96969,
            -178.55983,
            89.95019
        ],
        [
            448.83737,
            -541.4114,
            267.85016,
            89.969574,
            -178.55988,
            89.95016
        ],
        [
            448.83698,
            -541.41187,
            267.85068,
            89.96958,
            -178.55978,
            89.95006
        ],
        [
            448.8372,
            -541.41223,
            267.8512,
            89.96962,
            -178.55977,
            89.95006
        ],
        [
            448.8371,
            -541.41205,
            267.85092,
            89.9696,
            -178.55975,
            89.95006
        ],
        [
            448.83765,
            -541.4118,
            267.85178,
            89.969666,
            -178.55966,
            89.95016
        ],
        [
            448.83768,
            -541.41144,
            267.8511,
            89.96968,
            -178.55983,
            89.95019
        ],
        [
            448.83737,
            -541.41223,
            267.85132,
            89.969666,
            -178.55974,
            89.95004
        ],
        [
            448.83755,
            -541.4116,
            267.8507,
            89.96958,
            -178.55981,
            89.94999
        ],
        [
            448.83786,
            -541.4118,
            267.8511,
            89.96965,
            -178.55984,
            89.94997
        ],
        [
            448.8374,
            -541.41205,
            267.85114,
            89.96967,
            -178.55974,
            89.949974
        ],
        [
            448.83725,
            -541.4121,
            267.85156,
            89.96965,
            -178.55974,
            89.94999
        ],
        [
            448.83774,
            -541.4114,
            267.8509,
            89.969666,
            -178.55984,
            89.95007
        ],
        [
            448.83725,
            -541.41205,
            267.8516,
            89.969666,
            -178.55974,
            89.95004
        ],
        [
            448.83752,
            -541.4109,
            267.85098,
            89.969666,
            -178.55994,
            89.95012
        ],
        [
            448.83725,
            -541.41223,
            267.85153,
            89.96963,
            -178.55978,
            89.94994
        ],
        [
            448.83774,
            -541.4115,
            267.85086,
            89.96965,
            -178.55984,
            89.95002
        ],
        [
            448.83774,
            -541.4113,
            267.85095,
            89.96969,
            -178.55989,
            89.95012
        ],
        [
            448.83813,
            -541.41144,
            267.85156,
            89.96965,
            -178.55974,
            89.95008
        ],
        [
            448.83655,
            -541.41174,
            267.8518,
            89.9697,
            -178.56068,
            89.95092
        ],
        [
            448.83502,
            -541.4128,
            267.85202,
            89.969444,
            -178.56204,
            89.95112
        ],
        [
            448.83408,
            -541.4133,
            267.85126,
            89.96919,
            -178.56314,
            89.95134
        ],
        [
            448.8329,
            -541.41376,
            267.84988,
            89.968834,
            -178.56322,
            89.951416
        ],
        [
            448.8321,
            -541.4145,
            267.8498,
            89.96872,
            -178.5631,
            89.95142
        ],
        [
            448.8321,
            -541.4145,
            267.8498,
            89.96872,
            -178.5631,
            89.95142
        ],
        [
            448.8318,
            -541.4144,
            267.8494,
            89.968636,
            -178.56305,
            89.95139
        ],
        [
            448.83185,
            -541.4148,
            267.84982,
            89.96866,
            -178.5629,
            89.951454
        ],
        [
            448.8315,
            -541.4149,
            267.8496,
            89.96857,
            -178.56268,
            89.95149
        ],
        [
            448.83212,
            -541.4145,
            267.85025,
            89.968636,
            -178.56267,
            89.95152
        ],
        [
            448.83145,
            -541.4144,
            267.84918,
            89.96857,
            -178.56273,
            89.95148
        ],
        [
            448.8314,
            -541.4155,
            267.85104,
            89.96866,
            -178.56242,
            89.95138
        ],
        [
            448.8317,
            -541.41486,
            267.8497,
            89.96861,
            -178.56255,
            89.95148
        ],
        [
            448.83182,
            -541.41516,
            267.8505,
            89.968636,
            -178.56236,
            89.95142
        ],
        [
            448.8316,
            -541.4148,
            267.84998,
            89.96859,
            -178.56244,
            89.95142
        ],
        [
            448.8317,
            -541.41516,
            267.8496,
            89.96855,
            -178.56238,
            89.951324
        ],
        [
            448.832,
            -541.4151,
            267.8506,
            89.96868,
            -178.56223,
            89.95141
        ],
        [
            448.8317,
            -541.41504,
            267.84964,
            89.968575,
            -178.56216,
            89.95138
        ],
        [
            448.8323,
            -541.4147,
            267.8503,
            89.96864,
            -178.56204,
            89.9514
        ],
        [
            448.832,
            -541.4152,
            267.85056,
            89.96866,
            -178.56189,
