{
    "CMD": 90,
    "motion_trajectory": [
        [
            433.06677,
            -491.46118,
            225.10774,
            -90.12063,
            -1.2505251,
            179.9395
        ],
        [
            433.0669,
            -491.4604,
            225.1074,
            -90.12065,
            -1.2505188,
            179.93954
        ],
        [
            433.06726,
            -491.46063,
            225.10782,
            -90.12057,
            -1.2504804,
            179.93959
        ],
        [
            433.0674,
            -491.46027,
            225.10753,
            -90.12067,
            -1.2504947,
            179.93959
        ],
        [
            433.06723,
            -491.46024,
            225.10748,
            -90.12066,
            -1.2505141,
            179.93965
        ],
        [
            433.06714,
            -491.46082,
            225.10794,
            -90.12052,
            -1.2504708,
            179.93953
        ],
        [
            433.06714,
            -491.46082,
            225.10783,
            -90.120575,
            -1.2505251,
            179.93954
        ],
        [
            433.06726,
            -491.46063,
            225.10782,
            -90.12057,
            -1.2504804,
            179.93959
        ],
        [
            433.0674,
            -491.46027,
            225.10753,
            -90.12067,
            -1.2504404,
            179.93959
        ],
        [
            433.06665,
            -491.46136,
            225.10786,
            -90.12058,
            -1.2504066,
            179.93944
        ],
        [
            433.0669,
            -491.4604,
            225.10721,
            -90.12076,
            -1.2505188,
            179.93956
        ],
        [
            433.0672,
            -491.46088,
            225.10825,
            -90.12059,
            -1.2503923,
            179.93954
        ],
        [
            433.0672,
            -491.4612,
            225.10797,
            -90.1206,
            -1.2503825,
            179.93948
        ],
        [
            433.0623,
            -491.45502,
            225.08075,
            -90.131744,
            -1.2512233,
            179.94006
        ],
        [
            433.00314,
            -491.3483,
            224.8426,
            -90.18834,
            -1.265818,
            179.94481
        ],
        [
            432.98727,
            -491.32132,
            224.80055,
            -90.19731,
            -1.2692165,
            179.94534
        ],
        [
            432.98587,
            -491.32178,
            224.80063,
            -90.196266,
            -1.2692733,
            179.94504
        ],
        [
            432.98843,
            -491.32462,
            224.81006,
            -90.1927,
            -1.2688516,
            179.94478
        ],
        [
            432.9914,
            -491.33325,
            224.83119,
            -90.18795,
            -1.2677295,
            179.94421
        ],
        [
            432.9943,
            -491.33572,
            224.8406,
            -90.18416,
            -1.2672231,
            179.94395
        ],
        [
            432.9942,
            -491.336,
            224.84146,
            -90.18209,
            -1.2674531,
            179.94366
        ],
        [
            432.99417,
            -491.33856,
            224.84935,
            -90.178955,
            -1.2670714,
            179.94318
        ],
        [
            433.00647,
            -491.36075,
            224.89575,
            -90.16728,
            -1.2641959,
            179.94214
        ],
        [
            433.0071,
            -491.37256,
            224.91647,
            -90.15796,
            -1.2639977,
            179.93988
        ],
        [
            433.0026,
            -491.37717,
            224.91965,
            -90.15631,
            -1.2643516,
            179.93803
        ],
        [
            433.00055,
            -491.37604,
            224.91446,
            -90.15709,
            -1.2647035,
            179.93762
        ],
        [
            432.99957,
            -491.3765,
            224.9142,
            -90.15713,
            -1.264777,
            179.93742
        ],
        [
            433.0001,
            -491.37805,
            224.91817,
            -90.15675,
            -1.2645172,
            179.9373
        ],
        [
            432.99997,
            -491.37817,
            224.91757,
            -90.15685,
            -1.264586,
            179.93726
        ],
        [
            432.99933,
            -491.3774,
            224.91338,
            -90.15748,
            -1.2647926,
            179.93726
        ],
        [
            433.00055,
            -491.378,
            224.91667,
            -90.15718,
            -1.2645859,
            179.93735
        ],
        [
            432.99973,
            -491.3773,
            224.91331,
            -90.15777,
            -1.2647043,
            179.93729
        ],
        [
            433.00003,
            -491.37802,
            224.91463,
            -90.15773,
            -1.264549,
            179.93736
        ],
        [
            433.00003,
            -491.37762,
            224.9141,
            -90.15792,
            -1.2645826,
            179.93744
        ],
        [
            433.00037,
            -491.37775,
            224.91501,
            -90.15796,
            -1.2645202,
            179.93752
        ],
        [
            433.0009,
            -491.37756,
            224.9145,
            -90.15807,
            -1.2644113,
            179.93758
        ],
        [
            433.00055,
            -491.37787,
            224.9132,
            -90.15854,
            -1.2644897,
            179.93759
        ],
        [
            433.0009,
            -491.378,
            224.9143,
            -90.15847,
            -1.2644272,
            179.93764
        ],
        [
            433.0015,
            -491.37756,
            224.91287,
            -90.15883,
            -1.2644607,
            179.93779
        ],
        [
            433.00153,
            -491.37723,
            224.91295,
            -90.158936,
            -1.264416,
            179.93785
        ],
        [
            433.00192,
            -491.3774,
            224.91243,
            -90.1591,
            -1.2644016,
            179.93794
        ],
        [
            433.00153,
            -491.37732,
            224.91109,
            -90.1595,
            -1.2644591,
            179.93799
        ],
        [
            433.00162,
            -491.3774,
            224.912,
            -90.15948,
            -1.2643567,
            179.93799
        ],
        [
            433.0019,
            -491.37744,
            224.9118,
            -90.15973,
            -1.2643759,
            179.93819
        ],
        [
            433.002,
            -491.3776,
            224.9113,
            -90.15976,
            -1.2643422,
            179.9381
        ],
        [
            433.002,
            -491.3769,
            224.91185,
            -90.159744,
            -1.2643615,
            179.9382
        ],
        [
            433.00244,
            -491.37744,
            224.91077,
            -90.16009,
            -1.264283,
            179.93825
        ],
        [
            433.00284,
            -491.37714,
            224.91127,
            -90.16005,
            -1.2642045,
            179.9383
        ],
        [
            433.0037,
            -491.3767,
            224.91125,
            -90.16033,
            -1.2641757,
            179.93849
        ],
        [
            433.00314,
            -491.37735,
            224.91074,
            -90.16044,
            -1.2641853,
            179.93848
        ],
        [
