{
    "CMD": 91,
    "motion_trajectory": [
        [
            448.68707,
            -598.99384,
            272.1028,
            89.12976,
            -178.60945,
            89.99029
        ],
        [
            448.6868,
            -598.9936,
            272.10248,
            89.1297,
            -178.60947,
            89.99036
        ],
        [
            448.6864,
            -598.99384,
            272.10226,
            89.129715,
            -178.60953,
            89.99024
        ],
        [
            448.68677,
            -598.99316,
            272.102,
            89.12971,
            -178.60962,
            89.99034
        ],
        [
            448.68686,
            -598.9934,
            272.10168,
            89.12969,
            -178.60957,
            89.99029
        ],
        [
            448.68704,
            -598.9936,
            272.1029,
            89.12976,
            -178.60947,
            89.99017
        ],
        [
            448.68765,
            -598.9928,
            272.10217,
            89.12967,
            -178.60951,
            89.990395
        ],
        [
            448.68677,
            -598.9934,
            272.10254,
            89.12971,
            -178.60953,
            89.990234
        ],
        [
            448.6874,
            -598.99286,
            272.10208,
            89.12974,
            -178.60954,
            89.990326
        ],
        [
            448.68723,
            -598.99335,
            272.10306,
            89.12983,
            -178.60948,
            89.990265
        ],
        [
            448.6872,
            -598.9934,
            272.10245,
            89.1298,
            -178.60953,
            89.99022
        ],
        [
            448.68753,
            -598.99304,
            272.10355,
            89.12981,
            -178.60948,
            89.990326
        ],
        [
            448.6874,
            -598.9929,
            272.10205,
            89.12973,
            -178.60959,
            89.99027
        ],
        [
            448.68768,
            -598.9931,
            272.10303,
            89.12982,
            -178.60954,
            89.99022
        ],
        [
            448.68723,
            -598.9934,
            272.10303,
            89.12982,
            -178.60954,
            89.99021
        ],
        [
            448.68704,
            -598.99365,
            272.1035,
            89.12978,
            -178.60948,
            89.99017
        ],
        [
            448.68823,
            -598.99255,
            272.10284,
            89.12984,
            -178.6096,
            89.99024
        ],
        [
            448.6885,
            -598.99274,
            272.10382,
            89.12992,
            -178.6095,
            89.99023
        ],
        [
            448.68774,
            -598.9929,
            272.10284,
            89.12984,
            -178.60966,
            89.9902
        ],
        [
            448.6878,
            -598.99347,
            272.10385,
            89.12984,
            -178.6094,
            89.99015
        ],
        [
            448.68777,
            -598.9929,
            272.10342,
            89.12985,
            -178.60951,
            89.9902
        ],
        [
            448.68796,
            -598.9933,
            272.1034,
            89.129875,
            -178.60947,
            89.9902
        ],
        [
            448.69052,
            -598.9924,
            272.10953,
            89.13049,
            -178.60922,
            89.990295
        ],
        [
            448.691,
            -598.9922,
            272.11163,
            89.13081,
            -178.6093,
            89.99018
        ],
        [
            448.69092,
            -598.99255,
            272.1118,
            89.13078,
            -178.60924,
            89.990135
        ],
        [
            448.69104,
            -598.9927,
            272.11325,
            89.13086,
            -178.60916,
            89.99019
        ],
        [
            448.68945,
            -598.9925,
            272.1149,
            89.130905,
            -178.61009,
            89.99166
        ],
        [
            448.68958,
            -598.9927,
            272.11795,
            89.13116,
            -178.61292,
            89.99282
        ],
        [
            448.6899,
            -598.99207,
            272.11765,
            89.13131,
            -178.6135,
            89.99328
        ],
        [
            448.69046,
            -598.9922,
            272.1196,
            89.1315,
            -178.61339,
            89.99331
        ],
        [
            448.69058,
            -598.9928,
            272.11978,
            89.1315,
            -178.61328,
            89.99332
        ],
        [
            448.68976,
            -598.99286,
            272.1191,
            89.13141,
            -178.61334,
            89.993286
        ],
        [
            448.6905,
            -598.99274,
            272.12006,
            89.131485,
            -178.61322,
            89.99326
        ],
        [
            448.68997,
            -598.9932,
            272.12024,
            89.13147,
            -178.61305,
            89.993286
        ],
        [
            448.68985,
            -598.99316,
            272.11993,
            89.13144,
            -178.6131,
            89.99323
        ],
        [
            448.69025,
            -598.99304,
            272.11893,
            89.131355,
            -178.61299,
            89.99324
        ],
        [
            448.6904,
            -598.993,
            272.11905,
            89.13142,
            -178.61298,
            89.99328
        ],
        [
            448.69034,
            -598.9937,
            272.12088,
            89.13154,
            -178.61278,
            89.99317
        ],
        [
            448.6901,
            -598.99335,
            272.11914,
            89.131454,
            -178.61288,
            89.99317
        ],
        [
            448.69043,
            -598.99347,
            272.11954,
            89.13138,
            -178.6127,
            89.99302
        ],
        [
            448.69012,
            -598.9935,
            272.1197,
            89.131454,
            -178.61269,
            89.99307
        ],
        [
            448.69058,
            -598.99347,
            272.11902,
            89.13139,
            -178.61261,
            89.99296
        ],
        [
            448.69043,
            -598.99347,
            272.11954,
            89.13138,
            -178.61244,
            89.99303
        ],
        [
            448.69067,
            -598.9938,
            272.1193,
            89.13141,
            -178.6123,
            89.99291
        ],
        [
            448.69058,
            -598.9936,
            272.1196,
            89.13141,
            -178.61224,
            89.99291
        ],
        [
            448.69058,
            -598.9939,
            272.11954,
            89.13137,
            -178.61218,
            89.99275
        ],
        [
            448.69058,
            -598.9939,
            272.12012,
            89.13139,
            -178.61203,
            89.99275
        ],
        [
            448.69064,
            -598.9937,
            272.11932,
            89.131386,
            -178.61198,
            89.99269
        ],
        [
            448.69028,
            -598.9944,
            272.12018,
            89.13142,
            -178.61179,
            89.99259
        ],
        [
            448.69012,
            -598.99445,
            272.1195,
            89.13135,
            -178.6118,
            89.99261
        ],
        [
            448.69046,
            -598.99445,
            272.12027,
            89.13135,
