{
    "CMD": 90,
    "motion_trajectory": [
        [
            433.0669,
            -491.46103,
            225.10832,
            -90.12053,
            -1.250402,
            179.93954
        ],
        [
            433.067,
            -491.46115,
            225.10742,
            -90.12062,
            -1.250426,
            179.93954
        ],
        [
            433.06677,
            -491.46118,
            225.10774,
            -90.12063,
            -1.2504163,
            179.9395
        ],
        [
            433.06732,
            -491.46143,
            225.10808,
            -90.12061,
            -1.2503041,
            179.9395
        ],
        [
            433.06702,
            -491.46155,
            225.10765,
            -90.12059,
            -1.2503923,
            179.9395
        ],
        [
            433.067,
            -491.4609,
            225.10674,
            -90.12071,
            -1.2504547,
            179.9395
        ],
        [
            433.06766,
            -491.46127,
            225.10846,
            -90.12045,
            -1.2503539,
            179.93959
        ],
        [
            433.06766,
            -491.46094,
            225.10863,
            -90.1205,
            -1.2503092,
            179.93965
        ],
        [
            433.0673,
            -491.46103,
            225.10796,
            -90.12059,
            -1.2502835,
            179.93954
        ],
        [
            433.0675,
            -491.46008,
            225.1075,
            -90.12066,
            -1.25045,
            179.93965
        ],
        [
            433.06766,
            -491.4607,
            225.10805,
            -90.12054,
            -1.2503378,
            179.93958
        ],
        [
            433.0675,
            -491.46143,
            225.10796,
            -90.1205,
            -1.2503139,
            179.93953
        ],
        [
            433.0676,
            -491.46088,
            225.10832,
            -90.12043,
            -1.2503333,
            179.93964
        ],
        [
            433.06683,
            -491.4613,
            225.1048,
            -90.12197,
            -1.2503165,
            179.9395
        ],
        [
            433.05237,
            -491.438,
            225.03781,
            -90.14463,
            -1.2534144,
            179.94118
        ],
        [
            432.99402,
            -491.32513,
            224.76846,
            -90.19594,
            -1.2702664,
            179.9457
        ],
        [
            432.9838,
            -491.31204,
            224.74036,
            -90.20112,
            -1.2722253,
            179.94572
        ],
        [
            432.98553,
            -491.31818,
            224.75531,
            -90.19838,
            -1.2713062,
            179.94537
        ],
        [
            432.98642,
            -491.3171,
            224.75676,
            -90.19631,
            -1.2714673,
            179.94527
        ],
        [
            432.99155,
            -491.3297,
            224.7923,
            -90.18829,
            -1.2695211,
            179.94432
        ],
        [
            432.9929,
            -491.33185,
            224.80203,
            -90.183136,
            -1.2693565,
            179.94382
        ],
        [
            432.9959,
            -491.33765,
            224.81647,
            -90.17917,
            -1.2684556,
            179.94344
        ],
        [
            433.0067,
            -491.35757,
            224.86473,
            -90.16808,
            -1.265721,
            179.94238
        ],
        [
            433.00964,
            -491.36282,
            224.87341,
            -90.16461,
            -1.2651002,
            179.94208
        ],
        [
            433.00735,
            -491.36288,
            224.8759,
            -90.162254,
            -1.2660017,
            179.94128
        ],
        [
            433.0022,
            -491.36536,
            224.88039,
            -90.15964,
            -1.2679884,
            179.93962
        ],
        [
            432.99988,
            -491.3645,
            224.87431,
            -90.160446,
            -1.2685323,
            179.9391
        ],
        [
            433.00046,
            -491.36575,
            224.87714,
            -90.1602,
            -1.268439,
            179.93906
        ],
        [
            432.99948,
            -491.3662,
            224.87677,
            -90.16029,
            -1.2684038,
            179.93884
        ],
        [
            432.9994,
            -491.36566,
            224.8748,
            -90.16055,
            -1.2684551,
            179.93892
        ],
        [
            432.99942,
            -491.36606,
            224.87494,
            -90.160576,
            -1.2684214,
            179.93887
        ],
        [
            432.9994,
            -491.3663,
            224.87527,
            -90.16065,
            -1.2683333,
            179.93883
        ],
        [
            432.99933,
            -491.36584,
            224.87442,
            -90.160774,
            -1.268391,
            179.93889
        ],
        [
            433.0,
            -491.36627,
            224.8761,
            -90.16075,
            -1.2682067,
            179.9389
        ],
        [
            432.9997,
            -491.36633,
            224.87486,
            -90.16093,
            -1.2681556,
            179.93893
        ],
        [
            433.00027,
            -491.36655,
            224.87408,
            -90.16128,
            -1.2680674,
            179.93896
        ],
        [
            432.99994,
            -491.3666,
            224.87477,
            -90.161285,
            -1.2680529,
            179.93898
        ],
        [
            433.00073,
            -491.36646,
            224.87407,
            -90.16157,
            -1.267984,
            179.93913
        ],
        [
            433.00067,
            -491.3669,
            224.87518,
            -90.1615,
            -1.2679216,
            179.93913
        ],
        [
            433.00027,
            -491.36716,
            224.87366,
            -90.16184,
            -1.2679152,
            179.93913
        ],
        [
            433.00095,
            -491.36688,
            224.87405,
            -90.16193,
            -1.2678224,
            179.93925
        ],
        [
            433.00076,
            -491.36722,
            224.87329,
            -90.16214,
            -1.2677182,
            179.93916
        ],
        [
            433.0013,
            -491.36734,
            224.87367,
            -90.16228,
            -1.2676654,
            179.93932
        ],
        [
            433.00146,
            -491.36755,
            224.87369,
            -90.162346,
            -1.2676413,
            179.93932
        ],
        [
            433.0015,
            -491.36676,
            224.87294,
            -90.16274,
            -1.2676445,
            179.93942
        ],
        [
            433.00153,
            -491.36713,
            224.87265,
            -90.16281,
            -1.267566,
            179.93944
        ],
        [
            433.0021,
            -491.36667,
            224.87274,
            -90.16299,
            -1.2673885,
            179.93956
        ],
        [
            433.0019,
            -491.36722,
            224.87265,
            -90.16311,
            -1.2673643,
            179.93953
        ],
        [
            433.00226,
            -491.36688,
            224.87276,
            -90.163055,
            -1.2674187,
            179.93958
        ],
        [
            433.00238,
            -491.36703,
            224.87234,
            -90.16311,
            -1.2673099,
            179.93958
        ],
        [
