{
    "CMD": 91,
    "motion_trajectory": [
        [
            447.97437,
            -656.3739,
            267.92227,
            89.9795,
            -178.51036,
            90.00007
        ],
        [
            447.97525,
            -656.374,
            267.92358,
            89.9796,
            -178.51027,
            90.0
        ],
        [
            447.9751,
            -656.37366,
            267.92422,
            89.97961,
            -178.51027,
            90.00005
        ],
        [
            447.97586,
            -656.37335,
            267.924,
            89.97965,
            -178.51024,
            90.00009
        ],
        [
            447.97528,
            -656.3735,
            267.92435,
            89.97966,
            -178.51024,
            90.0001
        ],
        [
            447.97595,
            -656.3737,
            267.92493,
            89.97968,
            -178.5101,
            89.999985
        ],
        [
            447.9752,
            -656.37384,
            267.92578,
            89.97967,
            -178.51015,
            90.00005
        ],
        [
            447.97528,
            -656.3736,
            267.92496,
            89.979675,
            -178.5103,
            90.000046
        ],
        [
            447.97546,
            -656.37366,
            267.92566,
            89.97974,
            -178.51024,
            89.999985
        ],
        [
            447.97495,
            -656.3741,
            267.92566,
            89.97974,
            -178.51018,
            89.999886
        ],
        [
            447.9756,
            -656.3732,
            267.9258,
            89.979645,
            -178.51018,
            90.0001
        ],
        [
            447.976,
            -656.37335,
            267.9269,
            89.97978,
            -178.5101,
            90.00003
        ],
        [
            447.9766,
            -656.37317,
            267.92722,
            89.9798,
            -178.51012,
            90.00008
        ],
        [
            447.97607,
            -656.3731,
            267.9261,
            89.97979,
            -178.51025,
            90.00002
        ],
        [
            447.97644,
            -656.37335,
            267.92712,
            89.97975,
            -178.50998,
            90.00003
        ],
        [
            447.9762,
            -656.37286,
            267.92682,
            89.979706,
            -178.51012,
            90.00003
        ],
        [
            447.97662,
            -656.37274,
            267.92734,
            89.97983,
            -178.51018,
            90.00007
        ],
        [
            447.9763,
            -656.37305,
            267.92712,
            89.97973,
            -178.51007,
            90.00003
        ],
        [
            447.97723,
            -656.3728,
            267.9276,
            89.97984,
            -178.51009,
            90.00001
        ],
        [
            447.97623,
            -656.37286,
            267.92746,
            89.97973,
            -178.51013,
            90.00003
        ],
        [
            447.97638,
            -656.37286,
            267.92816,
            89.9798,
            -178.51001,
            90.00002
        ],
        [
            447.9769,
            -656.37256,
            267.92755,
            89.979774,
            -178.5101,
            90.000015
        ],
        [
            447.97678,
            -656.3722,
            267.9282,
            89.979774,
            -178.5101,
            90.00007
        ],
        [
            447.9769,
            -656.37256,
            267.92755,
            89.979774,
            -178.51004,
            90.000015
        ],
        [
            447.97736,
            -656.3721,
            267.92786,
            89.979774,
            -178.5101,
            90.00006
        ],
        [
            447.9766,
            -656.3723,
            267.92746,
            89.9797,
            -178.51006,
            90.00002
        ],
        [
            447.9732,
            -656.3727,
            267.92734,
            89.978836,
            -178.5117,
            90.00122
        ],
        [
            447.97128,
            -656.37256,
            267.92596,
            89.97832,
            -178.5137,
            90.00193
        ],
        [
            447.97095,
            -656.37244,
            267.92612,
            89.9781,
            -178.51381,
            90.00211
        ],
        [
            447.97046,
            -656.37256,
            267.92584,
            89.97797,
            -178.51367,
            90.00218
        ],
        [
            447.96976,
            -656.37286,
            267.9251,
            89.9779,
            -178.51369,
            90.0022
        ],
        [
            447.96976,
            -656.373,
            267.92572,
            89.97791,
            -178.51349,
            90.002144
        ],
        [
            447.97043,
            -656.3725,
            267.9252,
            89.97794,
            -178.51338,
            90.00218
        ],
        [
            447.96976,
            -656.37286,
            267.9251,
            89.9779,
            -178.51337,
            90.0022
        ],
        [
            447.96967,
            -656.3728,
            267.9248,
            89.977875,
            -178.51329,
            90.002144
        ],
        [
            447.97,
            -656.3731,
            267.92487,
            89.977936,
            -178.51312,
            90.00208
        ],
        [
            447.96933,
            -656.37317,
            267.9249,
            89.97792,
            -178.5131,
            90.00204
        ],
        [
            447.96985,
            -656.3728,
            267.9249,
            89.97792,
            -178.513,
            90.00208
        ],
        [
            447.97003,
            -656.37274,
            267.92563,
            89.97799,
            -178.51292,
            90.002075
        ],
        [
            447.9701,
            -656.3731,
            267.9253,
            89.97798,
            -178.51286,
            90.00197
        ],
        [
            447.96967,
            -656.3731,
            267.92508,
            89.97801,
            -178.51283,
            90.001976
        ],
        [
            447.97095,
            -656.3727,
            267.92548,
            89.97807,
            -178.5127,
            90.00195
        ],
        [
            447.97076,
            -656.3728,
            267.92566,
            89.97817,
            -178.51259,
            90.001945
        ],
        [
            447.97028,
            -656.37286,
            267.92548,
            89.97804,
            -178.51242,
            90.001854
        ],
        [
            447.97052,
            -656.3725,
            267.92587,
            89.97812,
            -178.51234,
            90.001945
        ],
        [
            447.97095,
            -656.373,
            267.92545,
            89.97806,
            -178.51227,
            90.001785
        ],
        [
            447.9701,
            -656.37366,
            267.92615,
            89.97813,
            -178.51204,
            90.00169
        ],
        [
            447.97095,
            -656.373,
            267.92575,
            89.9782,
            -178.51207,
            90.00178
        ],
        [
            447.97128,
            -656.373,
            267.92624,
            89.978165,
            -178.5119,
            90.001724
        ],
        [
            447.97113,
            -656.37274,
            267.92502,
            89.9781,
            -178.51186,
            90.00167
        ],
        [
            447.97076,
            -656.37286,
            267.9245,
            89.978134,
