{
    "CMD": 91,
    "motion_trajectory": [
        [
            434.54007,
            -486.6598,
            225.17982,
            -90.109955,
            -1.2500764,
            179.91006
        ],
        [
            434.54013,
            -486.65985,
            225.18022,
            -90.10997,
            -1.250052,
            179.91006
        ],
        [
            434.54044,
            -486.6594,
            225.17911,
            -90.10989,
            -1.2499489,
            179.91011
        ],
        [
            434.54044,
            -486.6594,
            225.17921,
            -90.11005,
            -1.2501009,
            179.91011
        ],
        [
            434.54022,
            -486.66,
            225.17982,
            -90.11002,
            -1.2499976,
            179.91008
        ],
        [
            434.53986,
            -486.66013,
            225.17924,
            -90.11006,
            -1.2500823,
            179.90997
        ],
        [
            434.53995,
            -486.65994,
            225.17923,
            -90.110054,
            -1.2500371,
            179.91002
        ],
        [
            434.5401,
            -486.6598,
            225.17961,
            -90.11006,
            -1.250022,
            179.91008
        ],
        [
            434.54047,
            -486.65945,
            225.17961,
            -90.11006,
            -1.2500764,
            179.91013
        ],
        [
            434.54028,
            -486.66046,
            225.18057,
            -90.109955,
            -1.2500483,
            179.91002
        ],
        [
            434.54056,
            -486.65958,
            225.1788,
            -90.1101,
            -1.2500464,
            179.91013
        ],
        [
            434.54,
            -486.66003,
            225.18025,
            -90.10998,
            -1.2500427,
            179.91002
        ],
        [
            434.5404,
            -486.6606,
            225.18027,
            -90.109955,
            -1.2499396,
            179.91002
        ],
        [
            434.54013,
            -486.66055,
            225.17967,
            -90.109985,
            -1.2500334,
            179.90996
        ],
        [
            434.54007,
            -486.66037,
            225.17947,
            -90.11025,
            -1.2500334,
            179.91
        ],
        [
            434.5407,
            -486.65982,
            225.17953,
            -90.11002,
            -1.2499976,
            179.91013
        ],
        [
            434.5405,
            -486.6598,
            225.17934,
            -90.11007,
            -1.2500128,
            179.91006
        ],
        [
            434.54037,
            -486.65964,
            225.17964,
            -90.11007,
            -1.2500671,
            179.91006
        ],
        [
            434.5406,
            -486.66052,
            225.18256,
            -90.109,
            -1.249964,
            179.91002
        ],
        [
            434.56915,
            -486.70895,
            225.29277,
            -90.084755,
            -1.2428904,
            179.90794
        ],
        [
            434.5744,
            -486.71417,
            225.31483,
            -90.07942,
            -1.2417818,
            179.90779
        ],
        [
            434.57516,
            -486.7178,
            225.32217,
            -90.07821,
            -1.2413636,
            179.90756
        ],
        [
            434.57364,
            -486.719,
            225.32146,
            -90.07875,
            -1.2413092,
            179.90746
        ],
        [
            434.57227,
            -486.71915,
            225.31775,
            -90.07918,
            -1.2416546,
            179.90721
        ],
        [
            434.5708,
            -486.72263,
            225.33076,
            -90.075584,
            -1.2441782,
            179.90616
        ],
        [
            434.5696,
            -486.72342,
            225.3361,
            -90.07318,
            -1.245544,
            179.90576
        ],
        [
            434.56915,
            -486.72406,
            225.33725,
            -90.07306,
            -1.2457033,
            179.90565
        ],
        [
            434.5703,
            -486.72302,
            225.337,
            -90.07214,
            -1.2459493,
            179.90572
        ],
        [
            434.5698,
            -486.72348,
            225.33846,
            -90.072014,
            -1.2458911,
            179.90561
        ],
        [
            434.56998,
            -486.72342,
            225.33752,
            -90.0721,
            -1.2458705,
            179.90567
        ],
        [
            434.5695,
            -486.72336,
            225.33704,
            -90.07224,
            -1.2458462,
            179.90556
        ],
        [
            434.57022,
            -486.72284,
            225.3372,
            -90.0722,
            -1.2457861,
            179.90572
        ],
        [
            434.57004,
            -486.72314,
            225.33797,
            -90.07246,
            -1.2456642,
            179.90565
        ],
        [
            434.57004,
            -486.7228,
            225.33652,
            -90.07251,
            -1.2455835,
            179.9057
        ],
        [
            434.56927,
            -486.7231,
            225.33588,
            -90.072754,
            -1.2455084,
            179.9057
        ],
        [
            434.56982,
            -486.72296,
            225.33598,
            -90.07277,
            -1.2453753,
            179.90575
        ],
        [
            434.56982,
            -486.72293,
            225.33508,
            -90.07303,
            -1.2452909,
            179.90578
        ],
        [
            434.57025,
            -486.72223,
            225.33516,
            -90.07313,
            -1.2451913,
            179.90588
        ],
        [
            434.57056,
            -486.72266,
            225.33517,
            -90.07327,
            -1.2449794,
            179.90591
        ],
        [
            434.5707,
            -486.72287,
            225.33519,
            -90.07334,
            -1.2450093,
            179.90593
        ],
        [
            434.57065,
            -486.72266,
            225.33447,
            -90.07365,
            -1.2448161,
            179.90596
        ],
        [
            434.5704,
            -486.72223,
            225.33374,
            -90.07388,
            -1.2447017,
            179.90599
        ],
        [
            434.57068,
            -486.7226,
            225.33336,
            -90.07401,
            -1.2444597,
            179.906
        ],
        [
            434.57047,
            -486.72217,
            225.33234,
            -90.07441,
            -1.244454,
            179.90605
        ],
        [
            434.57062,
            -486.72235,
            225.33173,
            -90.07458,
            -1.2443997,
            179.90608
        ],
        [
            434.5704,
            -486.72235,
            225.33205,
            -90.07458,
            -1.244336,
            179.90602
        ],
        [
            434.57065,
            -486.72238,
            225.33205,
            -90.074646,
            -1.2442122,
            179.9061
        ],
        [
            434.57098,
            -486.7228,
            225.33197,
            -90.07484,
            -1.2440544,
            179.90613
        ],
        [
            434.5707,
            -486.72235,
            225.33073,
            -90.07511,
            -1.2440189,
            179.90614
        ],
        [
            434.57117,
            -486.722,
            225.33012,
            -90.07544,
            -1.2439101,
            179.90623
        ],
