{
    "CMD": 90,
    "motion_trajectory": [
        [
            448.68857,
            -598.99255,
            272.10217,
            89.13003,
            -178.60982,
            89.99014
        ],
        [
            448.68808,
            -598.9927,
            272.10162,
            89.13003,
            -178.6098,
            89.990204
        ],
        [
            448.68784,
            -598.99255,
            272.10126,
            89.12996,
            -178.60982,
            89.99021
        ],
        [
            448.68787,
            -598.99316,
            272.10287,
            89.12998,
            -178.60963,
            89.99017
        ],
        [
            448.68805,
            -598.9931,
            272.10297,
            89.130035,
            -178.60971,
            89.99016
        ],
        [
            448.68784,
            -598.99274,
            272.1024,
            89.12999,
            -178.60974,
            89.99016
        ],
        [
            448.6881,
            -598.9927,
            272.1022,
            89.13005,
            -178.60976,
            89.990204
        ],
        [
            448.68802,
            -598.993,
            272.1024,
            89.13002,
            -178.6097,
            89.99021
        ],
        [
            448.6885,
            -598.99274,
            272.10297,
            89.130035,
            -178.60965,
            89.990204
        ],
        [
            448.688,
            -598.9927,
            272.10132,
            89.12998,
            -178.6099,
            89.9901
        ],
        [
            448.68784,
            -598.9928,
            272.1024,
            89.129974,
            -178.60973,
            89.990105
        ],
        [
            448.6881,
            -598.992,
            272.10184,
            89.129944,
            -178.60986,
            89.990204
        ],
        [
            448.68805,
            -598.9921,
            272.10202,
            89.12993,
            -178.6098,
            89.990204
        ],
        [
            448.6887,
            -598.9917,
            272.10156,
            89.12996,
            -178.60986,
            89.9903
        ],
        [
            448.6887,
            -598.9918,
            272.1021,
            89.12997,
            -178.60977,
            89.99025
        ],
        [
            448.6878,
            -598.99225,
            272.1022,
            89.12986,
            -178.60973,
            89.99017
        ],
        [
            448.68823,
            -598.9922,
            272.1021,
            89.12997,
            -178.60977,
            89.990204
        ],
        [
            448.68787,
            -598.9928,
            272.10297,
            89.13,
            -178.6097,
            89.990105
        ],
        [
            448.6881,
            -598.99207,
            272.1018,
            89.12994,
            -178.60982,
            89.99015
        ],
        [
            448.68747,
            -598.9925,
            272.1017,
            89.12989,
            -178.60973,
            89.99012
        ],
        [
            448.68802,
            -598.9918,
            272.10156,
            89.12992,
            -178.6098,
            89.990204
        ],
        [
            448.68808,
            -598.99164,
            272.1022,
            89.12983,
            -178.60986,
            89.990166
        ],
        [
            448.6881,
            -598.99133,
            272.10083,
            89.129814,
            -178.60991,
            89.99016
        ],
        [
            448.688,
            -598.99133,
            272.10193,
            89.12982,
            -178.6098,
            89.99022
        ],
        [
            448.68872,
            -598.9912,
            272.1017,
            89.12985,
            -178.60983,
            89.990204
        ],
        [
            448.68814,
            -598.99146,
            272.1014,
            89.12982,
            -178.60992,
            89.990105
        ],
        [
            448.68793,
            -598.99207,
            272.10178,
            89.129875,
            -178.6098,
            89.99
        ],
        [
            448.67926,
            -598.9907,
            272.09738,
            89.128044,
            -178.61143,
            89.99364
        ],
        [
            448.67618,
            -598.99084,
            272.0966,
            89.12736,
            -178.61159,
            89.99458
        ],
        [
            448.67334,
            -598.99097,
            272.09543,
            89.126816,
            -178.61157,
            89.99511
        ],
        [
            448.67288,
            -598.99164,
            272.09534,
            89.1268,
            -178.61156,
            89.995125
        ],
        [
            448.67267,
            -598.9913,
            272.09552,
            89.126755,
            -178.61153,
            89.995186
        ],
        [
            448.6731,
            -598.99115,
            272.09494,
            89.12673,
            -178.61157,
            89.995186
        ],
        [
            448.6727,
            -598.9919,
            272.09518,
            89.12673,
            -178.61142,
            89.99503
        ],
        [
            448.67288,
            -598.9909,
            272.09436,
            89.12668,
            -178.61154,
            89.99513
        ],
        [
            448.67355,
            -598.99097,
            272.0949,
            89.12671,
            -178.61151,
            89.995125
        ],
        [
            448.67352,
            -598.9916,
            272.09534,
            89.12681,
            -178.61142,
            89.99495
        ],
        [
            448.6735,
            -598.99115,
            272.09488,
            89.12681,
            -178.61142,
            89.99494
        ],
        [
            448.67374,
            -598.99146,
            272.09464,
            89.12683,
            -178.61133,
            89.99483
        ],
        [
            448.67377,
            -598.9916,
            272.09567,
            89.126816,
            -178.61122,
            89.99478
        ],
        [
            448.6742,
            -598.9917,
            272.09567,
            89.126945,
            -178.61124,
            89.9947
        ],
        [
            448.6737,
            -598.9914,
            272.0941,
            89.12679,
            -178.61133,
            89.994606
        ],
        [
            448.67426,
            -598.99194,
            272.0948,
            89.12689,
            -178.61118,
            89.99442
        ],
        [
            448.67358,
            -598.9921,
            272.0942,
            89.12683,
            -178.61125,
            89.99428
        ],
        [
            448.6747,
            -598.9926,
            272.09607,
            89.12711,
            -178.61095,
            89.994064
        ],
        [
            448.67444,
            -598.9926,
            272.09567,
            89.12704,
            -178.61096,
            89.99402
        ],
        [
            448.67526,
            -598.99255,
            272.0958,
            89.12708,
            -178.61101,
            89.99383
        ],
        [
            448.67517,
            -598.99255,
            272.09607,
            89.12706,
            -178.6109,
            89.99373
        ],
        [
            448.6754,
            -598.99255,
            272.09592,
            89.1271,
            -178.61093,
            89.993546
        ],
        [
            448.67535,
            -598.9931,
            272.09576,
            89.127174,
            -178.61082,
            89.99338
        ],
        [
            448.67557,
            -598.99316,
            272.09503,
            89.127174,
