{
    "CMD": 90,
    "motion_trajectory": [
        [
            -275.49112,
            -183.70488,
            701.14557,
            -71.872635,
            88.41297,
            105.451485
        ],
        [
            -275.4907,
            -183.70515,
            701.14624,
            -71.87404,
            88.412926,
            105.45016
        ],
        [
            -275.49078,
            -183.705,
            701.14557,
            -71.878,
            88.4129,
            105.44617
        ],
        [
            -275.49078,
            -183.70502,
            701.1444,
            -71.883934,
            88.41301,
            105.44025
        ],
        [
            -275.49078,
            -183.70511,
            701.1447,
            -71.884415,
            88.41302,
            105.4398
        ],
        [
            -275.49106,
            -183.70517,
            701.1442,
            -71.889595,
            88.412895,
            105.43463
        ],
        [
            -275.4906,
            -183.70547,
            701.1448,
            -71.8885,
            88.41289,
            105.4358
        ],
        [
            -275.491,
            -183.70537,
            701.143,
            -71.89834,
            88.4128,
            105.42594
        ],
        [
            -275.4907,
            -183.70537,
            701.1429,
            -71.90146,
            88.41289,
            105.422844
        ],
        [
            -275.49118,
            -183.70572,
            701.1421,
            -71.91215,
            88.41298,
            105.412254
        ],
        [
            -275.491,
            -183.70558,
            701.14124,
            -71.92107,
            88.41306,
            105.403336
        ],
        [
            -275.49088,
            -183.70584,
            701.1417,
            -71.92159,
            88.41307,
            105.40288
        ],
        [
            -275.4934,
            -183.7088,
            701.10944,
            -72.24751,
            88.41523,
            105.07847
        ],
        [
            -275.497,
            -183.71227,
            701.07434,
            -72.47237,
            88.414345,
            104.854614
        ],
        [
            -275.4953,
            -183.71301,
            701.07495,
            -72.463104,
            88.41405,
            104.86399
        ],
        [
            -275.49615,
            -183.71329,
            701.06915,
            -72.48567,
            88.41333,
            104.84144
        ],
        [
            -275.4949,
            -183.71333,
            701.071,
            -72.4709,
            88.41321,
            104.85619
        ],
        [
            -275.49564,
            -183.71361,
            701.0698,
            -72.47644,
            88.41314,
            104.85071
        ],
        [
            -275.4949,
            -183.71365,
            701.07104,
            -72.46544,
            88.4131,
            104.861694
        ],
        [
            -275.4954,
            -183.71327,
            701.0715,
            -72.45982,
            88.41322,
            104.86722
        ],
        [
            -275.4956,
            -183.7138,
            701.0701,
            -72.46386,
            88.41327,
            104.8633
        ],
        [
            -275.49445,
            -183.71648,
            701.06055,
            -72.49603,
            88.41129,
            104.83158
        ],
        [
            -275.49475,
            -183.71736,
            701.0559,
            -72.51718,
            88.41035,
            104.81058
        ],
        [
            -275.4947,
            -183.71754,
            701.0552,
            -72.52305,
            88.41017,
            104.804756
        ],
        [
            -275.4948,
            -183.71786,
            701.05457,
            -72.525696,
            88.41008,
            104.80218
        ],
        [
            -275.49435,
            -183.71767,
            701.0549,
            -72.52753,
            88.41016,
            104.800316
        ],
        [
            -275.49496,
            -183.71762,
            701.0542,
            -72.531586,
            88.41007,
            104.79625
        ],
        [
            -275.49512,
            -183.71742,
            701.0541,
            -72.53284,
            88.41014,
            104.79497
        ],
        [
            -275.49472,
            -183.71753,
            701.05457,
            -72.52993,
            88.41023,
            104.79789
        ],
        [
            -275.49533,
            -183.71759,
            701.05444,
            -72.53289,
            88.41014,
            104.794945
        ],
        [
            -275.49472,
            -183.7175,
            701.05524,
            -72.52809,
            88.41027,
            104.799736
        ],
        [
            -275.49478,
            -183.7174,
            701.0549,
            -72.530754,
            88.41035,
            104.79706
        ],
        [
            -275.4949,
            -183.71716,
            701.0553,
            -72.52793,
            88.41027,
            104.79982
        ],
        [
            -275.4948,
            -183.71727,
            701.0558,
            -72.52444,
            88.41041,
            104.80334
        ],
        [
            -275.49487,
            -183.71716,
            701.05615,
            -72.52454,
            88.41041,
            104.803215
        ],
        [
            -275.49487,
            -183.71713,
            701.0562,
            -72.52526,
            88.41053,
            104.8025
        ],
        [
            -275.49536,
            -183.71684,
            701.0563,
            -72.525635,
            88.41047,
            104.80206
        ],
        [
            -275.4953,
            -183.717,
            701.0571,
            -72.52012,
            88.410484,
            104.80761
        ],
        [
            -275.495,
            -183.71689,
            701.05676,
            -72.52534,
            88.4107,
            104.80238
        ],
        [
            -275.49503,
            -183.71677,
            701.05725,
            -72.52302,
            88.41073,
            104.80468
        ],
        [
            -275.4954,
            -183.71672,
            701.05756,
            -72.5219,
            88.410835,
            104.80579
        ],
        [
            -275.4948,
            -183.71654,
            701.05835,
            -72.51622,
            88.41084,
            104.81143
        ],
        [
            -275.49463,
            -183.71681,
            701.05817,
            -72.516754,
            88.41079,
            104.81095
        ],
        [
            -275.4949,
            -183.71634,
            701.0598,
            -72.51093,
            88.411026,
            104.81669
        ],
        [
            -275.49512,
            -183.71643,
            701.0593,
            -72.51392,
            88.41105,
            104.81372
        ],
        [
            -275.49548,
            -183.71637,
            701.05927,
            -72.51752,
            88.41125,
            104.81013
        ],
        [
            -275.4957,
            -183.71599,
            701.0603,
            -72.51427,
            88.41122,
            104.8133
        ],
        [
            -275.49496,
            -183.71617,
            701.0609,
            -72.5094,
            88.41135,
            104.8182
        ],
        [
            -275.49542,
            -183.71587,
            701.0606,
            -72.510765,
            88.411354,
            104.81677
        ],
        [
            -275.49582,
            -183.71573,
            701.06085,
            -72.51316,
            88.41149,
            104.81437
        ],
        [
            -275.4954,
            -183.71584,
