{
    "CMD": 90,
    "motion_trajectory": [
        [
            433.0677,
            -491.46042,
            225.10721,
            -90.1205,
            -1.2503957,
            179.93962
        ],
        [
            433.06784,
            -491.4604,
            225.10664,
            -90.120605,
            -1.2504003,
            179.93958
        ],
        [
            433.06747,
            -491.46072,
            225.10664,
            -90.120605,
            -1.2504547,
            179.93953
        ],
        [
            433.06732,
            -491.4605,
            225.10643,
            -90.12064,
            -1.2504244,
            179.93953
        ],
        [
            433.0676,
            -491.4606,
            225.10713,
            -90.12056,
            -1.250386,
            179.93958
        ],
        [
            433.0678,
            -491.46057,
            225.10681,
            -90.12055,
            -1.2503957,
            179.93964
        ],
        [
            433.0681,
            -491.46042,
            225.10672,
            -90.12061,
            -1.2504404,
            179.93964
        ],
        [
            433.0681,
            -491.46042,
            225.10672,
            -90.12061,
            -1.2504404,
            179.93964
        ],
        [
            433.0681,
            -491.46127,
            225.1081,
            -90.12045,
            -1.2503042,
            179.93951
        ],
        [
            433.06818,
            -491.4605,
            225.10776,
            -90.12054,
            -1.2503378,
            179.93962
        ],
        [
            433.06793,
            -491.4598,
            225.10638,
            -90.12063,
            -1.2504982,
            179.93968
        ],
        [
            433.06775,
            -491.46082,
            225.10724,
            -90.120575,
            -1.2503076,
            179.93958
        ],
        [
            433.06787,
            -491.46017,
            225.10522,
            -90.12129,
            -1.2504241,
            179.93965
        ],
        [
            433.03238,
            -491.39728,
            224.93265,
            -90.167206,
            -1.2595541,
            179.94348
        ],
        [
            433.0037,
            -491.3341,
            224.7679,
            -90.19454,
            -1.2694432,
            179.94615
        ],
        [
            432.9907,
            -491.30917,
            224.70137,
            -90.20441,
            -1.2735758,
            179.94687
        ],
        [
            432.98782,
            -491.31296,
            224.7084,
            -90.20354,
            -1.2732489,
            179.94627
        ],
        [
            432.98865,
            -491.3117,
            224.71257,
            -90.20211,
            -1.2732065,
            179.94635
        ],
        [
            432.9903,
            -491.3169,
            224.72696,
            -90.19756,
            -1.2725495,
            179.94576
        ],
        [
            432.99496,
            -491.32504,
            224.75986,
            -90.1893,
            -1.2709787,
            179.94507
        ],
        [
            432.99625,
            -491.33023,
            224.77531,
            -90.18322,
            -1.2704328,
            179.94418
        ],
        [
            433.0065,
            -491.3487,
            224.83063,
            -90.17162,
            -1.2674469,
            179.94322
        ],
        [
            433.0114,
            -491.3567,
            224.848,
            -90.16673,
            -1.2662817,
            179.9428
        ],
        [
            433.00882,
            -491.36032,
            224.85597,
            -90.16223,
            -1.2679332,
            179.94133
        ],
        [
            433.00647,
            -491.35883,
            224.85605,
            -90.16121,
            -1.2692616,
            179.94087
        ],
        [
            433.00507,
            -491.35855,
            224.85373,
            -90.16166,
            -1.2695097,
            179.9407
        ],
        [
            433.00455,
            -491.3595,
            224.85393,
            -90.16164,
            -1.2695156,
            179.94043
        ],
        [
            433.00433,
            -491.35977,
            224.85266,
            -90.16189,
            -1.26949,
            179.94034
        ],
        [
            433.0044,
            -491.35986,
            224.85347,
            -90.16192,
            -1.2693875,
            179.94035
        ],
        [
            433.00467,
            -491.3599,
            224.85336,
            -90.16203,
            -1.269373,
            179.94043
        ],
        [
            433.0044,
            -491.36038,
            224.85242,
            -90.16236,
            -1.2693136,
            179.9403
        ],
        [
            433.0041,
            -491.3605,
            224.85168,
            -90.162506,
            -1.2692385,
            179.94034
        ],
        [
            433.0051,
            -491.35974,
            224.85219,
            -90.16269,
            -1.2692543,
            179.9405
        ],
        [
            433.0042,
            -491.3602,
            224.85187,
            -90.16278,
            -1.2692783,
            179.94043
        ],
        [
            433.00485,
            -491.3599,
            224.85185,
            -90.16285,
            -1.2691551,
            179.94054
        ],
        [
            433.005,
            -491.3601,
            224.85178,
            -90.16297,
            -1.2691311,
            179.94057
        ],
        [
            433.00476,
            -491.36066,
            224.85144,
            -90.16321,
            -1.2689931,
            179.94043
        ],
        [
            433.00522,
            -491.36026,
            224.85057,
            -90.16346,
            -1.2690221,
            179.94063
        ],
        [
            433.00543,
            -491.36057,
            224.85161,
            -90.16345,
            -1.2688955,
            179.94064
        ],
        [
            433.0051,
            -491.3603,
            224.85008,
            -90.163895,
            -1.2689035,
            179.94063
        ],
        [
            433.00558,
            -491.36035,
            224.85046,
            -90.16381,
            -1.2688748,
            179.94073
        ],
        [
            433.00607,
            -491.36005,
            224.85037,
            -90.16409,
            -1.2687962,
            179.94083
        ],
        [
            433.00613,
            -491.3608,
            224.85013,
            -90.16418,
            -1.2687528,
            179.94073
        ],
        [
            433.00613,
            -491.36102,
            224.85062,
            -90.16419,
            -1.2685064,
            179.94081
        ],
        [
            433.00656,
            -491.36078,
            224.84969,
            -90.164375,
            -1.2685544,
            179.94083
        ],
        [
            433.00687,
            -491.36044,
            224.84926,
            -90.16449,
            -1.2685497,
            179.941
        ],
        [
            433.00662,
            -491.3607,
            224.84981,
            -90.16463,
            -1.2685063,
            179.9409
        ],
        [
            433.0062,
            -491.36057,
            224.84886,
            -90.1648,
            -1.268564,
            179.94093
        ],
        [
            433.00702,
            -491.36087,
            224.8492,
            -90.16485,
            -1.268383,
            179.941
        ],
        [
            433.00674,
            -491.36172,
            224.85016,
            -90.1649,
            -1.2682468,
            179.94092
        ],
        [
