{
    "CMD": 90,
    "motion_trajectory": [
        [
            309.9983,
            252.1114,
            520.9193,
            89.79028,
            -178.62987,
            89.96037
        ],
        [
            309.9981,
            252.11133,
            520.9191,
            89.79029,
            -178.6298,
            89.96036
        ],
        [
            309.9981,
            252.11134,
            520.9196,
            89.79033,
            -178.62994,
            89.960365
        ],
        [
            309.99814,
            252.1115,
            520.91864,
            89.79021,
            -178.62976,
            89.96041
        ],
        [
            309.9978,
            252.1114,
            520.91864,
            89.79021,
            -178.62987,
            89.96041
        ],
        [
            309.99847,
            252.1116,
            520.91864,
            89.79021,
            -178.6298,
            89.96041
        ],
        [
            309.99863,
            252.11151,
            520.9193,
            89.79029,
            -178.62985,
            89.96036
        ],
        [
            309.9981,
            252.11177,
            520.919,
            89.790306,
            -178.62982,
            89.96044
        ],
        [
            309.99796,
            252.1113,
            520.9187,
            89.7902,
            -178.62985,
            89.96037
        ],
        [
            309.99814,
            252.11151,
            520.91925,
            89.7903,
            -178.62984,
            89.96041
        ],
        [
            309.99814,
            252.1115,
            520.91864,
            89.79021,
            -178.62987,
            89.96041
        ],
        [
            309.99792,
            252.11176,
            520.91925,
            89.7903,
            -178.62984,
            89.96046
        ],
        [
            309.99792,
            252.11176,
            520.91864,
            89.79021,
            -178.6298,
            89.96046
        ],
        [
            309.9978,
            252.11142,
            520.9185,
            89.79015,
            -178.6298,
            89.96043
        ],
        [
            309.9981,
            252.11134,
            520.919,
            89.790245,
            -178.62985,
            89.96037
        ],
        [
            309.99814,
            252.11148,
            520.91876,
            89.79026,
            -178.6298,
            89.9604
        ],
        [
            309.998,
            252.11163,
            520.91846,
            89.79017,
            -178.62978,
            89.96047
        ],
        [
            309.9987,
            252.11136,
            520.91925,
            89.7903,
            -178.62984,
            89.960365
        ],
        [
            309.99844,
            252.1114,
            520.91925,
            89.790344,
            -178.62985,
            89.96034
        ],
        [
            309.99832,
            252.11108,
            520.9191,
            89.79029,
            -178.6298,
            89.96031
        ],
        [
            309.9983,
            252.11153,
            520.919,
            89.790306,
            -178.62988,
            89.960396
        ],
        [
            309.9983,
            252.1114,
            520.9187,
            89.7902,
            -178.62985,
            89.96037
        ],
        [
            309.99814,
            252.1115,
            520.918,
            89.79012,
            -178.62979,
            89.96042
        ],
        [
            309.99866,
            252.11122,
            520.91895,
            89.79019,
            -178.62985,
            89.96034
        ],
        [
            309.9983,
            252.11153,
            520.919,
            89.790306,
            -178.62982,
            89.960396
        ],
        [
            309.99814,
            252.11148,
            520.91815,
            89.79018,
            -178.62979,
            89.9604
        ],
        [
            309.99866,
            252.11116,
            520.9198,
            89.790436,
            -178.62988,
            89.9603
        ],
        [
            309.99307,
            252.11147,
            520.91516,
            89.79132,
            -178.63159,
            89.96061
        ],
        [
            309.9869,
            252.11252,
            520.91205,
            89.79304,
            -178.63553,
            89.961044
        ],
        [
            309.9867,
            252.11272,
            520.91235,
            89.79351,
            -178.637,
            89.9611
        ],
        [
            309.9865,
            252.11314,
            520.91187,
            89.79343,
            -178.6369,
            89.9612
        ],
        [
            309.98636,
            252.11307,
            520.9117,
            89.793434,
            -178.63689,
            89.96119
        ],
        [
            309.987,
            252.11299,
            520.91174,
            89.793365,
            -178.63684,
            89.96111
        ],
        [
            309.98672,
            252.11293,
            520.9118,
            89.79337,
            -178.63663,
            89.96117
        ],
        [
            309.98703,
            252.11336,
            520.9126,
            89.79345,
            -178.6365,
            89.96123
        ],
        [
            309.98703,
            252.11295,
            520.91125,
            89.79316,
            -178.63637,
            89.96121
        ],
        [
            309.9872,
            252.11281,
            520.91205,
            89.793365,
            -178.63614,
            89.96128
        ],
        [
            309.98703,
            252.11337,
            520.91187,
            89.79331,
            -178.63615,
            89.96124
        ],
        [
            309.9874,
            252.11307,
            520.9118,
            89.7932,
            -178.63608,
            89.96118
        ],
        [
            309.9872,
            252.11346,
            520.912,
            89.79325,
            -178.63583,
            89.961266
        ],
        [
            309.98737,
            252.11293,
            520.91205,
            89.793175,
            -178.63574,
            89.96115
        ],
        [
            309.98752,
            252.11324,
            520.9123,
            89.79328,
            -178.63564,
            89.961174
        ],
        [
            309.9877,
            252.11307,
            520.912,
            89.79312,
            -178.63536,
            89.96117
        ],
        [
            309.98773,
            252.11322,
            520.9122,
            89.793175,
            -178.6348,
            89.96121
        ],
        [
            309.98782,
            252.1133,
            520.9122,
            89.79305,
            -178.63405,
            89.961205
        ],
        [
            309.98773,
            252.11313,
            520.9123,
            89.79305,
            -178.63321,
            89.96121
        ],
        [
            309.98785,
            252.11305,
            520.9117,
            89.7929,
            -178.6324,
            89.96119
        ],
        [
            309.9882,
            252.11302,
            520.912,
            89.79288,
            -178.63,
            89.96117
        ],
        [
            309.9882,
            252.11307,
            520.91174,
            89.79277,
            -178.62831,
            89.961205
        ],
        [
            309.9885,
            252.11334,
            520.91235,
            89.7928,
            -178.62831,
            89.96122
        ],
        [
            309.98853,
            252.11307,
            520.912,
            89.7927,
            -178.62831,
            89.96119
        ],
        [
