{
    "CMD": 90,
    "motion_trajectory": [
        [
            448.68683,
            -598.99286,
            272.10306,
            89.12977,
            -178.60962,
            89.990166
        ],
        [
            448.68744,
            -598.9928,
            272.10364,
            89.12993,
            -178.60965,
            89.99013
        ],
        [
            448.68707,
            -598.9925,
            272.10297,
            89.12984,
            -178.60977,
            89.99014
        ],
        [
            448.68707,
            -598.9926,
            272.10297,
            89.12982,
            -178.60971,
            89.99009
        ],
        [
            448.68707,
            -598.99243,
            272.10358,
            89.12987,
            -178.60962,
            89.9902
        ],
        [
            448.68765,
            -598.99243,
            272.10324,
            89.129845,
            -178.60966,
            89.990135
        ],
        [
            448.68704,
            -598.9922,
            272.1019,
            89.12981,
            -178.60985,
            89.990074
        ],
        [
            448.68765,
            -598.9924,
            272.10327,
            89.12986,
            -178.60966,
            89.99018
        ],
        [
            448.6877,
            -598.9921,
            272.1031,
            89.12988,
            -178.60974,
            89.99017
        ],
        [
            448.68716,
            -598.9927,
            272.10327,
            89.12986,
            -178.60966,
            89.99014
        ],
        [
            448.6875,
            -598.9918,
            272.1025,
            89.12983,
            -178.60976,
            89.99012
        ],
        [
            448.68735,
            -598.99194,
            272.10297,
            89.12981,
            -178.6097,
            89.990135
        ],
        [
            448.6872,
            -598.992,
            272.10263,
            89.12989,
            -178.60979,
            89.99012
        ],
        [
            448.68744,
            -598.99207,
            272.10266,
            89.12981,
            -178.60976,
            89.990135
        ],
        [
            448.6868,
            -598.99255,
            272.10315,
            89.129776,
            -178.60963,
            89.9901
        ],
        [
            448.68713,
            -598.99164,
            272.10123,
            89.12971,
            -178.60985,
            89.99008
        ],
        [
            448.68695,
            -598.9912,
            272.10184,
            89.129715,
            -178.6098,
            89.99017
        ],
        [
            448.68695,
            -598.99115,
            272.10126,
            89.12969,
            -178.6099,
            89.990135
        ],
        [
            448.68753,
            -598.99097,
            272.10153,
            89.129715,
            -178.60985,
            89.99018
        ],
        [
            448.6876,
            -598.99084,
            272.10135,
            89.12973,
            -178.60992,
            89.99012
        ],
        [
            448.68805,
            -598.99097,
            272.10132,
            89.12972,
            -178.60986,
            89.99007
        ],
        [
            448.6874,
            -598.9909,
            272.10065,
            89.12966,
            -178.60988,
            89.99013
        ],
        [
            448.68747,
            -598.99066,
            272.10046,
            89.129684,
            -178.60994,
            89.99012
        ],
        [
            448.6876,
            -598.99084,
            272.10135,
            89.12973,
            -178.60992,
            89.99012
        ],
        [
            448.68506,
            -598.9899,
            272.10074,
            89.12943,
            -178.6107,
            89.99169
        ],
        [
            448.67972,
            -598.9855,
            272.09885,
            89.12869,
            -178.6121,
            89.995575
        ],
        [
            448.67807,
            -598.98535,
            272.09836,
            89.12848,
            -178.61243,
            89.99613
        ],
        [
            448.67783,
            -598.9856,
            272.09845,
            89.12842,
            -178.61229,
            89.99621
        ],
        [
            448.67764,
            -598.9856,
            272.09775,
            89.12835,
            -178.61241,
            89.996216
        ],
        [
            448.67746,
            -598.98553,
            272.09714,
            89.128204,
            -178.6124,
            89.99607
        ],
        [
            448.67746,
            -598.9858,
            272.09766,
            89.12827,
            -178.61234,
            89.99596
        ],
        [
            448.6779,
            -598.9862,
            272.09747,
            89.12832,
            -178.61223,
            89.99573
        ],
        [
            448.6776,
            -598.98615,
            272.09708,
            89.12824,
            -178.61223,
            89.99568
        ],
        [
            448.67795,
            -598.98645,
            272.09778,
            89.12831,
            -178.61214,
            89.99545
        ],
        [
            448.6781,
            -598.98737,
            272.09906,
            89.12832,
            -178.6119,
            89.9953
        ],
        [
            448.6773,
            -598.98755,
            272.09753,
            89.12818,
            -178.612,
            89.99505
        ],
        [
            448.67822,
            -598.9874,
            272.0974,
            89.12826,
            -178.61198,
            89.994965
        ],
        [
            448.6783,
            -598.98773,
            272.09824,
            89.12829,
            -178.61185,
            89.99491
        ],
        [
            448.6788,
            -598.9876,
            272.0982,
            89.128265,
            -178.61174,
            89.99485
        ],
        [
            448.67886,
            -598.98773,
            272.09793,
            89.12824,
            -178.6117,
            89.99463
        ],
        [
            448.67902,
            -598.9882,
            272.09793,
            89.12822,
            -178.61172,
            89.9943
        ],
        [
            448.67838,
            -598.9889,
            272.09778,
            89.12815,
            -178.61153,
            89.99416
        ],
        [
            448.67874,
            -598.98914,
            272.09848,
            89.12822,
            -178.61154,
            89.99393
        ],
        [
            448.67847,
            -598.9893,
            272.09802,
            89.12812,
            -178.61143,
            89.99378
        ],
        [
            448.67935,
            -598.98956,
            272.09723,
            89.12813,
            -178.61153,
            89.99349
        ],
        [
            448.67926,
            -598.9896,
            272.09747,
            89.128105,
            -178.61136,
            89.993385
        ],
        [
            448.67953,
            -598.9899,
            272.09784,
            89.12815,
            -178.61145,
            89.99327
        ],
        [
            448.6793,
            -598.99036,
            272.09766,
            89.128174,
            -178.61137,
            89.99299
        ],
        [
            448.67896,
            -598.99097,
            272.09735,
            89.12802,
            -178.61122,
            89.99275
        ],
        [
            448.67944,
            -598.9909,
            272.09766,
            89.12815,
            -178.61124,
            89.99266
        ],
        [
            448.6803,
            -598.99133,
            272.0982,
