{
    "CMD": 90,
    "motion_trajectory": [
        [
            448.6861,
            -598.99207,
            272.09677,
            89.12943,
            -178.60994,
            89.990295
        ],
        [
            448.68628,
            -598.9922,
            272.0974,
            89.12948,
            -178.60992,
            89.99018
        ],
        [
            448.68634,
            -598.9918,
            272.09665,
            89.12949,
            -178.60997,
            89.99023
        ],
        [
            448.6863,
            -598.99207,
            272.09863,
            89.12955,
            -178.60985,
            89.99029
        ],
        [
            448.68695,
            -598.992,
            272.09714,
            89.129456,
            -178.60991,
            89.99018
        ],
        [
            448.68686,
            -598.9919,
            272.09833,
            89.12955,
            -178.60974,
            89.99033
        ],
        [
            448.6865,
            -598.99164,
            272.09763,
            89.12944,
            -178.6099,
            89.990234
        ],
        [
            448.68637,
            -598.992,
            272.099,
            89.12957,
            -178.60986,
            89.990166
        ],
        [
            448.68704,
            -598.992,
            272.0984,
            89.12957,
            -178.60982,
            89.99021
        ],
        [
            448.68625,
            -598.9917,
            272.09695,
            89.12949,
            -178.61003,
            89.99023
        ],
        [
            448.6863,
            -598.9922,
            272.0985,
            89.129486,
            -178.60982,
            89.99024
        ],
        [
            448.68683,
            -598.99207,
            272.10007,
            89.12971,
            -178.60979,
            89.99014
        ],
        [
            448.6865,
            -598.9922,
            272.09985,
            89.129616,
            -178.60968,
            89.990166
        ],
        [
            448.68637,
            -598.992,
            272.099,
            89.12957,
            -178.60982,
            89.99017
        ],
        [
            448.6869,
            -598.992,
            272.10007,
            89.1296,
            -178.60962,
            89.99028
        ],
        [
            448.68713,
            -598.9918,
            272.09998,
            89.12966,
            -178.60982,
            89.990204
        ],
        [
            448.68713,
            -598.99176,
            272.09937,
            89.12964,
            -178.60986,
            89.990204
        ],
        [
            448.68668,
            -598.9921,
            272.09998,
            89.12966,
            -178.60982,
            89.99016
        ],
        [
            448.68704,
            -598.99146,
            272.1003,
            89.129684,
            -178.60976,
            89.99031
        ],
        [
            448.6875,
            -598.9919,
            272.10068,
            89.129776,
            -178.60976,
            89.990295
        ],
        [
            448.68704,
            -598.99164,
            272.10028,
            89.12966,
            -178.60982,
            89.990204
        ],
        [
            448.6875,
            -598.9918,
            272.10132,
            89.12978,
            -178.60979,
            89.99013
        ],
        [
            448.68677,
            -598.9924,
            272.10083,
            89.1297,
            -178.60968,
            89.99016
        ],
        [
            448.68613,
            -598.9922,
            272.10107,
            89.129616,
            -178.61018,
            89.99068
        ],
        [
            448.6865,
            -598.98804,
            272.10233,
            89.13005,
            -178.61227,
            89.99299
        ],
        [
            448.686,
            -598.9844,
            272.10397,
            89.13057,
            -178.61356,
            89.99548
        ],
        [
            448.68552,
            -598.98425,
            272.10468,
            89.130646,
            -178.61362,
            89.9957
        ],
        [
            448.68622,
            -598.98425,
            272.10526,
            89.130684,
            -178.6135,
            89.99574
        ],
        [
            448.686,
            -598.9839,
            272.10526,
            89.13067,
            -178.61348,
            89.99574
        ],
        [
            448.68552,
            -598.9843,
            272.10406,
            89.13061,
            -178.61356,
            89.99565
        ],
        [
            448.68533,
            -598.98456,
            272.10333,
            89.130516,
            -178.61351,
            89.99555
        ],
        [
            448.68533,
            -598.98474,
            272.1033,
            89.1305,
            -178.61345,
            89.99545
        ],
        [
            448.6859,
            -598.98486,
            272.10352,
            89.130486,
            -178.61336,
            89.99534
        ],
        [
            448.6859,
            -598.9851,
            272.1035,
            89.13046,
            -178.61325,
            89.99523
        ],
        [
            448.68573,
            -598.9862,
            272.10492,
            89.13051,
            -178.6131,
            89.99486
        ],
        [
            448.68597,
            -598.98566,
            272.1037,
            89.13042,
            -178.61305,
            89.994804
        ],
        [
            448.6861,
            -598.98627,
            272.10507,
            89.13044,
            -178.61287,
            89.99459
        ],
        [
            448.68628,
            -598.9866,
            272.10452,
            89.13042,
            -178.61288,
            89.99437
        ],
        [
            448.68597,
            -598.98676,
            272.1035,
            89.130295,
            -178.61276,
            89.994225
        ],
        [
            448.6859,
            -598.9872,
            272.10422,
            89.130264,
            -178.61266,
            89.994125
        ],
        [
            448.686,
            -598.9874,
            272.1039,
            89.13023,
            -178.61261,
            89.99385
        ],
        [
            448.6859,
            -598.98785,
            272.1035,
            89.130165,
            -178.61247,
            89.99376
        ],
        [
            448.68582,
            -598.988,
            272.10312,
            89.13011,
            -178.61252,
            89.99361
        ],
        [
            448.68576,
            -598.98846,
            272.1036,
            89.13022,
            -178.61237,
            89.993484
        ],
        [
            448.68597,
            -598.98846,
            272.1037,
            89.13013,
            -178.61234,
            89.99333
        ],
        [
            448.68552,
            -598.9888,
            272.1037,
            89.13013,
            -178.61234,
            89.993286
        ],
        [
            448.6859,
            -598.9891,
            272.10382,
            89.13005,
            -178.61221,
            89.993126
        ],
        [
            448.68625,
            -598.98944,
            272.1039,
            89.13009,
            -178.61215,
            89.99284
        ],
        [
            448.68552,
            -598.99,
            272.10345,
            89.12999,
            -178.61206,
            89.99265
        ],
        [
            448.68616,
            -598.98956,
            272.10358,
            89.130035,
            -178.61197,
            89.99269
        ],
        [
            448.68597,
            -598.98987,
            272.10223,
            89.12991,
