{
    "CMD": 90,
    "motion_trajectory": [
        [
            -275.49097,
            -183.70567,
            701.1409,
            -71.96402,
            88.41402,
            105.36063
        ],
        [
            -275.49094,
            -183.70569,
            701.1413,
            -71.95993,
            88.41387,
            105.3647
        ],
        [
            -275.49033,
            -183.70615,
            701.1418,
            -71.958015,
            88.41391,
            105.366714
        ],
        [
            -275.4901,
            -183.70593,
            701.14136,
            -71.95463,
            88.413826,
            105.37003
        ],
        [
            -275.4912,
            -183.7057,
            701.14,
            -71.962494,
            88.41389,
            105.36213
        ],
        [
            -275.49106,
            -183.70593,
            701.14026,
            -71.96336,
            88.41384,
            105.36131
        ],
        [
            -275.49133,
            -183.706,
            701.14026,
            -71.96019,
            88.41376,
            105.36448
        ],
        [
            -275.49084,
            -183.70576,
            701.14075,
            -71.95521,
            88.41371,
            105.3694
        ],
        [
            -275.49094,
            -183.70612,
            701.14044,
            -71.9603,
            88.41376,
            105.3644
        ],
        [
            -275.491,
            -183.70601,
            701.14014,
            -71.95768,
            88.41362,
            105.366974
        ],
        [
            -275.49146,
            -183.7058,
            701.1406,
            -71.95238,
            88.413574,
            105.372215
        ],
        [
            -275.4916,
            -183.70601,
            701.14044,
            -71.95395,
            88.41358,
            105.37069
        ],
        [
            -275.49222,
            -183.70679,
            701.1224,
            -72.05921,
            88.41374,
            105.26572
        ],
        [
            -275.49612,
            -183.70947,
            701.0955,
            -72.196655,
            88.41246,
            105.12885
        ],
        [
            -275.49677,
            -183.71133,
            701.0884,
            -72.22001,
            88.41085,
            105.10579
        ],
        [
            -275.4955,
            -183.71202,
            701.08624,
            -72.22638,
            88.41012,
            105.099525
        ],
        [
            -275.4954,
            -183.71182,
            701.08636,
            -72.22255,
            88.409805,
            105.10329
        ],
        [
            -275.49567,
            -183.71182,
            701.0858,
            -72.222565,
            88.40975,
            105.103264
        ],
        [
            -275.4961,
            -183.71272,
            701.0815,
            -72.24369,
            88.40942,
            105.08232
        ],
        [
            -275.49585,
            -183.7127,
            701.08136,
            -72.24272,
            88.40919,
            105.083275
        ],
        [
            -275.4952,
            -183.71225,
            701.08215,
            -72.23807,
            88.40915,
            105.08783
        ],
        [
            -275.49603,
            -183.71236,
            701.08264,
            -72.23542,
            88.40918,
            105.090485
        ],
        [
            -275.495,
            -183.71254,
            701.084,
            -72.228,
            88.40923,
            105.097946
        ],
        [
            -275.4953,
            -183.71246,
            701.08356,
            -72.228165,
            88.40934,
            105.09776
        ],
        [
            -275.49567,
            -183.71356,
            701.07947,
            -72.26323,
            88.40995,
            105.06304
        ],
        [
            -275.49567,
            -183.71407,
            701.076,
            -72.29132,
            88.40958,
            105.0351
        ],
        [
            -275.496,
            -183.71463,
            701.0746,
            -72.298515,
            88.40924,
            105.028015
        ],
        [
            -275.4956,
            -183.71478,
            701.07385,
            -72.300735,
            88.409035,
            105.02582
        ],
        [
            -275.49585,
            -183.71492,
            701.0743,
            -72.302086,
            88.4091,
            105.024506
        ],
        [
            -275.49606,
            -183.71458,
            701.0732,
            -72.30571,
            88.40907,
            105.020805
        ],
        [
            -275.49576,
            -183.71465,
            701.0747,
            -72.297806,
            88.40901,
            105.02872
        ],
        [
            -275.4956,
            -183.71484,
            701.07367,
            -72.30128,
            88.40898,
            105.02528
        ],
        [
            -275.4962,
            -183.71445,
            701.07294,
            -72.30496,
            88.40896,
            105.021515
        ],
        [
            -275.49588,
            -183.7144,
            701.07404,
            -72.3003,
            88.40892,
            105.02617
        ],
        [
            -275.4959,
            -183.71481,
            701.07355,
            -72.30101,
            88.40898,
            105.025536
        ],
        [
            -275.4961,
            -183.71458,
            701.07355,
            -72.30474,
            88.40901,
            105.02178
        ],
        [
            -275.49606,
            -183.71454,
            701.0737,
            -72.30167,
            88.40893,
            105.02483
        ],
        [
            -275.49622,
            -183.71431,
            701.07385,
            -72.29983,
            88.40891,
            105.02661
        ],
        [
            -275.4958,
            -183.71451,
            701.0749,
            -72.297005,
            88.40889,
            105.02948
        ],
        [
            -275.49573,
            -183.7146,
            701.0738,
            -72.30064,
            88.40886,
            105.02587
        ],
        [
            -275.49576,
            -183.71454,
            701.0741,
            -72.298256,
            88.4089,
            105.02823
        ],
        [
            -275.4964,
            -183.71452,
            701.074,
            -72.29923,
            88.408966,
            105.02725
        ],
        [
            -275.49576,
            -183.71454,
            701.0741,
            -72.298256,
            88.4089,
            105.02823
        ],
        [
            -275.4961,
            -183.71448,
            701.0744,
            -72.29831,
            88.4089,
            105.02817
        ],
        [
            -275.49597,
            -183.71469,
            701.07477,
            -72.29733,
            88.40884,
            105.02918
        ],
        [
            -275.4961,
            -183.71442,
            701.07434,
            -72.29557,
            88.40876,
            105.030876
        ],
        [
            -275.49615,
            -183.71432,
            701.0747,
            -72.2927,
            88.40902,
            105.03374
        ],
        [
            -275.49643,
            -183.71437,
            701.0739,
            -72.29757,
            88.40889,
            105.02887
        ],
        [
            -275.49582,
            -183.71432,
            701.0749,
            -72.29232,
            88.408905,
            105.03411
        ],
        [
            -275.49582,
            -183.7143,
            701.07477,
            -72.29201,
            88.40873,
            105.0344
        ],
        [
            -275.49582,
