{
    "CMD": 90,
    "motion_trajectory": [
        [
            447.97546,
            -656.3742,
            267.93454,
            89.979836,
            -178.50946,
            90.00011
        ],
        [
            447.9764,
            -656.37366,
            267.93497,
            89.97988,
            -178.50932,
            90.000145
        ],
        [
            447.97607,
            -656.37354,
            267.93497,
            89.97989,
            -178.50949,
            90.0002
        ],
        [
            447.9765,
            -656.3732,
            267.93402,
            89.979836,
            -178.50952,
            90.00014
        ],
        [
            447.9764,
            -656.3736,
            267.93515,
            89.97997,
            -178.50949,
            90.00008
        ],
        [
            447.97617,
            -656.37354,
            267.93536,
            89.97993,
            -178.50952,
            90.000084
        ],
        [
            447.9764,
            -656.3735,
            267.93515,
            89.97998,
            -178.50949,
            90.00014
        ],
        [
            447.97668,
            -656.3731,
            267.9341,
            89.97988,
            -178.50954,
            90.00013
        ],
        [
            447.97675,
            -656.37317,
            267.93442,
            89.97991,
            -178.5095,
            90.00018
        ],
        [
            447.97705,
            -656.37286,
            267.93466,
            89.97986,
            -178.50948,
            90.00018
        ],
        [
            447.97714,
            -656.37256,
            267.9351,
            89.97991,
            -178.5095,
            90.00023
        ],
        [
            447.9771,
            -656.3726,
            267.9338,
            89.979866,
            -178.50958,
            90.000175
        ],
        [
            447.97687,
            -656.373,
            267.93484,
            89.97996,
            -178.50958,
            90.00018
        ],
        [
            447.9773,
            -656.37256,
            267.93393,
            89.97991,
            -178.50961,
            90.000175
        ],
        [
            447.97745,
            -656.37244,
            267.93402,
            89.97996,
            -178.50958,
            90.00017
        ],
        [
            447.9772,
            -656.3723,
            267.93423,
            89.97992,
            -178.50955,
            90.00023
        ],
        [
            447.97714,
            -656.37225,
            267.93393,
            89.97989,
            -178.5096,
            90.000175
        ],
        [
            447.97772,
            -656.3725,
            267.93506,
            89.98006,
            -178.50946,
            90.00021
        ],
        [
            447.97745,
            -656.37244,
            267.93402,
            89.97996,
            -178.50958,
            90.00017
        ],
        [
            447.9773,
            -656.37256,
            267.93393,
            89.97991,
            -178.50961,
            90.000175
        ],
        [
            447.97745,
            -656.3725,
            267.93463,
            89.97998,
            -178.50964,
            90.00017
        ],
        [
            447.97772,
            -656.3721,
            267.93423,
            89.97991,
            -178.50955,
            90.00022
        ],
        [
            447.9773,
            -656.3726,
            267.9339,
            89.979904,
            -178.50961,
            90.000114
        ],
        [
            447.97818,
            -656.37164,
            267.93393,
            89.97989,
            -178.50964,
            90.000206
        ],
        [
            447.97806,
            -656.3719,
            267.9338,
            89.97999,
            -178.50969,
            90.000206
        ],
        [
            447.97748,
            -656.3724,
            267.93436,
            89.979836,
            -178.50963,
            90.00023
        ],
        [
            447.9723,
            -656.3719,
            267.9315,
            89.97862,
            -178.51207,
            90.002235
        ],
        [
            447.97137,
            -656.372,
            267.9319,
            89.9784,
            -178.5125,
            90.00253
        ],
        [
            447.97122,
            -656.372,
            267.93243,
            89.97838,
            -178.51271,
            90.002594
        ],
        [
            447.97095,
            -656.3719,
            267.9308,
            89.978264,
            -178.51286,
            90.0026
        ],
        [
            447.97073,
            -656.37195,
            267.93216,
            89.97824,
            -178.5128,
            90.00277
        ],
        [
            447.97046,
            -656.37195,
            267.93112,
            89.97815,
            -178.51274,
            90.00272
        ],
        [
            447.9709,
            -656.3721,
            267.9316,
            89.978264,
            -178.5127,
            90.002655
        ],
        [
            447.97055,
            -656.3715,
            267.9303,
            89.978165,
            -178.51279,
            90.00283
        ],
        [
            447.97055,
            -656.372,
            267.93143,
            89.97817,
            -178.51259,
            90.00278
        ],
        [
            447.97028,
            -656.3724,
            267.93185,
            89.97825,
            -178.51247,
            90.00278
        ],
        [
            447.97003,
            -656.3722,
            267.9309,
            89.97817,
            -178.51248,
            90.00262
        ],
        [
            447.97073,
            -656.3716,
            267.93164,
            89.97825,
            -178.5124,
            90.00277
        ],
        [
            447.9707,
            -656.37164,
            267.931,
            89.978226,
            -178.51228,
            90.002716
        ],
        [
            447.97052,
            -656.3723,
            267.9311,
            89.97829,
            -178.51222,
            90.00261
        ],
        [
            447.97104,
            -656.372,
            267.9317,
            89.97831,
            -178.51201,
            90.002655
        ],
        [
            447.97113,
            -656.3719,
            267.93213,
            89.978355,
            -178.51193,
            90.002594
        ],
        [
            447.97113,
            -656.3717,
            267.93088,
            89.97832,
            -178.51196,
            90.00265
        ],
        [
            447.97122,
            -656.3717,
            267.93192,
            89.97838,
            -178.51183,
            90.00253
        ],
        [
            447.9714,
            -656.3719,
            267.93198,
            89.97842,
            -178.51181,
            90.00242
        ],
        [
            447.97122,
            -656.3719,
            267.93127,
            89.97835,
            -178.5117,
            90.002426
        ],
        [
            447.97113,
            -656.37177,
            267.93097,
            89.978325,
            -178.51164,
            90.002426
        ],
        [
            447.97156,
            -656.372,
            267.93207,
            89.978455,
            -178.5115,
            90.002304
        ],
        [
            447.97113,
            -656.3725,
            267.93173,
            89.978455,
            -178.5114,
            90.00226
        ],
        [
            447.97165,
            -656.3723,
            267.93173,
            89.97845,
            -178.51123,
            90.0022
        ],
        [
            447.9724,
            -656.3721,
            267.93213,
            89.978516,
