{
    "CMD": 90,
    "motion_trajectory": [
        [
            433.06763,
            -491.4603,
            225.10782,
            -90.12057,
            -1.2505348,
            179.93964
        ],
        [
            433.0677,
            -491.46005,
            225.10738,
            -90.12055,
            -1.2505685,
            179.93968
        ],
        [
            433.06732,
            -491.4604,
            225.10738,
            -90.12055,
            -1.2505141,
            179.93964
        ],
        [
            433.06726,
            -491.46063,
            225.10782,
            -90.12057,
            -1.2504804,
            179.93959
        ],
        [
            433.06772,
            -491.45972,
            225.10756,
            -90.1206,
            -1.2505238,
            179.93974
        ],
        [
            433.0671,
            -491.4604,
            225.107,
            -90.120705,
            -1.2504741,
            179.9396
        ],
        [
            433.06744,
            -491.46,
            225.10667,
            -90.12063,
            -1.2505525,
            179.93964
        ],
        [
            433.06763,
            -491.4596,
            225.10663,
            -90.12062,
            -1.250572,
            179.93974
        ],
        [
            433.06747,
            -491.46002,
            225.1072,
            -90.12059,
            -1.2505285,
            179.93964
        ],
        [
            433.06787,
            -491.46066,
            225.10783,
            -90.120476,
            -1.250402,
            179.93962
        ],
        [
            433.06775,
            -491.46045,
            225.10751,
            -90.12057,
            -1.250426,
            179.93964
        ],
        [
            433.06772,
            -491.46045,
            225.10762,
            -90.120514,
            -1.2503717,
            179.93962
        ],
        [
            433.0677,
            -491.46005,
            225.10738,
            -90.12055,
            -1.2505141,
            179.93968
        ],
        [
            433.05667,
            -491.4467,
            225.05286,
            -90.14015,
            -1.2524053,
            179.94052
        ],
        [
            432.9998,
            -491.34238,
            224.7799,
            -90.19101,
            -1.2689358,
            179.94472
        ],
        [
            432.98444,
            -491.31903,
            224.72081,
            -90.200066,
            -1.27271,
            179.94508
        ],
        [
            432.98538,
            -491.32013,
            224.72836,
            -90.19804,
            -1.2724767,
            179.94492
        ],
        [
            432.9864,
            -491.32013,
            224.72878,
            -90.197174,
            -1.2723683,
            179.94489
        ],
        [
            432.98947,
            -491.32922,
            224.76006,
            -90.190025,
            -1.2709442,
            179.9441
        ],
        [
            432.99222,
            -491.33408,
            224.77791,
            -90.18401,
            -1.270206,
            179.9434
        ],
        [
            432.99573,
            -491.3406,
            224.79529,
            -90.17898,
            -1.2692493,
            179.94293
        ],
        [
            433.0042,
            -491.3567,
            224.84216,
            -90.16942,
            -1.2666954,
            179.94212
        ],
        [
            433.0067,
            -491.3616,
            224.8531,
            -90.16592,
            -1.2660954,
            179.94176
        ],
        [
            433.0022,
            -491.36398,
            224.85829,
            -90.16198,
            -1.2671422,
            179.93994
        ],
        [
            432.99686,
            -491.36838,
            224.85918,
            -90.16074,
            -1.2676116,
            179.93813
        ],
        [
            432.99557,
            -491.36697,
            224.85663,
            -90.16127,
            -1.267853,
            179.93782
        ],
        [
            432.99503,
            -491.3683,
            224.85692,
            -90.161316,
            -1.2678303,
            179.93762
        ],
        [
            432.995,
            -491.3679,
            224.85623,
            -90.16157,
            -1.267859,
            179.93759
        ],
        [
            432.99506,
            -491.3683,
            224.85661,
            -90.161476,
            -1.2678303,
            179.93765
        ],
        [
            432.995,
            -491.3684,
            224.85551,
            -90.16185,
            -1.2677901,
            179.93764
        ],
        [
            432.99524,
            -491.36874,
            224.85655,
            -90.16184,
            -1.2677723,
            179.93765
        ],
        [
            432.99554,
            -491.36853,
            224.85611,
            -90.16188,
            -1.2677373,
            179.93776
        ],
        [
            432.99573,
            -491.36868,
            224.85521,
            -90.16221,
            -1.2677372,
            179.9378
        ],
        [
            432.99588,
            -491.36798,
            224.8552,
            -90.1623,
            -1.2677611,
            179.93787
        ],
        [
            432.99564,
            -491.3687,
            224.85452,
            -90.16275,
            -1.2676728,
            179.93784
        ],
        [
            432.9956,
            -491.3689,
            224.85449,
            -90.16281,
            -1.2676136,
            179.93791
        ],
        [
            432.99615,
            -491.3684,
            224.85468,
            -90.162926,
            -1.2676537,
            179.93802
        ],
        [
            432.99634,
            -491.36862,
            224.8546,
            -90.163055,
            -1.2674664,
            179.93805
        ],
        [
            432.99628,
            -491.36853,
            224.85347,
            -90.163185,
            -1.2676232,
            179.93805
        ],
        [
            432.9963,
            -491.3682,
            224.85335,
            -90.16339,
            -1.267524,
            179.93814
        ],
        [
            432.99673,
            -491.36847,
            224.85406,
            -90.163376,
            -1.2674615,
            179.9382
        ],
        [
            432.99673,
            -491.368,
            224.85281,
            -90.16372,
            -1.2675192,
            179.9383
        ],
        [
            432.99713,
            -491.36792,
            224.85318,
            -90.163795,
            -1.2674904,
            179.93842
        ],
        [
            432.99744,
            -491.36835,
            224.85352,
            -90.16377,
            -1.2674423,
            179.93843
        ],
        [
            432.99744,
            -491.36795,
            224.85287,
            -90.16402,
            -1.2674215,
            179.9385
        ],
        [
            432.9977,
            -491.36798,
            224.85266,
            -90.16419,
            -1.2673527,
            179.93858
        ],
        [
            432.99808,
            -491.36758,
            224.85216,
            -90.16423,
            -1.2673768,
            179.93863
        ],
        [
            432.99844,
            -491.36703,
            224.85149,
            -90.164536,
            -1.2674056,
            179.93884
        ],
        [
            432.99826,
            -491.3676,
            224.852,
            -90.164566,
            -1.2673031,
            179.93881
        ],
        [
            432.99823,
            -491.36783,
            224.85208,
            -90.16457,
            -1.2672983,
            179.93887
        ],
