{
    "CMD": 91,
    "motion_trajectory": [
        [
            434.54022,
            -486.66,
            225.17993,
            -90.10997,
            -1.2499433,
            179.91006
        ],
        [
            434.54013,
            -486.6602,
            225.17995,
            -90.10998,
            -1.2499883,
            179.91002
        ],
        [
            434.54037,
            -486.66028,
            225.18065,
            -90.10989,
            -1.2499489,
            179.91006
        ],
        [
            434.54013,
            -486.6602,
            225.17986,
            -90.11003,
            -1.2499883,
            179.91002
        ],
        [
            434.5402,
            -486.6596,
            225.1797,
            -90.11,
            -1.2500314,
            179.91013
        ],
        [
            434.5403,
            -486.65982,
            225.1799,
            -90.10996,
            -1.2500613,
            179.91013
        ],
        [
            434.53998,
            -486.65997,
            225.17984,
            -90.10996,
            -1.2500671,
            179.91
        ],
        [
            434.54016,
            -486.66025,
            225.18047,
            -90.10994,
            -1.249964,
            179.91002
        ],
        [
            434.54007,
            -486.6598,
            225.17982,
            -90.109955,
            -1.2500764,
            179.91006
        ],
        [
            434.5403,
            -486.65982,
            225.1799,
            -90.10996,
            -1.2500069,
            179.91013
        ],
        [
            434.54037,
            -486.66022,
            225.18004,
            -90.109985,
            -1.2499732,
            179.91008
        ],
        [
            434.53998,
            -486.65997,
            225.17973,
            -90.110016,
            -1.2500128,
            179.91002
        ],
        [
            434.5403,
            -486.65982,
            225.18001,
            -90.10991,
            -1.2500069,
            179.91011
        ],
        [
            434.54022,
            -486.66,
            225.17993,
            -90.10997,
            -1.2499976,
            179.91006
        ],
        [
            434.54068,
            -486.66013,
            225.18068,
            -90.1099,
            -1.2499939,
            179.91006
        ],
        [
            434.54016,
            -486.66025,
            225.18047,
            -90.10994,
            -1.249964,
            179.91002
        ],
        [
            434.54,
            -486.66037,
            225.17998,
            -90.109985,
            -1.249979,
            179.90996
        ],
        [
            434.5402,
            -486.66,
            225.18013,
            -90.10986,
            -1.2499976,
            179.91005
        ],
        [
            434.5405,
            -486.65985,
            225.17995,
            -90.10998,
            -1.2499883,
            179.91006
        ],
        [
            434.54053,
            -486.66025,
            225.18028,
            -90.10989,
            -1.2499547,
            179.91
        ],
        [
            434.5399,
            -486.66016,
            225.17976,
            -90.11002,
            -1.2500035,
            179.90996
        ],
        [
            434.54004,
            -486.66043,
            225.18068,
            -90.10984,
            -1.2499003,
            179.90994
        ],
        [
            434.54044,
            -486.66003,
            225.18022,
            -90.10987,
            -1.2499826,
            179.91011
        ],
        [
            434.54037,
            -486.65964,
            225.17973,
            -90.110016,
            -1.2500128,
            179.91006
        ],
        [
            434.54816,
            -486.6727,
            225.2131,
            -90.09971,
            -1.2482283,
            179.90916
        ],
        [
            434.5729,
            -486.71814,
            225.32729,
            -90.08127,
            -1.2409878,
            179.90776
        ],
        [
            434.57794,
            -486.72012,
            225.32597,
            -90.07725,
            -1.2409041,
            179.90758
        ],
        [
            434.57397,
            -486.7239,
            225.33139,
            -90.07806,
            -1.2406319,
            179.9072
        ],
        [
            434.57632,
            -486.71933,
            225.32187,
            -90.07807,
            -1.241193,
            179.9075
        ],
        [
            434.57138,
            -486.72723,
            225.33778,
            -90.07701,
            -1.2411375,
            179.90619
        ],
        [
            434.57205,
            -486.72644,
            225.3381,
            -90.076164,
            -1.2418449,
            179.90608
        ],
        [
            434.5718,
            -486.72485,
            225.3385,
            -90.0735,
            -1.2427213,
            179.90582
        ],
        [
            434.5706,
            -486.72763,
            225.34628,
            -90.07233,
            -1.2426333,
            179.90544
        ],
        [
            434.57132,
            -486.72668,
            225.34412,
            -90.07213,
            -1.2428734,
            179.90555
        ],
        [
            434.57077,
            -486.72696,
            225.34674,
            -90.07135,
            -1.2428792,
            179.9054
        ],
        [
            434.57144,
            -486.72653,
            225.34566,
            -90.07133,
            -1.2428643,
            179.90543
        ],
        [
            434.57196,
            -486.7257,
            225.34468,
            -90.071335,
            -1.2429316,
            179.90558
        ],
        [
            434.57095,
            -486.72723,
            225.34717,
            -90.07144,
            -1.2427759,
            179.90543
        ],
        [
            434.57043,
            -486.72736,
            225.34512,
            -90.071594,
            -1.2428191,
            179.90538
        ],
        [
            434.57114,
            -486.7266,
            225.34431,
            -90.07164,
            -1.2429167,
            179.90546
        ],
        [
            434.5714,
            -486.72607,
            225.3446,
            -90.071556,
            -1.2429223,
            179.9055
        ],
        [
            434.57104,
            -486.72733,
            225.34616,
            -90.07159,
            -1.2427459,
            179.90544
        ],
        [
            434.57126,
            -486.72668,
            225.34482,
            -90.071754,
            -1.2428191,
            179.90549
        ],
        [
            434.57156,
            -486.72623,
            225.34381,
            -90.07183,
            -1.2428135,
            179.90553
        ],
        [
            434.5708,
            -486.7272,
            225.34444,
            -90.071976,
            -1.2426466,
            179.90543
        ],
        [
            434.57162,
            -486.72623,
            225.3435,
            -90.07199,
            -1.2426503,
            179.90556
        ],
        [
            434.57196,
            -486.72632,
            225.3435,
            -90.07229,
            -1.2427195,
            179.90567
        ],
        [
            434.5713,
            -486.72656,
            225.3428,
            -90.07237,
            -1.2427046,
            179.90556
        ],
        [
            434.57144,
            -486.72708,
            225.34375,
            -90.072426,
            -1.2426221,
            179.90553
        ],
        [
            434.57135,
            -486.72653,
            225.34169,
            -90.07273,
            -1.2427833,
            179.90561
        ],
