{
    "CMD": 91,
    "motion_trajectory": [
        [
            -273.91873,
            -181.86281,
            735.8855,
            -74.27534,
            87.0957,
            103.26537
        ],
        [
            -273.9184,
            -181.86281,
            735.8855,
            -74.27432,
            87.09569,
            103.26637
        ],
        [
            -273.91843,
            -181.86275,
            735.88574,
            -74.27507,
            87.09576,
            103.26564
        ],
        [
            -273.9187,
            -181.86284,
            735.8858,
            -74.27578,
            87.09566,
            103.26494
        ],
        [
            -273.91895,
            -181.86253,
            735.8847,
            -74.276924,
            87.095726,
            103.263725
        ],
        [
            -273.9184,
            -181.86282,
            735.8854,
            -74.27563,
            87.09565,
            103.265076
        ],
        [
            -273.91895,
            -181.86298,
            735.88513,
            -74.27679,
            87.09578,
            103.26397
        ],
        [
            -273.91873,
            -181.86288,
            735.88477,
            -74.27706,
            87.09556,
            103.26366
        ],
        [
            -273.91913,
            -181.86276,
            735.88477,
            -74.27765,
            87.095795,
            103.26306
        ],
        [
            -273.91928,
            -181.86255,
            735.88477,
            -74.27794,
            87.09574,
            103.262726
        ],
        [
            -273.91855,
            -181.86256,
            735.88556,
            -74.27535,
            87.0957,
            103.26531
        ],
        [
            -273.91965,
            -181.86249,
            735.8844,
            -74.27939,
            87.09582,
            103.26388
        ],
        [
            -273.91928,
            -181.86258,
            735.8846,
            -74.27764,
            87.095795,
            103.26302
        ],
        [
            -273.9188,
            -181.86281,
            735.88446,
            -74.27793,
            87.09574,
            103.26278
        ],
        [
            -273.91913,
            -181.86282,
            735.8845,
            -74.27924,
            87.0957,
            103.26148
        ],
        [
            -273.9185,
            -181.86438,
            735.884,
            -74.284615,
            87.095894,
            103.256485
        ],
        [
            -273.91278,
            -181.87257,
            735.8834,
            -74.28634,
            87.0958,
            103.25647
        ],
        [
            -273.9111,
            -181.87517,
            735.8828,
            -74.28734,
            87.095764,
            103.256004
        ],
        [
            -273.91095,
            -181.87538,
            735.8828,
            -74.28676,
            87.09586,
            103.25663
        ],
        [
            -273.91095,
            -181.87538,
            735.8828,
            -74.28734,
            87.095764,
            103.25605
        ],
        [
            -273.91074,
            -181.8752,
            735.8833,
            -74.28634,
            87.0958,
            103.25701
        ],
        [
            -273.91138,
            -181.87479,
            735.8825,
            -74.28631,
            87.09575,
            103.256935
        ],
        [
            -273.91068,
            -181.87479,
            735.8834,
            -74.28474,
            87.095726,
            103.258514
        ],
        [
            -273.91116,
            -181.87448,
            735.8839,
            -74.28388,
            87.09588,
            103.259315
        ],
        [
            -273.91165,
            -181.87431,
            735.88306,
            -74.28545,
            87.09573,
            103.2577
        ],
        [
            -273.91223,
            -181.87445,
            735.8814,
            -74.29966,
            87.09661,
            103.243645
        ],
        [
            -273.91238,
            -181.87488,
            735.88043,
            -74.30427,
            87.096565,
            103.23913
        ],
        [
            -273.91217,
            -181.87474,
            735.88074,
            -74.302086,
            87.09642,
            103.24126
        ],
        [
            -273.91205,
            -181.87492,
            735.88055,
            -74.302956,
            87.096436,
            103.24043
        ],
        [
            -273.91254,
            -181.8748,
            735.87976,
            -74.30613,
            87.09642,
            103.23724
        ],
        [
            -273.91257,
            -181.87466,
            735.88007,
            -74.30572,
            87.09647,
            103.23764
        ],
        [
            -273.9122,
            -181.8747,
            735.8802,
            -74.303825,
            87.09644,
            103.23952
        ],
        [
            -273.9125,
            -181.8747,
            735.8807,
            -74.302956,
            87.096436,
            103.24039
        ],
        [
            -273.91254,
            -181.87465,
            735.8805,
            -74.30412,
            87.09639,
            103.23922
        ],
        [
            -273.91202,
            -181.87492,
            735.88055,
            -74.30121,
            87.09635,
            103.24216
        ],
        [
            -273.9124,
            -181.87492,
            735.8795,
            -74.30511,
            87.09635,
            103.23827
        ],
        [
            -273.91205,
            -181.8749,
            735.8807,
            -74.30223,
            87.09637,
            103.24114
        ],
        [
            -273.91168,
            -181.87491,
            735.88086,
            -74.30108,
            87.096405,
            103.2423
        ],
        [
            -273.91238,
            -181.87486,
            735.88055,
            -74.30179,
            87.09642,
            103.24158
        ],
        [
            -273.9122,
            -181.8747,
            735.8802,
            -74.30236,
            87.09631,
            103.24096
        ],
        [
            -273.9126,
            -181.87502,
            735.88025,
            -74.3028,
            87.096375,
            103.2406
        ],
        [
            -273.91202,
            -181.87491,
            735.88104,
            -74.299904,
            87.09622,
            103.24345
        ],
        [
            -273.91205,
            -181.8749,
            735.8803,
            -74.30339,
            87.09633,
            103.23999
        ],
        [
            -273.91183,
            -181.87463,
            735.88116,
            -74.29861,
            87.09626,
            103.24469
        ],
        [
            -273.9125,
            -181.87471,
            735.88025,
            -74.30192,
            87.09619,
            103.241394
        ],
        [
            -273.91205,
            -181.87486,
            735.8805,
            -74.30135,
            87.0963,
            103.242004
        ],
        [
            -273.91202,
            -181.87488,
            735.88074,
            -74.29975,
            87.09622,
            103.24359
        ],
        [
            -273.91205,
            -181.87485,
            735.88055,
            -74.30092,
            87.096176,
            103.242424
        ],
        [
            -273.9124,
            -181.87479,
            735.88055,
            -74.30092,
            87.09635,
            103.242424
        ],
        [
            -273.91205,
            -181.87482,
            735.8807,
            -74.299614,
            87.096214,
            103.24372
        ],
        [
