{
    "CMD": 90,
    "motion_trajectory": [
        [
            448.83762,
            -541.412,
            267.8519,
            89.969925,
            -178.55972,
            89.95013
        ],
        [
            448.83762,
            -541.4118,
            267.85306,
            89.97001,
            -178.55971,
            89.950226
        ],
        [
            448.83734,
            -541.41223,
            267.8526,
            89.97001,
            -178.55977,
            89.95012
        ],
        [
            448.8373,
            -541.4125,
            267.85275,
            89.969986,
            -178.55975,
            89.950134
        ],
        [
            448.8373,
            -541.4125,
            267.85275,
            89.969986,
            -178.55975,
            89.950134
        ],
        [
            448.83765,
            -541.41156,
            267.85184,
            89.969986,
            -178.55984,
            89.95021
        ],
        [
            448.83752,
            -541.41174,
            267.85278,
            89.96996,
            -178.5597,
            89.95018
        ],
        [
            448.83762,
            -541.41187,
            267.85193,
            89.96994,
            -178.55978,
            89.95018
        ],
        [
            448.83762,
            -541.4118,
            267.85306,
            89.97001,
            -178.55971,
            89.950226
        ],
        [
            448.8377,
            -541.4121,
            267.8522,
            89.96996,
            -178.55974,
            89.95018
        ],
        [
            448.83762,
            -541.4118,
            267.85306,
            89.97001,
            -178.55971,
            89.950226
        ],
        [
            448.8373,
            -541.41174,
            267.85156,
            89.96987,
            -178.55984,
            89.950195
        ],
        [
            448.83792,
            -541.4113,
            267.85168,
            89.96992,
            -178.55981,
            89.950226
        ],
        [
            448.83762,
            -541.412,
            267.85245,
            89.96995,
            -178.55974,
            89.95013
        ],
        [
            448.83768,
            -541.4116,
            267.85236,
            89.969986,
            -178.55986,
            89.950165
        ],
        [
            448.8381,
            -541.4107,
            267.85208,
            89.96996,
            -178.5598,
            89.95026
        ],
        [
            448.83676,
            -541.4112,
            267.8508,
            89.96961,
            -178.55974,
            89.950195
        ],
        [
            448.83542,
            -541.41003,
            267.84695,
            89.969215,
            -178.56009,
            89.95017
        ],
        [
            448.8356,
            -541.40985,
            267.8477,
            89.96932,
            -178.56013,
            89.95026
        ],
        [
            448.83484,
            -541.4104,
            267.8474,
            89.96921,
            -178.56003,
            89.950195
        ],
        [
            448.83496,
            -541.40985,
            267.8465,
            89.969124,
            -178.56003,
            89.95026
        ],
        [
            448.8351,
            -541.4099,
            267.84656,
            89.96915,
            -178.5601,
            89.95019
        ],
        [
            448.8352,
            -541.41016,
            267.84705,
            89.969185,
            -178.55994,
            89.95031
        ],
        [
            448.835,
            -541.41034,
            267.84753,
            89.96925,
            -178.56,
            89.95017
        ],
        [
            448.8356,
            -541.4092,
            267.84647,
            89.969185,
            -178.56012,
            89.95027
        ],
        [
            448.83484,
            -541.4097,
            267.8462,
            89.96908,
            -178.56012,
            89.95021
        ],
        [
            448.8359,
            -541.4101,
            267.84793,
            89.96925,
            -178.55989,
            89.95029
        ],
        [
            448.83557,
            -541.40936,
            267.84665,
            89.969185,
            -178.56,
            89.95033
        ],
        [
            448.83273,
            -541.41016,
            267.8451,
            89.96871,
            -178.56073,
            89.95125
        ],
        [
            448.82388,
            -541.4093,
            267.8398,
            89.96701,
            -178.56197,
            89.95411
        ],
        [
            448.81964,
            -541.40936,
            267.83884,
            89.966324,
            -178.5624,
            89.95528
        ],
        [
            448.8186,
            -541.4095,
            267.83832,
            89.9662,
            -178.56247,
            89.95538
        ],
        [
            448.81897,
            -541.4093,
            267.83792,
            89.96618,
            -178.56244,
            89.9555
        ],
        [
            448.81897,
            -541.4091,
            267.838,
            89.96622,
            -178.56238,
            89.955605
        ],
        [
            448.81915,
            -541.4093,
            267.83914,
            89.96627,
            -178.56233,
            89.95548
        ],
        [
            448.81924,
            -541.40936,
            267.83835,
            89.96626,
            -178.56232,
            89.955536
        ],
        [
            448.81924,
            -541.40924,
            267.83838,
            89.966286,
            -178.56232,
            89.95558
        ],
        [
            448.8193,
            -541.4091,
            267.8382,
            89.966286,
            -178.56233,
            89.95551
        ],
        [
            448.81943,
            -541.40955,
            267.83948,
            89.96632,
            -178.56221,
            89.955414
        ],
        [
            448.81943,
            -541.4094,
            267.83896,
            89.96632,
            -178.56213,
            89.95547
        ],
        [
            448.81967,
            -541.4091,
            267.83948,
            89.9664,
            -178.56207,
            89.95543
        ],
        [
            448.81952,
            -541.409,
            267.8381,
            89.96632,
            -178.56215,
            89.95538
        ],
        [
            448.8198,
            -541.4093,
            267.8384,
            89.96635,
            -178.56203,
            89.95526
        ],
        [
            448.81998,
            -541.40924,
            267.8385,
            89.96639,
            -178.562,
            89.955246
        ],
        [
            448.8206,
            -541.4093,
            267.83966,
            89.96657,
            -178.56187,
            89.955185
        ],
        [
            448.8202,
            -541.40906,
            267.839,
            89.96646,
            -178.56198,
            89.955154
        ],
        [
            448.8202,
            -541.40906,
            267.839,
            89.96646,
            -178.56187,
            89.955154
        ],
        [
            448.82074,
            -541.409,
            267.83923,
            89.96647,
            -178.56174,
            89.955154
        ],
        [
            448.8206,
            -541.4096,
            267.83902,
            89.96649,
            -178.56175,
            89.95504
        ],
        [
            448.82086,
            -541.4091,
            267.83936,
            89.96658,
            -178.56181,
            89.95493
        ],
        [
            448.82098,
            -541.4094,
            267.83957,
            89.96659,
