{
    "CMD": 90,
    "motion_trajectory": [
        [
            448.83734,
            -541.4123,
            267.85272,
            89.96991,
            -178.55959,
            89.95033
        ],
        [
            448.8376,
            -541.41284,
            267.85318,
            89.96992,
            -178.55956,
            89.950226
        ],
        [
            448.83774,
            -541.4127,
            267.85278,
            89.96996,
            -178.55957,
            89.950264
        ],
        [
            448.83755,
            -541.41266,
            267.8527,
            89.96993,
            -178.5595,
            89.95033
        ],
        [
            448.83823,
            -541.4121,
            267.85318,
            89.97001,
            -178.55971,
            89.95029
        ],
        [
            448.8379,
            -541.41235,
            267.85345,
            89.96992,
            -178.55951,
            89.95027
        ],
        [
            448.83737,
            -541.4124,
            267.85324,
            89.96992,
            -178.5596,
            89.95028
        ],
        [
            448.83798,
            -541.4118,
            267.85263,
            89.96994,
            -178.55968,
            89.95024
        ],
        [
            448.83743,
            -541.41254,
            267.85242,
            89.969894,
            -178.55965,
            89.95028
        ],
        [
            448.8379,
            -541.41235,
            267.85345,
            89.96992,
            -178.55951,
            89.95027
        ],
        [
            448.83737,
            -541.4121,
            267.852,
            89.969894,
            -178.5597,
            89.950264
        ],
        [
            448.83783,
            -541.4117,
            267.85315,
            89.969955,
            -178.55962,
            89.95036
        ],
        [
            448.83795,
            -541.412,
            267.85336,
            89.96996,
            -178.55946,
            89.95031
        ],
        [
            448.8384,
            -541.4116,
            267.85257,
            89.9699,
            -178.55962,
            89.95019
        ],
        [
            448.83813,
            -541.4114,
            267.85223,
            89.96986,
            -178.5597,
            89.95026
        ],
        [
            448.83832,
            -541.41205,
            267.85287,
            89.96988,
            -178.5596,
            89.95027
        ],
        [
            448.83865,
            -541.412,
            267.85367,
            89.96999,
            -178.55951,
            89.95023
        ],
        [
            448.83835,
            -541.4117,
            267.85168,
            89.96987,
            -178.5597,
            89.9503
        ],
        [
            448.83783,
            -541.41187,
            267.8525,
            89.969894,
            -178.55965,
            89.95026
        ],
        [
            448.83798,
            -541.4118,
            267.85263,
            89.96994,
            -178.55962,
            89.95024
        ],
        [
            448.8384,
            -541.41144,
            267.85208,
            89.96992,
            -178.5596,
            89.95029
        ],
        [
            448.83817,
            -541.41174,
            267.8533,
            89.97001,
            -178.5596,
            89.950226
        ],
        [
            448.83633,
            -541.41046,
            267.85297,
            89.96998,
            -178.5611,
            89.95181
        ],
        [
            448.8332,
            -541.40765,
            267.85233,
            89.970055,
            -178.56436,
            89.954346
        ],
        [
            448.83127,
            -541.40753,
            267.85162,
            89.96982,
            -178.5662,
            89.95485
        ],
        [
            448.83136,
            -541.4071,
            267.85147,
            89.96979,
            -178.5661,
            89.95515
        ],
        [
            448.83075,
            -541.4075,
            267.85138,
            89.96974,
            -178.5659,
            89.95512
        ],
        [
            448.83057,
            -541.4075,
            267.8516,
            89.9697,
            -178.5658,
            89.95502
        ],
        [
            448.83047,
            -541.40753,
            267.85147,
            89.96966,
            -178.56555,
            89.95503
        ],
        [
            448.83112,
            -541.40784,
            267.85135,
            89.96963,
            -178.56529,
            89.954926
        ],
        [
            448.83075,
            -541.408,
            267.85062,
            89.969604,
            -178.56525,
            89.95482
        ],
        [
            448.83124,
            -541.40753,
            267.85098,
            89.969635,
            -178.56516,
            89.954796
        ],
        [
            448.83066,
            -541.4081,
            267.85138,
            89.96959,
            -178.56471,
            89.95471
        ],
        [
            448.8313,
            -541.4083,
            267.85068,
            89.969536,
            -178.56438,
            89.954605
        ],
        [
            448.8308,
            -541.40857,
            267.85074,
            89.969505,
            -178.56386,
            89.95439
        ],
        [
            448.8313,
            -541.40906,
            267.85098,
            89.96943,
            -178.56342,
            89.954254
        ],
        [
            448.8315,
            -541.40894,
            267.8509,
            89.96946,
            -178.56308,
            89.95412
        ],
        [
            448.83136,
            -541.40936,
            267.85065,
            89.96934,
            -178.56207,
            89.95393
        ],
        [
            448.83124,
            -541.4097,
            267.85083,
            89.969406,
            -178.56169,
            89.953804
        ],
        [
            448.83133,
            -541.41034,
            267.84982,
            89.96929,
            -178.56075,
            89.95355
        ],
        [
            448.8315,
            -541.41,
            267.84998,
            89.96923,
            -178.5597,
            89.95357
        ],
        [
            448.83228,
            -541.4097,
            267.85123,
            89.96932,
            -178.55917,
            89.953476
        ],
        [
            448.83185,
            -541.4101,
            267.8501,
            89.96926,
            -178.55876,
            89.95335
        ],
        [
            448.83215,
            -541.41003,
            267.8502,
            89.96917,
            -178.5587,
            89.95317
        ],
        [
            448.83212,
            -541.4109,
            267.8508,
            89.96924,
            -178.55855,
            89.95306
        ],
        [
            448.8319,
            -541.4108,
            267.85013,
            89.96912,
            -178.55856,
            89.95286
        ],
        [
            448.83188,
            -541.4111,
            267.8495,
            89.96904,
            -178.5584,
            89.952705
        ],
        [
            448.8327,
            -541.4111,
            267.85013,
            89.96913,
            -178.55829,
            89.95273
        ],
        [
            448.83176,
            -541.4114,
            267.84906,
            89.968925,
            -178.55838,
            89.95245
        ],
        [
            448.83246,
            -541.4117,
            267.8506,
            89.96897,
            -178.55827,
            89.95239
        ],
        [
            448.83252,
            -541.4123,
            267.85022,
            89.968994,
