{
    "CMD": 90,
    "motion_trajectory": [
        [
            448.6865,
            -598.9924,
            272.10217,
            89.12983,
            -178.60979,
            89.99026
        ],
        [
            448.687,
            -598.9918,
            272.1023,
            89.12985,
            -178.60991,
            89.99024
        ],
        [
            448.68683,
            -598.9924,
            272.10236,
            89.12991,
            -178.60985,
            89.99018
        ],
        [
            448.68683,
            -598.9921,
            272.10223,
            89.12985,
            -178.60976,
            89.99018
        ],
        [
            448.6871,
            -598.99164,
            272.1018,
            89.12987,
            -178.60992,
            89.99023
        ],
        [
            448.6871,
            -598.99164,
            272.1018,
            89.12987,
            -178.60999,
            89.99023
        ],
        [
            448.68628,
            -598.9922,
            272.10098,
            89.12974,
            -178.60991,
            89.99015
        ],
        [
            448.68707,
            -598.9917,
            272.1012,
            89.12984,
            -178.60995,
            89.99017
        ],
        [
            448.68704,
            -598.99194,
            272.10196,
            89.12983,
            -178.6098,
            89.99018
        ],
        [
            448.6875,
            -598.9915,
            272.10196,
            89.129845,
            -178.60986,
            89.99028
        ],
        [
            448.68695,
            -598.99225,
            272.10214,
            89.12981,
            -178.60968,
            89.9902
        ],
        [
            448.68774,
            -598.9912,
            272.1019,
            89.12991,
            -178.60995,
            89.99026
        ],
        [
            448.68683,
            -598.9915,
            272.102,
            89.12982,
            -178.60985,
            89.990234
        ],
        [
            448.6874,
            -598.99133,
            272.10168,
            89.12982,
            -178.6099,
            89.99028
        ],
        [
            448.68655,
            -598.9908,
            272.10004,
            89.12959,
            -178.60999,
            89.990204
        ],
        [
            448.68582,
            -598.99097,
            272.09906,
            89.1295,
            -178.61009,
            89.990166
        ],
        [
            448.68646,
            -598.9905,
            272.09976,
            89.129585,
            -178.61009,
            89.99026
        ],
        [
            448.68677,
            -598.99023,
            272.09906,
            89.1295,
            -178.60999,
            89.990265
        ],
        [
            448.68637,
            -598.9903,
            272.0989,
            89.12954,
            -178.6101,
            89.99026
        ],
        [
            448.6871,
            -598.9903,
            272.0992,
            89.12958,
            -178.61015,
            89.99013
        ],
        [
            448.6864,
            -598.99,
            272.09897,
            89.12943,
            -178.61006,
            89.99027
        ],
        [
            448.6868,
            -598.99005,
            272.0977,
            89.12947,
            -178.61024,
            89.9902
        ],
        [
            448.68665,
            -598.9897,
            272.0989,
            89.12951,
            -178.61015,
            89.99025
        ],
        [
            448.68634,
            -598.99005,
            272.0986,
            89.12941,
            -178.61014,
            89.99039
        ],
        [
            448.6796,
            -598.9904,
            272.0953,
            89.1281,
            -178.61139,
            89.9922
        ],
        [
            448.67474,
            -598.99054,
            272.0927,
            89.12695,
            -178.61203,
            89.99352
        ],
        [
            448.67297,
            -598.9911,
            272.09195,
            89.1265,
            -178.6123,
            89.99385
        ],
        [
            448.67276,
            -598.99133,
            272.09204,
            89.12644,
            -178.61221,
            89.99393
        ],
        [
            448.67276,
            -598.99146,
            272.09262,
            89.12646,
            -178.61212,
            89.99387
        ],
        [
            448.67267,
            -598.9914,
            272.0929,
            89.12644,
            -178.61212,
            89.99382
        ],
        [
            448.67276,
            -598.99164,
            272.09198,
            89.12641,
            -178.6121,
            89.99377
        ],
        [
            448.67276,
            -598.9915,
            272.092,
            89.12642,
            -178.612,
            89.99382
        ],
        [
            448.6729,
            -598.9916,
            272.09207,
            89.12646,
            -178.61191,
            89.99376
        ],
        [
            448.67288,
            -598.99194,
            272.09256,
            89.12657,
            -178.61188,
            89.99369
        ],
        [
            448.6733,
            -598.99115,
            272.09152,
            89.12656,
            -178.61195,
            89.99373
        ],
        [
            448.6737,
            -598.9916,
            272.09335,
            89.12668,
            -178.61166,
            89.99366
        ],
        [
            448.67377,
            -598.9916,
            272.0925,
            89.12665,
            -178.61182,
            89.99349
        ],
        [
            448.6738,
            -598.9918,
            272.0928,
            89.12678,
            -178.61179,
            89.99336
        ],
        [
            448.674,
            -598.9913,
            272.09302,
            89.12674,
            -178.61165,
            89.99347
        ],
        [
            448.67386,
            -598.9917,
            272.0932,
            89.12681,
            -178.61159,
            89.9933
        ],
        [
            448.6752,
            -598.9908,
            272.0926,
            89.126884,
            -178.61159,
            89.993256
        ],
        [
            448.6754,
            -598.99115,
            272.09314,
            89.12693,
            -178.61145,
            89.993256
        ],
        [
            448.67502,
            -598.9917,
            272.09348,
            89.12693,
            -178.61136,
            89.99299
        ],
        [
            448.67532,
            -598.9915,
            272.09308,
            89.12701,
            -178.61134,
            89.992966
        ],
        [
            448.67566,
            -598.99146,
            272.0933,
            89.12708,
            -178.61128,
            89.99289
        ],
        [
            448.67575,
            -598.99133,
            272.09308,
            89.1271,
            -178.61125,
            89.99283
        ],
        [
            448.67612,
            -598.9918,
            272.0937,
            89.12717,
            -178.61119,
            89.992714
        ],
        [
            448.67624,
            -598.99133,
            272.09393,
            89.12724,
            -178.61111,
            89.99269
        ],
        [
            448.67725,
            -598.9915,
            272.09406,
            89.12732,
            -178.61107,
            89.99255
        ],
        [
            448.67743,
            -598.99133,
            272.09418,
            89.12738,
            -178.61104,
            89.9926
        ],
        [
            448.6772,
            -598.9916,
            272.09464,
            89.12745,
            -178.61104,
