{
    "CMD": 91,
    "motion_trajectory": [
        [
            448.68802,
            -598.99255,
            272.10455,
            89.12998,
            -178.60942,
            89.99023
        ],
        [
            448.6887,
            -598.99207,
            272.10526,
            89.13006,
            -178.6094,
            89.99031
        ],
        [
            448.68817,
            -598.99225,
            272.10495,
            89.12992,
            -178.60938,
            89.99035
        ],
        [
            448.6881,
            -598.9927,
            272.10483,
            89.13001,
            -178.60938,
            89.99028
        ],
        [
            448.6886,
            -598.99243,
            272.1054,
            89.13003,
            -178.60933,
            89.99027
        ],
        [
            448.68814,
            -598.9928,
            272.1054,
            89.13003,
            -178.60939,
            89.99023
        ],
        [
            448.6884,
            -598.9918,
            272.1043,
            89.12998,
            -178.6094,
            89.99038
        ],
        [
            448.6885,
            -598.9921,
            272.10455,
            89.12999,
            -178.60942,
            89.990326
        ],
        [
            448.68784,
            -598.99225,
            272.10455,
            89.12996,
            -178.60945,
            89.99033
        ],
        [
            448.68896,
            -598.99176,
            272.10455,
            89.12999,
            -178.60947,
            89.99037
        ],
        [
            448.6884,
            -598.9919,
            272.1037,
            89.12995,
            -178.6095,
            89.990326
        ],
        [
            448.68866,
            -598.9921,
            272.10464,
            89.13003,
            -178.60944,
            89.99026
        ],
        [
            448.68854,
            -598.99194,
            272.10318,
            89.12997,
            -178.60966,
            89.99026
        ],
        [
            448.6885,
            -598.9922,
            272.10455,
            89.12998,
            -178.60942,
            89.99027
        ],
        [
            448.68884,
            -598.992,
            272.10477,
            89.13009,
            -178.60947,
            89.9903
        ],
        [
            448.68924,
            -598.99207,
            272.1049,
            89.13004,
            -178.60945,
            89.99025
        ],
        [
            448.6887,
            -598.99194,
            272.1053,
            89.13007,
            -178.60934,
            89.990364
        ],
        [
            448.6885,
            -598.9923,
            272.10452,
            89.129974,
            -178.60942,
            89.99022
        ],
        [
            448.68958,
            -598.9919,
            272.1057,
            89.130165,
            -178.6094,
            89.99028
        ],
        [
            448.6892,
            -598.9915,
            272.10388,
            89.130035,
            -178.6096,
            89.990295
        ],
        [
            448.6895,
            -598.9912,
            272.10376,
            89.12998,
            -178.60953,
            89.99036
        ],
        [
            448.68893,
            -598.9915,
            272.10406,
            89.129974,
            -178.60957,
            89.99026
        ],
        [
            448.68936,
            -598.99164,
            272.10452,
            89.13008,
            -178.60953,
            89.99018
        ],
        [
            448.6904,
            -598.99097,
            272.1052,
            89.130394,
            -178.60963,
            89.99027
        ],
        [
            448.70026,
            -598.9926,
            272.11972,
            89.13243,
            -178.60898,
            89.99022
        ],
        [
            448.69443,
            -598.99884,
            272.13037,
            89.13225,
            -178.6076,
            89.98986
        ],
        [
            448.69916,
            -598.997,
            272.13797,
            89.13307,
            -178.60736,
            89.99007
        ],
        [
            448.7002,
            -598.9955,
            272.1351,
            89.13318,
            -178.60783,
            89.99004
        ],
        [
            448.6986,
            -598.997,
            272.13715,
            89.13291,
            -178.60739,
            89.98998
        ],
        [
            448.6986,
            -598.9964,
            272.1379,
            89.13298,
            -178.60742,
            89.990074
        ],
        [
            448.69894,
            -598.99664,
            272.1368,
            89.133,
            -178.60748,
            89.99007
        ],
        [
            448.69858,
            -598.99744,
            272.13837,
            89.13312,
            -178.60803,
            89.99074
        ],
        [
            448.698,
            -598.99744,
            272.14468,
            89.13352,
            -178.60863,
            89.99306
        ],
        [
            448.69858,
            -598.9984,
            272.14835,
            89.13393,
            -178.60901,
            89.993904
        ],
        [
            448.69965,
            -598.99744,
            272.14844,
            89.134155,
            -178.6093,
            89.99445
        ],
        [
            448.6992,
            -598.9989,
            272.15012,
            89.13415,
            -178.60893,
            89.99444
        ],
        [
            448.69934,
            -598.99884,
            272.15024,
            89.13419,
            -178.60895,
            89.99442
        ],
        [
            448.69904,
            -598.9994,
            272.1505,
            89.13422,
            -178.60886,
            89.99438
        ],
        [
            448.7002,
            -598.9988,
            272.1509,
            89.134285,
            -178.60884,
            89.99446
        ],
        [
            448.7002,
            -598.9989,
            272.15088,
            89.13428,
            -178.6088,
            89.99441
        ],
        [
            448.7001,
            -598.99884,
            272.15057,
            89.13424,
            -178.60883,
            89.994354
        ],
        [
            448.69952,
            -598.99896,
            272.1503,
            89.13422,
            -178.60887,
            89.99431
        ],
        [
            448.69955,
            -598.99945,
            272.15076,
            89.13422,
            -178.6086,
            89.99432
        ],
        [
            448.69952,
            -598.9992,
            272.15024,
            89.13419,
            -178.6087,
            89.99421
        ],
        [
            448.69925,
            -598.99915,
            272.14984,
            89.13412,
            -178.60861,
            89.99416
        ],
        [
            448.69952,
            -598.99945,
            272.15018,
            89.13416,
            -178.60854,
            89.99405
        ],
        [
            448.70023,
            -598.9988,
            272.14954,
            89.13422,
            -178.60861,
            89.99407
        ],
        [
            448.6997,
            -598.99976,
            272.15082,
            89.1342,
            -178.60835,
            89.99388
        ],
        [
            448.69937,
            -598.99927,
            272.14877,
            89.13408,
            -178.60844,
            89.993835
        ],
        [
            448.70016,
            -598.9998,
            272.15012,
            89.13412,
            -178.60829,
            89.99367
        ],
        [
            448.69965,
            -598.99945,
            272.14975,
            89.13414,
