{
    "CMD": 90,
    "motion_trajectory": [
        [
            448.6848,
            -598.9947,
            272.10318,
            89.12985,
            -178.60956,
            89.99003
        ],
        [
            448.68564,
            -598.9942,
            272.10397,
            89.129974,
            -178.60962,
            89.99005
        ],
        [
            448.68558,
            -598.99457,
            272.10413,
            89.12994,
            -178.60956,
            89.990005
        ],
        [
            448.68536,
            -598.9942,
            272.10297,
            89.12987,
            -178.60973,
            89.99001
        ],
        [
            448.6848,
            -598.9947,
            272.10318,
            89.12985,
            -178.6096,
            89.99003
        ],
        [
            448.68527,
            -598.9943,
            272.1026,
            89.12984,
            -178.6097,
            89.990074
        ],
        [
            448.6853,
            -598.99445,
            272.10376,
            89.12987,
            -178.60957,
            89.99002
        ],
        [
            448.6853,
            -598.99445,
            272.10315,
            89.129845,
            -178.60956,
            89.99002
        ],
        [
            448.68585,
            -598.99384,
            272.10358,
            89.12989,
            -178.60963,
            89.99006
        ],
        [
            448.68478,
            -598.99445,
            272.10266,
            89.12984,
            -178.60965,
            89.989914
        ],
        [
            448.68555,
            -598.99414,
            272.10367,
            89.12994,
            -178.6096,
            89.99
        ],
        [
            448.6859,
            -598.9936,
            272.1034,
            89.12991,
            -178.6097,
            89.99004
        ],
        [
            448.68536,
            -598.9942,
            272.10358,
            89.12989,
            -178.60957,
            89.99001
        ],
        [
            448.68527,
            -598.99414,
            272.10327,
            89.12986,
            -178.60966,
            89.98996
        ],
        [
            448.6858,
            -598.9937,
            272.10245,
            89.12984,
            -178.60977,
            89.98988
        ],
        [
            448.6856,
            -598.9939,
            272.1029,
            89.129944,
            -178.6096,
            89.98999
        ],
        [
            448.6859,
            -598.9939,
            272.10333,
            89.12988,
            -178.60959,
            89.98989
        ],
        [
            448.6862,
            -598.99304,
            272.1022,
            89.12983,
            -178.60976,
            89.98999
        ],
        [
            448.68628,
            -598.9932,
            272.10248,
            89.12985,
            -178.60983,
            89.98998
        ],
        [
            448.68607,
            -598.99316,
            272.10126,
            89.12975,
            -178.60979,
            89.98983
        ],
        [
            448.6862,
            -598.9933,
            272.10214,
            89.12981,
            -178.60982,
            89.98988
        ],
        [
            448.68637,
            -598.9934,
            272.10275,
            89.129875,
            -178.60968,
            89.98998
        ],
        [
            448.68646,
            -598.9932,
            272.10318,
            89.12992,
            -178.6096,
            89.989975
        ],
        [
            448.6862,
            -598.99304,
            272.1022,
            89.12983,
            -178.60971,
            89.98999
        ],
        [
            448.68518,
            -598.99304,
            272.10303,
            89.1297,
            -178.61028,
            89.99092
        ],
        [
            448.68347,
            -598.9902,
            272.1018,
            89.12945,
            -178.6117,
            89.99289
        ],
        [
            448.68216,
            -598.9884,
            272.1018,
            89.1295,
            -178.6125,
            89.99421
        ],
        [
            448.6811,
            -598.9886,
            272.10126,
            89.12936,
            -178.61252,
            89.9943
        ],
        [
            448.68097,
            -598.9886,
            272.10092,
            89.12932,
            -178.61256,
            89.9942
        ],
        [
            448.68134,
            -598.9888,
            272.10187,
            89.12929,
            -178.61244,
            89.99426
        ],
        [
            448.6813,
            -598.989,
            272.10123,
            89.129234,
            -178.61243,
            89.99411
        ],
        [
            448.68164,
            -598.9889,
            272.10144,
            89.129326,
            -178.61237,
            89.99409
        ],
        [
            448.68185,
            -598.98865,
            272.101,
            89.129234,
            -178.61227,
            89.99404
        ],
        [
            448.68213,
            -598.98895,
            272.10135,
            89.12928,
            -178.61215,
            89.99393
        ],
        [
            448.68158,
            -598.9887,
            272.1,
            89.12912,
            -178.61223,
            89.99395
        ],
        [
            448.6822,
            -598.9891,
            272.10168,
            89.12928,
            -178.61206,
            89.9937
        ],
        [
            448.68237,
            -598.989,
            272.1012,
            89.1293,
            -178.61208,
            89.99369
        ],
        [
            448.68106,
            -598.99005,
            272.10095,
            89.12919,
            -178.61203,
            89.993515
        ],
        [
            448.68097,
            -598.9903,
            272.10117,
            89.12914,
            -178.61191,
            89.99331
        ],
        [
            448.68164,
            -598.99005,
            272.10123,
            89.129166,
            -178.61177,
            89.99324
        ],
        [
            448.6818,
            -598.99,
            272.10074,
            89.129196,
            -178.61183,
            89.993225
        ],
        [
            448.6819,
            -598.99036,
            272.10098,
            89.129196,
            -178.6118,
            89.99307
        ],
        [
            448.68246,
            -598.99066,
            272.10117,
            89.12916,
            -178.61165,
            89.992905
        ],
        [
            448.6819,
            -598.991,
            272.10083,
            89.12911,
            -178.61163,
            89.99275
        ],
        [
            448.68198,
            -598.99133,
            272.1011,
            89.12913,
            -178.61148,
            89.9927
        ],
        [
            448.6819,
            -598.99146,
            272.10074,
            89.12907,
            -178.61147,
            89.992546
        ],
        [
            448.6823,
            -598.9915,
            272.10123,
            89.12911,
            -178.61134,
            89.99247
        ],
        [
            448.68246,
            -598.9917,
            272.1007,
            89.12917,
            -178.61127,
            89.992355
        ],
        [
            448.68228,
            -598.99176,
            272.10062,
            89.129105,
            -178.6113,
            89.99214
        ],
        [
            448.68222,
            -598.9921,
            272.10138,
            89.1291,
            -178.61108,
            89.9921
        ],
        [
            448.6825,
            -598.9916,
            272.1002,
            89.129005,
            -178.61115,
