{
    "CMD": 90,
    "motion_trajectory": [
        [
            447.9773,
            -656.37256,
            267.9311,
            89.97983,
            -178.50972,
            90.000175
        ],
        [
            447.978,
            -656.37225,
            267.93118,
            89.97987,
            -178.5098,
            90.00016
        ],
        [
            447.9786,
            -656.3721,
            267.9321,
            89.97991,
            -178.50977,
            90.000206
        ],
        [
            447.9786,
            -656.372,
            267.93213,
            89.97992,
            -178.5097,
            90.00026
        ],
        [
            447.97748,
            -656.37256,
            267.93182,
            89.9799,
            -178.5097,
            90.00017
        ],
        [
            447.9779,
            -656.3725,
            267.932,
            89.979866,
            -178.50958,
            90.00017
        ],
        [
            447.978,
            -656.37225,
            267.93118,
            89.97987,
            -178.5098,
            90.00016
        ],
        [
            447.9787,
            -656.3719,
            267.93253,
            89.979965,
            -178.50967,
            90.0002
        ],
        [
            447.97855,
            -656.37195,
            267.93243,
            89.97991,
            -178.50966,
            90.000206
        ],
        [
            447.97812,
            -656.3722,
            267.93222,
            89.979935,
            -178.50967,
            90.0001
        ],
        [
            447.97842,
            -656.37195,
            267.93085,
            89.97984,
            -178.50978,
            90.0001
        ],
        [
            447.9787,
            -656.37146,
            267.932,
            89.979965,
            -178.50978,
            90.0002
        ],
        [
            447.97787,
            -656.372,
            267.93246,
            89.9799,
            -178.5097,
            90.00016
        ],
        [
            447.97864,
            -656.3718,
            267.93222,
            89.979935,
            -178.50967,
            90.000145
        ],
        [
            447.9783,
            -656.3721,
            267.932,
            89.979836,
            -178.50967,
            90.0001
        ],
        [
            447.97855,
            -656.3716,
            267.93256,
            89.97994,
            -178.50972,
            90.0002
        ],
        [
            447.97897,
            -656.37115,
            267.9316,
            89.9799,
            -178.5098,
            90.00019
        ],
        [
            447.97925,
            -656.3712,
            267.93265,
            89.97999,
            -178.50975,
            90.00018
        ],
        [
            447.97836,
            -656.3717,
            267.93182,
            89.979866,
            -178.5098,
            90.00015
        ],
        [
            447.97882,
            -656.3711,
            267.93152,
            89.97985,
            -178.50978,
            90.00025
        ],
        [
            447.9784,
            -656.37146,
            267.9313,
            89.979866,
            -178.50984,
            90.00019
        ],
        [
            447.979,
            -656.3713,
            267.93286,
            89.979935,
            -178.50967,
            90.00014
        ],
        [
            447.97916,
            -656.3713,
            267.9323,
            89.97996,
            -178.50978,
            90.00008
        ],
        [
            447.9795,
            -656.3709,
            267.9316,
            89.97989,
            -178.50986,
            90.00018
        ],
        [
            447.97876,
            -656.3713,
            267.93243,
            89.97986,
            -178.5098,
            90.00009
        ],
        [
            447.97812,
            -656.3717,
            267.9322,
            89.97967,
            -178.51001,
            90.00055
        ],
        [
            447.97333,
            -656.37103,
            267.92972,
            89.97858,
            -178.51346,
            90.00216
        ],
        [
            447.97284,
            -656.3708,
            267.93008,
            89.97847,
            -178.51422,
            90.00244
        ],
        [
            447.97137,
            -656.37085,
            267.9287,
            89.97821,
            -178.51428,
            90.00269
        ],
        [
            447.97113,
            -656.37115,
            267.92944,
            89.97816,
            -178.5142,
            90.00271
        ],
        [
            447.97128,
            -656.3711,
            267.92892,
            89.97819,
            -178.51416,
            90.0027
        ],
        [
            447.97165,
            -656.3708,
            267.92883,
            89.97814,
            -178.51398,
            90.002754
        ],
        [
            447.9708,
            -656.37146,
            267.92926,
            89.97806,
            -178.51382,
            90.00266
        ],
        [
            447.9706,
            -656.3715,
            267.92944,
            89.97816,
            -178.51372,
            90.00266
        ],
        [
            447.97165,
            -656.3705,
            267.9283,
            89.97814,
            -178.51381,
            90.00269
        ],
        [
            447.9712,
            -656.3711,
            267.92798,
            89.978134,
            -178.5137,
            90.002594
        ],
        [
            447.972,
            -656.3708,
            267.92963,
            89.97825,
            -178.51349,
            90.002686
        ],
        [
            447.97156,
            -656.3714,
            267.92993,
            89.978264,
            -178.51334,
            90.00259
        ],
        [
            447.97256,
            -656.37085,
            267.92868,
            89.97822,
            -178.51332,
            90.00257
        ],
        [
            447.97165,
            -656.37134,
            267.92972,
            89.97829,
            -178.51303,
            90.00247
        ],
        [
            447.972,
            -656.3713,
            267.9296,
            89.978226,
            -178.51295,
            90.00242
        ],
        [
            447.97223,
            -656.3711,
            267.92947,
            89.978294,
            -178.51292,
            90.00235
        ],
        [
            447.97195,
            -656.3716,
            267.92862,
            89.97832,
            -178.51277,
            90.00225
        ],
        [
            447.97247,
            -656.3713,
            267.92862,
            89.97832,
            -178.51213,
            90.002235
        ],
        [
            447.9724,
            -656.3716,
            267.92953,
            89.97832,
            -178.51176,
            90.00202
        ],
        [
            447.97266,
            -656.3716,
            267.92993,
            89.97839,
            -178.51169,
            90.00207
        ],
        [
            447.97266,
            -656.37177,
            267.9299,
            89.978386,
            -178.51141,
            90.00196
        ],
        [
            447.97308,
            -656.3719,
            267.9304,
            89.97849,
            -178.5111,
            90.0019
        ],
        [
            447.973,
            -656.3717,
            267.93008,
            89.97848,
            -178.51097,
            90.0019
        ],
        [
            447.973,
            -656.3715,
            267.92957,
            89.97847,
            -178.51093,
            90.001785
        ],
        [
            447.97318,
            -656.37195,
            267.93018,
            89.97851,
            -178.51056,
