{
    "CMD": 91,
    "motion_trajectory": [
        [
            413.99985,
            247.78065,
            266.54092,
            89.73021,
            -178.71016,
            90.019806
        ],
        [
            414.0,
            247.78117,
            266.54144,
            89.73046,
            -178.71024,
            90.0199
        ],
        [
            414.00012,
            247.7807,
            266.54135,
            89.730415,
            -178.71016,
            90.0198
        ],
        [
            414.0,
            247.78117,
            266.54108,
            89.730415,
            -178.71016,
            90.0199
        ],
        [
            414.00082,
            247.78069,
            266.54108,
            89.73041,
            -178.71017,
            90.019745
        ],
        [
            414.0006,
            247.78065,
            266.5416,
            89.7304,
            -178.71017,
            90.019745
        ],
        [
            414.00037,
            247.78015,
            266.5417,
            89.73046,
            -178.71017,
            90.01976
        ],
        [
            414.00003,
            247.78032,
            266.54123,
            89.73037,
            -178.7101,
            90.01976
        ],
        [
            414.0003,
            247.78036,
            266.54123,
            89.73036,
            -178.71022,
            90.01976
        ],
        [
            413.99997,
            247.7808,
            266.5415,
            89.730354,
            -178.71024,
            90.01986
        ],
        [
            414.0008,
            247.78009,
            266.54135,
            89.73041,
            -178.71017,
            90.01971
        ],
        [
            414.0003,
            247.7806,
            266.54123,
            89.73036,
            -178.71011,
            90.019745
        ],
        [
            413.9999,
            247.78079,
            266.54077,
            89.73026,
            -178.71016,
            90.01986
        ],
        [
            414.00024,
            247.78085,
            266.5416,
            89.7304,
            -178.71024,
            90.01985
        ],
        [
            414.0004,
            247.78052,
            266.54153,
            89.730515,
            -178.71017,
            90.019806
        ],
        [
            414.00104,
            247.78036,
            266.5412,
            89.73046,
            -178.71017,
            90.0197
        ],
        [
            413.9994,
            247.78072,
            266.54114,
            89.73032,
            -178.71014,
            90.01986
        ],
        [
            414.0008,
            247.78032,
            266.5417,
            89.73045,
            -178.71013,
            90.0197
        ],
        [
            413.99997,
            247.78058,
            266.5418,
            89.730515,
            -178.71017,
            90.01986
        ],
        [
            414.00055,
            247.78004,
            266.5422,
            89.730736,
            -178.71017,
            90.01971
        ],
        [
            414.0011,
            247.77992,
            266.5423,
            89.73077,
            -178.71019,
            90.019714
        ],
        [
            414.0008,
            247.78009,
            266.54214,
            89.73084,
            -178.71017,
            90.0197
        ],
        [
            414.00034,
            247.78038,
            266.54184,
            89.73069,
            -178.71011,
            90.01975
        ],
        [
            413.9997,
            247.77652,
            266.5449,
            89.73266,
            -178.71327,
            90.01806
        ],
        [
            413.99918,
            247.77524,
            266.5462,
            89.73362,
            -178.71487,
            90.01755
        ],
        [
            414.00043,
            247.77478,
            266.54745,
            89.73414,
            -178.71538,
            90.017265
        ],
        [
            414.001,
            247.77408,
            266.5471,
            89.734116,
            -178.71541,
            90.01694
        ],
        [
            414.001,
            247.77432,
            266.54764,
            89.73427,
            -178.7153,
            90.01692
        ],
        [
            414.00165,
            247.77455,
            266.54807,
            89.73446,
            -178.71527,
            90.016975
        ],
        [
            414.00165,
            247.77455,
            266.54794,
            89.734406,
            -178.71516,
            90.016975
        ],
        [
            414.00195,
            247.77461,
            266.54822,
            89.73438,
            -178.71512,
            90.016975
        ],
        [
            414.002,
            247.77498,
            266.5483,
            89.73443,
            -178.71497,
            90.01702
        ],
        [
            414.0021,
            247.77428,
            266.54776,
            89.73428,
            -178.71484,
            90.01694
        ],
        [
            414.00192,
            247.77437,
            266.54755,
            89.73418,
            -178.71474,
            90.01699
        ],
        [
            414.0022,
            247.7742,
            266.54767,
            89.73422,
            -178.71463,
            90.017
        ],
        [
            414.00214,
            247.77467,
            266.54782,
            89.734146,
            -178.71454,
            90.017105
        ],
        [
            414.0021,
            247.7749,
            266.5479,
            89.7342,
            -178.7145,
            90.01709
        ],
        [
            414.0021,
            247.77467,
            266.54736,
            89.73405,
            -178.71437,
            90.017105
        ],
        [
            414.00198,
            247.77515,
            266.5475,
            89.73409,
            -178.71416,
            90.017204
        ],
        [
            414.00317,
            247.77486,
            266.54733,
            89.73413,
            -178.71407,
            90.017105
        ],
        [
            414.00223,
            247.77519,
            266.5468,
            89.73388,
            -178.714,
            90.01721
        ],
        [
            414.00256,
            247.77524,
            266.54752,
            89.733955,
            -178.71375,
            90.01721
        ],
        [
            414.00238,
            247.77534,
            266.54733,
            89.73385,
            -178.7136,
            90.017265
        ],
        [
            414.00272,
            247.77553,
            266.547,
            89.73378,
            -178.71333,
            90.01733
        ],
        [
            414.00223,
            247.77559,
            266.547,
            89.733795,
            -178.71304,
            90.01738
        ],
        [
            414.003,
            247.77534,
            266.54688,
            89.73372,
            -178.7128,
            90.017334
        ],
        [
            414.00287,
            247.77582,
            266.5469,
            89.73371,
            -178.7121,
            90.01744
        ],
        [
            414.00262,
            247.77579,
            266.54706,
            89.73366,
            -178.71182,
            90.01744
        ],
        [
            414.00272,
            247.7757,
            266.54697,
            89.73359,
            -178.71123,
            90.01751
        ],
        [
            414.00333,
            247.77554,
            266.5464,
            89.73343,
            -178.71085,
            90.0174
        ],
        [
            414.00278,
            247.77608,
            266.5463,
            89.733376,
            -178.7107,
            90.01756
        ],
