{
    "CMD": 91,
    "motion_trajectory": [
        [
            448.8773,
            -541.3819,
            267.1003,
            89.97949,
            -178.54967,
            89.950386
        ],
        [
            448.8768,
            -541.38257,
            267.09985,
            89.97943,
            -178.54958,
            89.9503
        ],
        [
            448.8771,
            -541.38275,
            267.10077,
            89.97952,
            -178.54953,
            89.95029
        ],
        [
            448.87698,
            -541.3825,
            267.09998,
            89.97948,
            -178.5496,
            89.95029
        ],
        [
            448.87653,
            -541.3832,
            267.10123,
            89.9795,
            -178.54947,
            89.95026
        ],
        [
            448.8771,
            -541.38275,
            267.10077,
            89.97952,
            -178.54953,
            89.95029
        ],
        [
            448.8773,
            -541.3828,
            267.1014,
            89.97957,
            -178.54951,
            89.95022
        ],
        [
            448.87686,
            -541.3821,
            267.09924,
            89.97947,
            -178.54968,
            89.950386
        ],
        [
            448.87772,
            -541.3824,
            267.10144,
            89.97958,
            -178.54951,
            89.95031
        ],
        [
            448.87735,
            -541.3823,
            267.10016,
            89.97947,
            -178.54959,
            89.9504
        ],
        [
            448.87772,
            -541.38245,
            267.1014,
            89.97957,
            -178.54951,
            89.950264
        ],
        [
            448.8773,
            -541.382,
            267.10025,
            89.97948,
            -178.54967,
            89.95033
        ],
        [
            448.87784,
            -541.3827,
            267.10165,
            89.97959,
            -178.54947,
            89.950264
        ],
        [
            448.87717,
            -541.3825,
            267.1012,
            89.97956,
            -178.54955,
            89.95027
        ],
        [
            448.87726,
            -541.38257,
            267.10202,
            89.979576,
            -178.54955,
            89.950096
        ],
        [
            448.8779,
            -541.38184,
            267.10028,
            89.97946,
            -178.54964,
            89.95021
        ],
        [
            448.87747,
            -541.38214,
            267.10086,
            89.97951,
            -178.54948,
            89.950226
        ],
        [
            448.87808,
            -541.38165,
            267.101,
            89.97957,
            -178.54956,
            89.950294
        ],
        [
            448.87778,
            -541.3822,
            267.10126,
            89.97959,
            -178.54953,
            89.95025
        ],
        [
            448.87778,
            -541.38245,
            267.1018,
            89.979744,
            -178.54953,
            89.950264
        ],
        [
            448.9082,
            -541.3932,
            267.16818,
            89.9879,
            -178.54538,
            89.95172
        ],
        [
            448.9107,
            -541.3993,
            267.2033,
            89.989586,
            -178.54225,
            89.951935
        ],
        [
            448.912,
            -541.39746,
            267.2002,
            89.9899,
            -178.5426,
            89.95255
        ],
        [
            448.907,
            -541.402,
            267.2049,
            89.989426,
            -178.54173,
            89.952126
        ],
        [
            448.90817,
            -541.4007,
            267.20016,
            89.989525,
            -178.54214,
            89.95234
        ],
        [
            448.90906,
            -541.4073,
            267.21326,
            89.990395,
            -178.54202,
            89.95414
        ],
        [
            448.91318,
            -541.4127,
            267.22324,
            89.99158,
            -178.54213,
            89.95513
        ],
        [
            448.91443,
            -541.4128,
            267.22607,
            89.992134,
            -178.54202,
            89.95585
        ],
        [
            448.91443,
            -541.4127,
            267.22562,
            89.992294,
            -178.54218,
            89.956024
        ],
        [
            448.91455,
            -541.4129,
            267.22635,
            89.99217,
            -178.54193,
            89.9559
        ],
        [
            448.91528,
            -541.4121,
            267.2256,
            89.99223,
            -178.5421,
            89.95601
        ],
        [
            448.91483,
            -541.4128,
            267.22617,
            89.99209,
            -178.54185,
            89.955864
        ],
        [
            448.91513,
            -541.4126,
            267.22644,
            89.9922,
            -178.54184,
            89.95588
        ],
        [
            448.91492,
            -541.41235,
            267.2253,
            89.992096,
            -178.54185,
            89.95577
        ],
        [
            448.91507,
            -541.41235,
            267.22482,
            89.992096,
            -178.54187,
            89.95571
        ],
        [
            448.91507,
            -541.4126,
            267.22586,
            89.9921,
            -178.54173,
            89.955605
        ],
        [
            448.91483,
            -541.4123,
            267.22476,
            89.99202,
            -178.5418,
            89.95556
        ],
        [
            448.9145,
            -541.41254,
            267.2239,
            89.99187,
            -178.54167,
            89.95549
        ],
        [
            448.91476,
            -541.4122,
            267.2242,
            89.99194,
            -178.54173,
            89.95534
        ],
        [
            448.91483,
            -541.41284,
            267.22455,
            89.991905,
            -178.54152,
            89.95525
        ],
        [
            448.91516,
            -541.4125,
            267.22476,
            89.99187,
            -178.54152,
            89.9552
        ],
        [
            448.91492,
            -541.41205,
            267.22314,
            89.991776,
            -178.54163,
            89.9552
        ],
        [
            448.91455,
            -541.4125,
            267.22345,
            89.99177,
            -178.5416,
            89.95499
        ],
        [
            448.91452,
            -541.41284,
            267.22412,
            89.991745,
            -178.54144,
            89.95495
        ],
        [
            448.9148,
            -541.4121,
            267.22223,
            89.99168,
            -178.54149,
            89.95505
        ],
        [
            448.91443,
            -541.41266,
            267.2236,
            89.99169,
            -178.54138,
            89.95478
        ],
        [
            448.9146,
            -541.41187,
            267.222,
            89.9916,
            -178.54149,
            89.954834
        ],
        [
            448.9145,
            -541.41223,
            267.22153,
            89.99146,
            -178.54147,
            89.95453
        ],
        [
            448.9146,
            -541.4118,
            267.22174,
            89.991516,
            -178.54146,
            89.954445
        ],
        [
            448.91434,
            -541.41187,
            267.2213,
            89.99141,
            -178.54141,
            89.95436
        ],
        [
            448.9148,
            -541.41113,
            267.22064,
            89.991425,
