{
    "CMD": 90,
    "motion_trajectory": [
        [
            448.68683,
            -598.99084,
            272.09982,
            89.12964,
            -178.60995,
            89.99019
        ],
        [
            448.6874,
            -598.9907,
            272.1007,
            89.129684,
            -178.60988,
            89.990234
        ],
        [
            448.68692,
            -598.9906,
            272.10022,
            89.129684,
            -178.60999,
            89.99018
        ],
        [
            448.68674,
            -598.9906,
            272.10016,
            89.129654,
            -178.61002,
            89.99024
        ],
        [
            448.68674,
            -598.99066,
            272.09955,
            89.129616,
            -178.61006,
            89.99019
        ],
        [
            448.6864,
            -598.99084,
            272.0999,
            89.12955,
            -178.60991,
            89.99021
        ],
        [
            448.687,
            -598.9909,
            272.10107,
            89.12972,
            -178.60991,
            89.99013
        ],
        [
            448.68665,
            -598.99054,
            272.09985,
            89.129616,
            -178.61006,
            89.99019
        ],
        [
            448.6873,
            -598.9902,
            272.09995,
            89.129654,
            -178.61008,
            89.99017
        ],
        [
            448.68655,
            -598.99084,
            272.1,
            89.129585,
            -178.60994,
            89.99015
        ],
        [
            448.68683,
            -598.99097,
            272.1004,
            89.129654,
            -178.60982,
            89.99014
        ],
        [
            448.68723,
            -598.99023,
            272.10016,
            89.129654,
            -178.60995,
            89.99029
        ],
        [
            448.687,
            -598.9899,
            272.09897,
            89.12958,
            -178.61008,
            89.99024
        ],
        [
            448.6876,
            -598.9899,
            272.1004,
            89.12963,
            -178.60991,
            89.99023
        ],
        [
            448.68732,
            -598.9904,
            272.10043,
            89.12968,
            -178.60997,
            89.99029
        ],
        [
            448.68726,
            -598.9901,
            272.0996,
            89.1295,
            -178.60995,
            89.990204
        ],
        [
            448.6743,
            -598.987,
            272.0795,
            89.12624,
            -178.61061,
            89.99063
        ],
        [
            448.67188,
            -598.9865,
            272.07468,
            89.125534,
            -178.61069,
            89.99065
        ],
        [
            448.66956,
            -598.9854,
            272.07498,
            89.12482,
            -178.61029,
            89.99097
        ],
        [
            448.66858,
            -598.98535,
            272.07227,
            89.124626,
            -178.61063,
            89.990875
        ],
        [
            448.66815,
            -598.98486,
            272.07104,
            89.12465,
            -178.61072,
            89.99087
        ],
        [
            448.6696,
            -598.98517,
            272.07544,
            89.124985,
            -178.61038,
            89.990875
        ],
        [
            448.6692,
            -598.9848,
            272.073,
            89.124825,
            -178.61067,
            89.99088
        ],
        [
            448.66937,
            -598.98444,
            272.07117,
            89.12483,
            -178.61089,
            89.99087
        ],
        [
            448.67007,
            -598.9849,
            272.07516,
            89.1251,
            -178.61061,
            89.99084
        ],
        [
            448.66678,
            -598.9859,
            272.07263,
            89.124504,
            -178.61108,
            89.99149
        ],
        [
            448.66223,
            -598.9829,
            272.06934,
            89.123604,
            -178.61452,
            89.99453
        ],
        [
            448.66156,
            -598.98267,
            272.07138,
            89.12371,
            -178.61464,
            89.995026
        ],
        [
            448.6615,
            -598.9821,
            272.06976,
            89.12368,
            -178.61472,
            89.99507
        ],
        [
            448.66055,
            -598.98224,
            272.06897,
            89.12343,
            -178.61469,
            89.99513
        ],
        [
            448.6605,
            -598.9826,
            272.0697,
            89.12341,
            -178.61452,
            89.99509
        ],
        [
            448.66104,
            -598.983,
            272.07047,
            89.123535,
            -178.61444,
            89.99501
        ],
        [
            448.66025,
            -598.98254,
            272.06906,
            89.123474,
            -178.6146,
            89.99507
        ],
        [
            448.66092,
            -598.9828,
            272.06958,
            89.1235,
            -178.61435,
            89.99502
        ],
        [
            448.66055,
            -598.9835,
            272.0704,
            89.12351,
            -178.6141,
            89.994865
        ],
        [
            448.6606,
            -598.98236,
            272.0681,
            89.12338,
            -178.61429,
            89.99492
        ],
        [
            448.661,
            -598.9829,
            272.06992,
            89.1235,
            -178.6141,
            89.9948
        ],
        [
            448.6607,
            -598.98334,
            272.0706,
            89.12355,
            -178.61398,
            89.99469
        ],
        [
            448.6607,
            -598.9835,
            272.06995,
            89.12351,
            -178.6139,
            89.99458
        ],
        [
            448.66058,
            -598.9834,
            272.06848,
            89.123436,
            -178.61392,
            89.99454
        ],
        [
            448.66135,
            -598.9833,
            272.07,
            89.123535,
            -178.61366,
            89.994514
        ],
        [
            448.66077,
            -598.98364,
            272.06967,
            89.12349,
            -178.6137,
            89.99437
        ],
        [
            448.66122,
            -598.9837,
            272.0696,
            89.12344,
            -178.61342,
            89.9942
        ],
        [
            448.66183,
            -598.98376,
            272.06958,
            89.12357,
            -178.61339,
            89.99412
        ],
        [
            448.66177,
            -598.9847,
            272.07062,
            89.12356,
            -178.61313,
            89.99399
        ],
        [
            448.66177,
            -598.9843,
            272.07086,
            89.12356,
            -178.61302,
            89.99397
        ],
        [
            448.6612,
            -598.98444,
            272.07034,
            89.12356,
            -178.61304,
            89.99386
        ],
        [
            448.66193,
            -598.98425,
            272.07043,
            89.123566,
            -178.61288,
            89.993744
        ],
        [
            448.662,
            -598.9847,
            272.0695,
            89.123505,
            -178.61281,
            89.99358
        ],
        [
            448.66208,
            -598.98456,
            272.06985,
            89.12354,
            -178.61273,
            89.99352
        ],
        [
            448.66196,
            -598.9853,
            272.06992,
            89.1236,
