{
    "CMD": 91,
    "motion_trajectory": [
        [
            -275.20792,
            -182.74557,
            667.8629,
            -73.66718,
            87.57485,
            103.87887
        ],
        [
            -275.20782,
            -182.74579,
            667.86346,
            -73.667885,
            87.57497,
            103.8782
        ],
        [
            -275.2078,
            -182.74579,
            667.8631,
            -73.66855,
            87.575035,
            103.87753
        ],
        [
            -275.20825,
            -182.74556,
            667.8632,
            -73.667984,
            87.57508,
            103.87805
        ],
        [
            -275.20798,
            -182.74557,
            667.8637,
            -73.66542,
            87.574936,
            103.880615
        ],
        [
            -275.20764,
            -182.74559,
            667.86334,
            -73.66579,
            87.57489,
            103.88026
        ],
        [
            -275.2081,
            -182.74576,
            667.863,
            -73.67015,
            87.575,
            103.87594
        ],
        [
            -275.20822,
            -182.74556,
            667.863,
            -73.66805,
            87.57491,
            103.878
        ],
        [
            -275.20718,
            -182.74582,
            667.8635,
            -73.66476,
            87.574875,
            103.88133
        ],
        [
            -275.2079,
            -182.74557,
            667.86255,
            -73.67001,
            87.57483,
            103.87604
        ],
        [
            -275.20767,
            -182.74557,
            667.8635,
            -73.66759,
            87.57485,
            103.878456
        ],
        [
            -275.20822,
            -182.74556,
            667.8628,
            -73.669075,
            87.57493,
            103.87697
        ],
        [
            -275.20773,
            -182.7458,
            667.8626,
            -73.66821,
            87.57486,
            103.877884
        ],
        [
            -275.20834,
            -182.74533,
            667.86255,
            -73.67067,
            87.57489,
            103.87533
        ],
        [
            -275.20792,
            -182.74556,
            667.8626,
            -73.67052,
            87.57494,
            103.875534
        ],
        [
            -275.20822,
            -182.74556,
            667.86273,
            -73.6703,
            87.57494,
            103.87574
        ],
        [
            -275.20483,
            -182.75056,
            667.8622,
            -73.67141,
            87.57479,
            103.875694
        ],
        [
            -275.19913,
            -182.75865,
            667.8615,
            -73.67344,
            87.57453,
            103.87537
        ],
        [
            -275.19827,
            -182.75996,
            667.8618,
            -73.67184,
            87.57457,
            103.87723
        ],
        [
            -275.19852,
            -182.75995,
            667.86115,
            -73.67585,
            87.5745,
            103.87322
        ],
        [
            -275.1991,
            -182.75906,
            667.86084,
            -73.67738,
            87.57464,
            103.8715
        ],
        [
            -275.19928,
            -182.75928,
            667.86127,
            -73.67548,
            87.574554,
            103.87344
        ],
        [
            -275.19897,
            -182.75888,
            667.8619,
            -73.67097,
            87.5745,
            103.87788
        ],
        [
            -275.1997,
            -182.75862,
            667.8612,
            -73.67462,
            87.574486,
            103.87418
        ],
        [
            -275.1997,
            -182.7581,
            667.8596,
            -73.68836,
            87.57483,
            103.86037
        ],
        [
            -275.19986,
            -182.75829,
            667.85913,
            -73.692276,
            87.57488,
            103.85651
        ],
        [
            -275.1999,
            -182.7583,
            667.85956,
            -73.689445,
            87.5749,
            103.85934
        ],
        [
            -275.1999,
            -182.75871,
            667.8593,
            -73.69054,
            87.574745,
            103.858345
        ],
        [
            -275.2,
            -182.7585,
            667.85895,
            -73.691864,
            87.574875,
            103.856964
        ],
        [
            -275.20007,
            -182.7585,
            667.85956,
            -73.69074,
            87.574745,
            103.85809
        ],
        [
            -275.20007,
            -182.7585,
            667.8599,
            -73.68755,
            87.57482,
            103.86128
        ],
        [
            -275.1998,
            -182.75851,
            667.86005,
            -73.68812,
            87.57477,
            103.86072
        ],
        [
            -275.2001,
            -182.7585,
            667.8599,
            -73.689354,
            87.57478,
            103.85948
        ],
        [
            -275.1999,
            -182.75871,
            667.8594,
            -73.69075,
            87.574745,
            103.85814
        ],
        [
            -275.20004,
            -182.7585,
            667.8595,
            -73.69017,
            87.5748,
            103.85866
        ],
        [
            -275.19995,
            -182.75873,
            667.8602,
            -73.68627,
            87.5749,
            103.85938
        ],
        [
            -275.2,
            -182.75871,
            667.8605,
            -73.688324,
            87.574776,
            103.86056
        ],
        [
            -275.2003,
            -182.7587,
            667.86035,
            -73.68812,
            87.57477,
            103.86076
        ],
        [
            -275.19995,
            -182.7583,
            667.86053,
            -73.68586,
            87.574745,
            103.86293
        ],
        [
            -275.20013,
            -182.7585,
            667.86066,
            -73.68622,
            87.57469,
            103.86262
        ],
        [
            -275.19992,
            -182.7583,
            667.8603,
            -73.68601,
            87.57469,
            103.86278
        ],
        [
            -275.2001,
            -182.7585,
            667.86005,
            -73.68914,
            87.57478,
            103.85969
        ],
        [
            -275.2004,
            -182.7585,
            667.8604,
            -73.686676,
            87.57475,
            103.86215
        ],
        [
            -275.20013,
            -182.7585,
            667.8605,
            -73.68724,
            87.5747,
            103.86159
        ],
        [
            -275.20038,
            -182.7585,
            667.86005,
            -73.687706,
            87.57477,
            103.86113
        ],
        [
            -275.20013,
            -182.7585,
            667.8605,
            -73.68724,
            87.5747,
            103.86159
        ],
        [
            -275.20007,
            -182.75851,
            667.86,
            -73.68647,
            87.57475,
            103.86236
        ],
        [
            -275.20013,
            -182.75851,
            667.8606,
            -73.68637,
            87.57464,
            103.86246
        ],
        [
            -275.1998,
            -182.75853,
            667.86053,
            -73.68478,
            87.57467,
            103.86405
        ],
        [
            -275.2002,
            -182.7583,
            667.8601,
            -73.6856,
            87.574684,
            103.86319
        ],
        [
            -275.19995,
            -182.75873,
