{
    "CMD": 90,
    "motion_trajectory": [
        [
            448.8362,
            -541.4115,
            267.8506,
            89.969734,
            -178.56003,
            89.95024
        ],
        [
            448.83685,
            -541.4115,
            267.85056,
            89.96976,
            -178.55994,
            89.95029
        ],
        [
            448.83685,
            -541.4116,
            267.85052,
            89.96974,
            -178.55994,
            89.95023
        ],
        [
            448.8374,
            -541.4114,
            267.85138,
            89.9698,
            -178.55997,
            89.950325
        ],
        [
            448.83688,
            -541.41156,
            267.851,
            89.969734,
            -178.55986,
            89.95035
        ],
        [
            448.83685,
            -541.41144,
            267.85062,
            89.96978,
            -178.55994,
            89.95033
        ],
        [
            448.83676,
            -541.41144,
            267.85138,
            89.969765,
            -178.55995,
            89.95023
        ],
        [
            448.83762,
            -541.4107,
            267.85083,
            89.96974,
            -178.55994,
            89.950325
        ],
        [
            448.8374,
            -541.4113,
            267.8514,
            89.969826,
            -178.5599,
            89.95038
        ],
        [
            448.8373,
            -541.4114,
            267.8516,
            89.969765,
            -178.55984,
            89.950226
        ],
        [
            448.8376,
            -541.4113,
            267.85095,
            89.969826,
            -178.55992,
            89.95031
        ],
        [
            448.83694,
            -541.4121,
            267.85147,
            89.969765,
            -178.55978,
            89.95025
        ],
        [
            448.8372,
            -541.411,
            267.8514,
            89.96978,
            -178.55989,
            89.95033
        ],
        [
            448.8378,
            -541.41174,
            267.852,
            89.969894,
            -178.5598,
            89.95031
        ],
        [
            448.8373,
            -541.4114,
            267.85104,
            89.96974,
            -178.55989,
            89.950226
        ],
        [
            448.83774,
            -541.41095,
            267.85162,
            89.96979,
            -178.55984,
            89.950325
        ],
        [
            448.8375,
            -541.4113,
            267.8517,
            89.96981,
            -178.55988,
            89.95021
        ],
        [
            448.83777,
            -541.4115,
            267.85208,
            89.96988,
            -178.55981,
            89.950195
        ],
        [
            448.8375,
            -541.4113,
            267.8517,
            89.96981,
            -178.55983,
            89.95021
        ],
        [
            448.83786,
            -541.41125,
            267.85184,
            89.96979,
            -178.55986,
            89.95027
        ],
        [
            448.83734,
            -541.4104,
            267.85052,
            89.96971,
            -178.55989,
            89.95045
        ],
        [
            448.83786,
            -541.4113,
            267.85126,
            89.96975,
            -178.55974,
            89.950226
        ],
        [
            448.838,
            -541.4112,
            267.85196,
            89.96983,
            -178.55984,
            89.95026
        ],
        [
            448.838,
            -541.41113,
            267.85086,
            89.96979,
            -178.55986,
            89.95026
        ],
        [
            448.8378,
            -541.41095,
            267.85138,
            89.96975,
            -178.55981,
            89.95016
        ],
        [
            448.83658,
            -541.41205,
            267.85397,
            89.970085,
            -178.56096,
            89.95177
        ],
        [
            448.83636,
            -541.4106,
            267.85492,
            89.97047,
            -178.56274,
            89.95315
        ],
        [
            448.83572,
            -541.4098,
            267.85617,
            89.97062,
            -178.56363,
            89.95416
        ],
        [
            448.83517,
            -541.41003,
            267.85605,
            89.970505,
            -178.56345,
            89.95434
        ],
        [
            448.8347,
            -541.4107,
            267.85562,
            89.970436,
            -178.56342,
            89.954254
        ],
        [
            448.83456,
            -541.4113,
            267.85587,
            89.970375,
            -178.56323,
            89.95424
        ],
        [
            448.83502,
            -541.41095,
            267.85587,
            89.970375,
            -178.56317,
            89.954285
        ],
        [
            448.83475,
            -541.41156,
            267.8564,
            89.97038,
            -178.563,
            89.95407
        ],
        [
            448.83472,
            -541.4112,
            267.85535,
            89.97023,
            -178.56297,
            89.9541
        ],
        [
            448.83466,
            -541.41156,
            267.8561,
            89.97033,
            -178.56299,
            89.95397
        ],
        [
            448.83502,
            -541.41174,
            267.85614,
            89.970245,
            -178.5627,
            89.95388
        ],
        [
            448.83527,
            -541.4106,
            267.85495,
            89.97022,
            -178.56288,
            89.953964
        ],
        [
            448.83466,
            -541.41187,
            267.85654,
            89.97029,
            -178.56262,
            89.95382
        ],
        [
            448.8348,
            -541.412,
            267.8566,
            89.9703,
            -178.56259,
            89.9537
        ],
        [
            448.83466,
            -541.4123,
            267.8558,
            89.97018,
            -178.56244,
            89.95357
        ],
        [
            448.83524,
            -541.412,
            267.85645,
            89.97022,
            -178.56232,
            89.953545
        ],
        [
            448.8345,
            -541.41235,
            267.85492,
            89.97008,
            -178.56224,
            89.953415
        ],
        [
            448.8347,
            -541.4124,
            267.85498,
            89.9701,
            -178.56221,
            89.95335
        ],
        [
            448.8353,
            -541.41223,
            267.8556,
            89.97013,
            -178.56204,
            89.95328
        ],
        [
            448.83542,
            -541.4126,
            267.85577,
            89.970116,
            -178.56189,
            89.95317
        ],
        [
            448.83524,
            -541.41296,
            267.85556,
            89.97002,
            -178.5617,
            89.95304
        ],
        [
            448.8354,
            -541.41296,
            267.85507,
            89.97002,
            -178.5617,
            89.95297
        ],
        [
            448.83475,
            -541.4138,
            267.85504,
            89.96991,
            -178.56136,
            89.95286
        ],
        [
            448.83514,
            -541.4133,
            267.85562,
            89.9699,
            -178.56122,
            89.952736
        ],
        [
            448.83508,
            -541.414,
            267.8557,
            89.96997,
            -178.5611,
            89.952675
        ],
        [
            448.83548,
            -541.4138,
            267.85565,
            89.96988,
