{
    "CMD": 90,
    "motion_trajectory": [
        [
            448.68613,
            -598.9924,
            272.1006,
            89.129814,
            -178.61006,
            89.99008
        ],
        [
            448.68658,
            -598.9918,
            272.1001,
            89.12979,
            -178.61021,
            89.99001
        ],
        [
            448.68655,
            -598.99176,
            272.09952,
            89.12977,
            -178.61026,
            89.99001
        ],
        [
            448.6862,
            -598.99225,
            272.1004,
            89.12982,
            -178.61012,
            89.98997
        ],
        [
            448.68646,
            -598.9914,
            272.09985,
            89.12979,
            -178.6102,
            89.99012
        ],
        [
            448.68668,
            -598.992,
            272.10095,
            89.12984,
            -178.61008,
            89.99001
        ],
        [
            448.6861,
            -598.99207,
            272.1007,
            89.12982,
            -178.61017,
            89.99001
        ],
        [
            448.68658,
            -598.9918,
            272.10068,
            89.129814,
            -178.61012,
            89.99001
        ],
        [
            448.6865,
            -598.99164,
            272.1004,
            89.12979,
            -178.61015,
            89.99001
        ],
        [
            448.6864,
            -598.99194,
            272.09998,
            89.12974,
            -178.61008,
            89.98997
        ],
        [
            448.6864,
            -598.9919,
            272.1006,
            89.12977,
            -178.61005,
            89.99002
        ],
        [
            448.6865,
            -598.99176,
            272.10095,
            89.12982,
            -178.61012,
            89.990105
        ],
        [
            448.68665,
            -598.9915,
            272.0999,
            89.129814,
            -178.61023,
            89.99
        ],
        [
            448.68637,
            -598.9911,
            272.1006,
            89.129776,
            -178.61005,
            89.990166
        ],
        [
            448.68695,
            -598.9913,
            272.1004,
            89.12979,
            -178.61015,
            89.99006
        ],
        [
            448.6868,
            -598.9913,
            272.1003,
            89.12975,
            -178.61008,
            89.99012
        ],
        [
            448.6857,
            -598.9913,
            272.0983,
            89.129295,
            -178.61,
            89.99015
        ],
        [
            448.6793,
            -598.9897,
            272.09045,
            89.12777,
            -178.6102,
            89.99045
        ],
        [
            448.6761,
            -598.9877,
            272.08426,
            89.126785,
            -178.61044,
            89.99055
        ],
        [
            448.6758,
            -598.9884,
            272.0848,
            89.12683,
            -178.61037,
            89.9905
        ],
        [
            448.67584,
            -598.9884,
            272.086,
            89.12688,
            -178.61023,
            89.9905
        ],
        [
            448.67538,
            -598.9876,
            272.08252,
            89.1267,
            -178.6106,
            89.9905
        ],
        [
            448.67618,
            -598.98724,
            272.08472,
            89.126854,
            -178.61041,
            89.99064
        ],
        [
            448.6765,
            -598.98773,
            272.08475,
            89.1269,
            -178.6105,
            89.990524
        ],
        [
            448.67578,
            -598.988,
            272.08496,
            89.126854,
            -178.61043,
            89.990486
        ],
        [
            448.6765,
            -598.9868,
            272.08203,
            89.126724,
            -178.61067,
            89.99058
        ],
        [
            448.67593,
            -598.98785,
            272.08386,
            89.12686,
            -178.61047,
            89.99048
        ],
        [
            448.67694,
            -598.9875,
            272.08496,
            89.126884,
            -178.61044,
            89.99063
        ],
        [
            448.66812,
            -598.98615,
            272.08035,
            89.12543,
            -178.61139,
            89.9941
        ],
        [
            448.66595,
            -598.98535,
            272.07938,
            89.12501,
            -178.61151,
            89.99515
        ],
        [
            448.6656,
            -598.9849,
            272.0807,
            89.12503,
            -178.61137,
            89.99565
        ],
        [
            448.66534,
            -598.9845,
            272.08093,
            89.12504,
            -178.61145,
            89.99604
        ],
        [
            448.66562,
            -598.98376,
            272.07977,
            89.12498,
            -178.61157,
            89.99609
        ],
        [
            448.66467,
            -598.9841,
            272.0787,
            89.12484,
            -178.61154,
            89.99607
        ],
        [
            448.66507,
            -598.9846,
            272.07993,
            89.12493,
            -178.61151,
            89.99595
        ],
        [
            448.66513,
            -598.9843,
            272.07974,
            89.124954,
            -178.61162,
            89.99594
        ],
        [
            448.66498,
            -598.9845,
            272.0802,
            89.124916,
            -178.61145,
            89.995895
        ],
        [
            448.66516,
            -598.9847,
            272.08084,
            89.12496,
            -178.61143,
            89.99578
        ],
        [
            448.6646,
            -598.98553,
            272.08038,
            89.124886,
            -178.6114,
            89.99559
        ],
        [
            448.66568,
            -598.98535,
            272.08032,
            89.125,
            -178.61137,
            89.99549
        ],
        [
            448.6654,
            -598.98566,
            272.08044,
            89.12491,
            -178.61134,
            89.99529
        ],
        [
            448.6661,
            -598.98535,
            272.0797,
            89.124916,
            -178.61142,
            89.99511
        ],
        [
            448.66632,
            -598.98596,
            272.0814,
            89.12498,
            -178.61125,
            89.995
        ],
        [
            448.66653,
            -598.9859,
            272.08008,
            89.12497,
            -178.61131,
            89.99482
        ],
        [
            448.66595,
            -598.98645,
            272.0797,
            89.12491,
            -178.6113,
            89.99457
        ],
        [
            448.66595,
            -598.9868,
            272.07846,
            89.12482,
            -178.61131,
            89.994354
        ],
        [
            448.66614,
            -598.9872,
            272.07965,
            89.12486,
            -178.6112,
            89.99413
        ],
        [
            448.66675,
            -598.98694,
            272.07913,
            89.12486,
            -178.61127,
            89.99406
        ],
        [
            448.6672,
            -598.9872,
            272.0796,
            89.124954,
            -178.61122,
            89.993935
        ],
        [
            448.66653,
            -598.9875,
            272.07953,
            89.1249,
            -178.6112,
            89.99373
        ],
        [
            448.66727,
            -598.98755,
            272.07986,
            89.12494,
            -178.61108,
