{
    "CMD": 91,
    "motion_trajectory": [
        [
            447.97702,
            -656.3737,
            267.9341,
            89.97975,
            -178.50948,
            90.00004
        ],
        [
            447.97702,
            -656.37286,
            267.93402,
            89.979836,
            -178.50963,
            90.00018
        ],
        [
            447.9765,
            -656.3734,
            267.93338,
            89.979805,
            -178.50955,
            90.00003
        ],
        [
            447.97696,
            -656.3728,
            267.93372,
            89.97981,
            -178.50955,
            90.00013
        ],
        [
            447.9764,
            -656.3731,
            267.93307,
            89.97979,
            -178.50964,
            90.000084
        ],
        [
            447.97678,
            -656.37286,
            267.93362,
            89.97976,
            -178.50954,
            90.00014
        ],
        [
            447.97635,
            -656.3732,
            267.93402,
            89.9798,
            -178.50961,
            89.99998
        ],
        [
            447.97626,
            -656.37335,
            267.9336,
            89.97976,
            -178.50964,
            90.00004
        ],
        [
            447.97678,
            -656.3725,
            267.9331,
            89.97977,
            -178.50975,
            90.00013
        ],
        [
            447.97696,
            -656.3728,
            267.93372,
            89.97981,
            -178.50966,
            90.00013
        ],
        [
            447.9764,
            -656.3732,
            267.93307,
            89.97978,
            -178.50964,
            90.00003
        ],
        [
            447.97635,
            -656.3731,
            267.93402,
            89.979805,
            -178.50966,
            90.00003
        ],
        [
            447.9771,
            -656.37305,
            267.93378,
            89.97984,
            -178.50963,
            89.99996
        ],
        [
            447.9774,
            -656.3725,
            267.93338,
            89.97978,
            -178.50964,
            90.00007
        ],
        [
            447.97748,
            -656.37213,
            267.9332,
            89.97981,
            -178.50966,
            90.000114
        ],
        [
            447.97763,
            -656.37225,
            267.9333,
            89.97985,
            -178.50974,
            90.0
        ],
        [
            447.97687,
            -656.37274,
            267.9334,
            89.97978,
            -178.5096,
            90.00008
        ],
        [
            447.97696,
            -656.3726,
            267.9332,
            89.979805,
            -178.50961,
            90.000015
        ],
        [
            447.97696,
            -656.3726,
            267.9332,
            89.979805,
            -178.50972,
            90.000015
        ],
        [
            447.97748,
            -656.37213,
            267.9332,
            89.97981,
            -178.50972,
            90.000114
        ],
        [
            447.97748,
            -656.3717,
            267.93207,
            89.9798,
            -178.50981,
            90.000114
        ],
        [
            447.97766,
            -656.3721,
            267.93393,
            89.97988,
            -178.50964,
            90.00011
        ],
        [
            447.97766,
            -656.3719,
            267.93338,
            89.97988,
            -178.50975,
            89.99999
        ],
        [
            447.9767,
            -656.37213,
            267.9329,
            89.97977,
            -178.50974,
            90.000015
        ],
        [
            447.97803,
            -656.37177,
            267.9339,
            89.97984,
            -178.50969,
            89.99999
        ],
        [
            447.9781,
            -656.37134,
            267.93246,
            89.979836,
            -178.50983,
            90.000046
        ],
        [
            447.97485,
            -656.37146,
            267.93213,
            89.97916,
            -178.51086,
            90.001335
        ],
        [
            447.97037,
            -656.3729,
            267.93073,
            89.97808,
            -178.51213,
            90.00213
        ],
        [
            447.96832,
            -656.37335,
            267.92874,
            89.97764,
            -178.51222,
            90.002235
        ],
        [
            447.96774,
            -656.37317,
            267.92725,
            89.97731,
            -178.5122,
            90.00237
        ],
        [
            447.96725,
            -656.3738,
            267.92783,
            89.977325,
            -178.51205,
            90.00222
        ],
        [
            447.96716,
            -656.3739,
            267.92807,
            89.9773,
            -178.51193,
            90.00227
        ],
        [
            447.96777,
            -656.37317,
            267.92786,
            89.97733,
            -178.51195,
            90.00237
        ],
        [
            447.9675,
            -656.37366,
            267.92825,
            89.9774,
            -178.51193,
            90.00232
        ],
        [
            447.9674,
            -656.3735,
            267.92795,
            89.97738,
            -178.51186,
            90.00232
        ],
        [
            447.96735,
            -656.37384,
            267.92877,
            89.97737,
            -178.5117,
            90.00227
        ],
        [
            447.96817,
            -656.3736,
            267.9277,
            89.97741,
            -178.51183,
            90.002144
        ],
        [
            447.9681,
            -656.3734,
            267.928,
            89.97741,
            -178.51178,
            90.002144
        ],
        [
            447.9682,
            -656.3733,
            267.9278,
            89.97743,
            -178.51173,
            90.00208
        ],
        [
            447.96793,
            -656.37384,
            267.9282,
            89.9775,
            -178.51161,
            90.001976
        ],
        [
            447.96783,
            -656.374,
            267.92905,
            89.97749,
            -178.5114,
            90.00204
        ],
        [
            447.96912,
            -656.3729,
            267.92767,
            89.97753,
            -178.51163,
            90.00212
        ],
        [
            447.9687,
            -656.3737,
            267.9292,
            89.977585,
            -178.51144,
            90.00196
        ],
        [
            447.96887,
            -656.3737,
            267.92868,
            89.97761,
            -178.5114,
            90.00191
        ],
        [
            447.96896,
            -656.3733,
            267.9291,
            89.97766,
            -178.51147,
            90.00201
        ],
        [
            447.96896,
            -656.37396,
            267.9296,
            89.97764,
            -178.51132,
            90.00185
        ],
        [
            447.96817,
            -656.3739,
            267.92804,
            89.977554,
            -178.51137,
            90.001755
        ],
        [
            447.96902,
            -656.3737,
            267.92938,
            89.97767,
            -178.51128,
            90.00185
        ],
        [
            447.96912,
            -656.3736,
            267.92856,
            89.97767,
            -178.51132,
            90.001785
        ],
        [
            447.9693,
            -656.37354,
            267.9299,
            89.97776,
            -178.51111,
            90.00178
        ],
        [
            447.96893,
            -656.3738,
            267.92874,
            89.97777,
