{
    "CMD": 90,
    "motion_trajectory": [
        [
            448.83835,
            -541.4131,
            267.85413,
            89.96991,
            -178.5592,
            89.95054
        ],
        [
            448.83795,
            -541.4132,
            267.85397,
            89.96993,
            -178.55927,
            89.95048
        ],
        [
            448.83762,
            -541.41327,
            267.8532,
            89.96982,
            -178.5592,
            89.950516
        ],
        [
            448.83765,
            -541.4134,
            267.85425,
            89.96984,
            -178.55913,
            89.95046
        ],
        [
            448.8383,
            -541.41266,
            267.85373,
            89.96991,
            -178.55937,
            89.95052
        ],
        [
            448.8381,
            -541.4127,
            267.8536,
            89.969864,
            -178.55928,
            89.95054
        ],
        [
            448.83755,
            -541.41284,
            267.85333,
            89.96984,
            -178.55927,
            89.95049
        ],
        [
            448.83795,
            -541.41327,
            267.85394,
            89.96991,
            -178.55933,
            89.950424
        ],
        [
            448.8375,
            -541.4131,
            267.85294,
            89.969795,
            -178.55925,
            89.950516
        ],
        [
            448.8377,
            -541.41266,
            267.85294,
            89.96988,
            -178.55945,
            89.95053
        ],
        [
            448.83817,
            -541.4124,
            267.85345,
            89.96989,
            -178.5594,
            89.95052
        ],
        [
            448.83762,
            -541.41266,
            267.85315,
            89.96984,
            -178.55939,
            89.95043
        ],
        [
            448.83786,
            -541.41235,
            267.8525,
            89.96978,
            -178.55946,
            89.95049
        ],
        [
            448.83762,
            -541.41266,
            267.85315,
            89.96984,
            -178.55939,
            89.95043
        ],
        [
            448.8375,
            -541.4126,
            267.85287,
            89.9698,
            -178.55943,
            89.95038
        ],
        [
            448.83807,
            -541.4121,
            267.8519,
            89.9698,
            -178.55954,
            89.95041
        ],
        [
            448.8374,
            -541.4124,
            267.85315,
            89.9698,
            -178.55943,
            89.95038
        ],
        [
            448.8375,
            -541.4125,
            267.8529,
            89.96982,
            -178.55948,
            89.95043
        ],
        [
            448.83798,
            -541.4121,
            267.8521,
            89.969765,
            -178.55948,
            89.95031
        ],
        [
            448.83755,
            -541.4123,
            267.85217,
            89.9698,
            -178.55959,
            89.95036
        ],
        [
            448.83798,
            -541.412,
            267.85126,
            89.9697,
            -178.55962,
            89.95026
        ],
        [
            448.8382,
            -541.4115,
            267.8521,
            89.96973,
            -178.55963,
            89.9503
        ],
        [
            448.83786,
            -541.41205,
            267.8518,
            89.96973,
            -178.55957,
            89.95026
        ],
        [
            448.83652,
            -541.41156,
            267.85132,
            89.96972,
            -178.5605,
            89.95103
        ],
        [
            448.8352,
            -541.41174,
            267.85114,
            89.969604,
            -178.56276,
            89.95144
        ],
        [
            448.83524,
            -541.4114,
            267.85184,
            89.969696,
            -178.56409,
            89.95164
        ],
        [
            448.83447,
            -541.4114,
            267.85178,
            89.9697,
            -178.56638,
            89.95188
        ],
        [
            448.834,
            -541.4114,
            267.85126,
            89.969574,
            -178.5664,
            89.951866
        ],
        [
            448.83395,
            -541.41144,
            267.85092,
            89.96957,
            -178.56618,
            89.95199
        ],
        [
            448.83426,
            -541.41095,
            267.85062,
            89.96952,
            -178.5661,
            89.95198
        ],
        [
            448.83395,
            -541.4115,
            267.8509,
            89.96954,
            -178.5658,
            89.951935
        ],
        [
            448.83414,
            -541.4114,
            267.85104,
            89.96961,
            -178.5657,
            89.951965
        ],
        [
            448.83383,
            -541.4113,
            267.85062,
            89.96952,
            -178.56555,
            89.951935
        ],
        [
            448.83395,
            -541.41144,
            267.85147,
            89.96959,
            -178.5652,
            89.95199
        ],
        [
            448.83395,
            -541.4116,
            267.8514,
            89.96955,
            -178.56499,
            89.95188
        ],
        [
            448.83368,
            -541.4117,
            267.8504,
            89.96942,
            -178.56471,
            89.951805
        ],
        [
            448.83423,
            -541.4119,
            267.85117,
            89.96956,
            -178.56447,
            89.95177
        ],
        [
            448.834,
            -541.41144,
            267.85068,
            89.96953,
            -178.56401,
            89.95182
        ],
        [
            448.83353,
            -541.4122,
            267.85077,
            89.96949,
            -178.5635,
            89.95174
        ],
        [
            448.83426,
            -541.412,
            267.8517,
            89.96958,
            -178.5628,
            89.95177
        ],
        [
            448.83383,
            -541.4117,
            267.8505,
            89.969444,
            -178.56267,
            89.95174
        ],
        [
            448.8341,
            -541.4122,
            267.8521,
            89.969536,
            -178.5616,
            89.95173
        ],
        [
            448.83414,
            -541.41187,
            267.85086,
            89.96951,
            -178.56125,
            89.95171
        ],
        [
            448.83414,
            -541.41205,
            267.85135,
            89.9695,
            -178.56006,
            89.951614
        ],
        [
            448.83395,
            -541.4121,
            267.85068,
            89.96943,
            -178.55975,
            89.95164
        ],
        [
            448.83414,
            -541.4122,
            267.85132,
            89.96948,
            -178.55974,
            89.95157
        ],
        [
            448.83417,
            -541.4118,
            267.85065,
            89.9695,
            -178.55974,
            89.9516
        ],
        [
            448.83405,
            -541.41205,
            267.85156,
            89.96946,
            -178.55952,
            89.951515
        ],
        [
            448.83426,
            -541.4116,
            267.85037,
            89.96939,
            -178.55957,
            89.95163
        ],
        [
            448.83484,
            -541.4121,
            267.85162,
            89.96951,
            -178.55934,
            89.95149
        ],
        [
            448.834,
            -541.4122,
            267.85098,
            89.96942,
            -178.5594,
