{
    "CMD": 91,
    "motion_trajectory": [
        [
            448.68704,
            -598.9931,
            272.10422,
            89.129845,
            -178.6095,
            89.99021
        ],
        [
            448.68723,
            -598.9931,
            272.10492,
            89.12991,
            -178.60954,
            89.990204
        ],
        [
            448.6871,
            -598.993,
            272.10403,
            89.12985,
            -178.60962,
            89.99015
        ],
        [
            448.68713,
            -598.993,
            272.1046,
            89.129875,
            -178.60953,
            89.99015
        ],
        [
            448.68768,
            -598.99274,
            272.10492,
            89.12991,
            -178.60944,
            89.99025
        ],
        [
            448.6873,
            -598.9929,
            272.10413,
            89.129906,
            -178.60959,
            89.990135
        ],
        [
            448.68768,
            -598.9926,
            272.10434,
            89.1299,
            -178.60953,
            89.9903
        ],
        [
            448.68835,
            -598.99243,
            272.1056,
            89.12997,
            -178.60942,
            89.99023
        ],
        [
            448.68777,
            -598.993,
            272.10458,
            89.1299,
            -178.60944,
            89.9902
        ],
        [
            448.68777,
            -598.99286,
            272.1046,
            89.12991,
            -178.60948,
            89.99025
        ],
        [
            448.68787,
            -598.99274,
            272.105,
            89.129944,
            -178.60951,
            89.99018
        ],
        [
            448.68796,
            -598.9929,
            272.1047,
            89.129944,
            -178.60951,
            89.99018
        ],
        [
            448.68777,
            -598.9928,
            272.10464,
            89.12992,
            -178.60948,
            89.9903
        ],
        [
            448.6885,
            -598.9923,
            272.1051,
            89.12999,
            -178.60954,
            89.99022
        ],
        [
            448.68796,
            -598.9929,
            272.1047,
            89.129944,
            -178.60945,
            89.99018
        ],
        [
            448.68823,
            -598.9921,
            272.10416,
            89.12991,
            -178.60954,
            89.99028
        ],
        [
            448.68802,
            -598.9927,
            272.1051,
            89.12999,
            -178.60948,
            89.99017
        ],
        [
            448.6885,
            -598.9923,
            272.10452,
            89.129974,
            -178.60953,
            89.99022
        ],
        [
            448.6887,
            -598.9927,
            272.1045,
            89.12999,
            -178.60938,
            89.99022
        ],
        [
            448.69394,
            -598.997,
            272.12387,
            89.13176,
            -178.60811,
            89.990005
        ],
        [
            448.69537,
            -598.9967,
            272.1246,
            89.13201,
            -178.60814,
            89.99011
        ],
        [
            448.6964,
            -598.99585,
            272.12415,
            89.13216,
            -178.60832,
            89.99011
        ],
        [
            448.695,
            -598.99713,
            272.12573,
            89.131935,
            -178.60788,
            89.99016
        ],
        [
            448.6963,
            -598.9963,
            272.12512,
            89.13214,
            -178.60815,
            89.99019
        ],
        [
            448.69495,
            -598.99744,
            272.1335,
            89.13273,
            -178.60907,
            89.99363
        ],
        [
            448.69653,
            -598.9976,
            272.1386,
            89.13339,
            -178.60916,
            89.995094
        ],
        [
            448.6975,
            -598.997,
            272.1408,
            89.13382,
            -178.60915,
            89.99613
        ],
        [
            448.69766,
            -598.99805,
            272.1426,
            89.13386,
            -178.60886,
            89.996155
        ],
        [
            448.69815,
            -598.9976,
            272.14264,
            89.133865,
            -178.6088,
            89.996254
        ],
        [
            448.69778,
            -598.99835,
            272.14346,
            89.13389,
            -178.60872,
            89.9961
        ],
        [
            448.69754,
            -598.99896,
            272.1435,
            89.13378,
            -178.60863,
            89.995964
        ],
        [
            448.69766,
            -598.99866,
            272.1419,
            89.133766,
            -178.60878,
            89.99584
        ],
        [
            448.69772,
            -598.99866,
            272.14166,
            89.13376,
            -178.60873,
            89.99567
        ],
        [
            448.6978,
            -598.9991,
            272.1419,
            89.13376,
            -178.60869,
            89.99557
        ],
        [
            448.69775,
            -598.9991,
            272.14276,
            89.13376,
            -178.6086,
            89.99546
        ],
        [
            448.69785,
            -598.9996,
            272.1424,
            89.13372,
            -178.60854,
            89.9953
        ],
        [
            448.6979,
            -598.9996,
            272.14154,
            89.13369,
            -178.60858,
            89.99513
        ],
        [
            448.69727,
            -599.0004,
            272.14197,
            89.13362,
            -178.60841,
            89.99489
        ],
        [
            448.6979,
            -599.00024,
            272.1426,
            89.13367,
            -178.6084,
            89.99481
        ],
        [
            448.69757,
            -599.00116,
            272.14224,
            89.133484,
            -178.60823,
            89.994415
        ],
        [
            448.69818,
            -599.0005,
            272.14124,
            89.13349,
            -178.60844,
            89.99433
        ],
        [
            448.6977,
            -599.00146,
            272.1417,
            89.133446,
            -178.60818,
            89.99397
        ],
        [
            448.6977,
            -599.00183,
            272.1416,
            89.1334,
            -178.60818,
            89.99376
        ],
        [
            448.69797,
            -599.0016,
            272.14035,
            89.13328,
            -178.60825,
            89.993546
        ],
        [
            448.6976,
            -599.00256,
            272.14114,
            89.13327,
            -178.60811,
            89.993286
        ],
        [
            448.6974,
            -599.0027,
            272.14047,
            89.13317,
            -178.60808,
            89.99303
        ],
        [
            448.69742,
            -599.003,
            272.141,
            89.13316,
            -178.60799,
            89.99287
        ],
        [
            448.69766,
            -599.0035,
            272.14072,
            89.13316,
            -178.60794,
            89.992645
        ],
        [
            448.69785,
            -599.003,
            272.13977,
            89.13305,
            -178.60796,
            89.992485
        ],
        [
            448.69864,
            -599.00256,
            272.13937,
            89.13311,
            -178.60794,
            89.992455
        ],
        [
            448.6979,
            -599.0036,
            272.1388,
            89.13297,
            -178.60794,
