{
    "CMD": 90,
    "motion_trajectory": [
        [
            -275.49088,
            -183.70624,
            701.1388,
            -71.97395,
            88.41405,
            105.35075
        ],
        [
            -275.49088,
            -183.70628,
            701.1386,
            -71.97226,
            88.41386,
            105.3525
        ],
        [
            -275.49088,
            -183.70628,
            701.139,
            -71.97129,
            88.413795,
            105.35346
        ],
        [
            -275.49103,
            -183.70604,
            701.13794,
            -71.977295,
            88.4139,
            105.34742
        ],
        [
            -275.491,
            -183.70605,
            701.13837,
            -71.97199,
            88.41386,
            105.352715
        ],
        [
            -275.49115,
            -183.70586,
            701.139,
            -71.97129,
            88.413795,
            105.35337
        ],
        [
            -275.49164,
            -183.70609,
            701.1385,
            -71.97255,
            88.4138,
            105.352165
        ],
        [
            -275.49115,
            -183.70631,
            701.1376,
            -71.97569,
            88.413826,
            105.34907
        ],
        [
            -275.4913,
            -183.70607,
            701.13806,
            -71.972885,
            88.41375,
            105.351814
        ],
        [
            -275.49094,
            -183.70616,
            701.13837,
            -71.96902,
            88.413605,
            105.35569
        ],
        [
            -275.49127,
            -183.70616,
            701.1385,
            -71.96841,
            88.41366,
            105.3563
        ],
        [
            -275.4912,
            -183.70618,
            701.1382,
            -71.96747,
            88.41353,
            105.35722
        ],
        [
            -275.49155,
            -183.70613,
            701.1377,
            -71.9725,
            88.413574,
            105.352196
        ],
        [
            -275.4912,
            -183.70618,
            701.1382,
            -71.96747,
            88.41353,
            105.35722
        ],
        [
            -275.4914,
            -183.70638,
            701.13794,
            -71.96843,
            88.4136,
            105.35631
        ],
        [
            -275.4929,
            -183.70712,
            701.12054,
            -72.07096,
            88.413956,
            105.25406
        ],
        [
            -275.4997,
            -183.70766,
            701.09656,
            -72.192215,
            88.4141,
            105.13297
        ],
        [
            -275.49777,
            -183.70773,
            701.0974,
            -72.18425,
            88.413864,
            105.14093
        ],
        [
            -275.49905,
            -183.70816,
            701.094,
            -72.20115,
            88.41372,
            105.12412
        ],
        [
            -275.49817,
            -183.7081,
            701.09644,
            -72.1853,
            88.413704,
            105.13993
        ],
        [
            -275.49777,
            -183.70822,
            701.0947,
            -72.192955,
            88.41366,
            105.1323
        ],
        [
            -275.49872,
            -183.70818,
            701.09454,
            -72.19427,
            88.413666,
            105.13099
        ],
        [
            -275.49844,
            -183.70816,
            701.0956,
            -72.190834,
            88.4137,
            105.134415
        ],
        [
            -275.4981,
            -183.7082,
            701.09564,
            -72.18981,
            88.41363,
            105.13545
        ],
        [
            -275.4976,
            -183.70853,
            701.0956,
            -72.187485,
            88.4135,
            105.13782
        ],
        [
            -275.49713,
            -183.71254,
            701.0794,
            -72.274254,
            88.410934,
            105.05189
        ],
        [
            -275.49673,
            -183.71425,
            701.07166,
            -72.30602,
            88.40918,
            105.02039
        ],
        [
            -275.49597,
            -183.71509,
            701.0711,
            -72.30564,
            88.40873,
            105.02093
        ],
        [
            -275.49658,
            -183.71463,
            701.07056,
            -72.31191,
            88.40884,
            105.01458
        ],
        [
            -275.49686,
            -183.71472,
            701.0696,
            -72.31613,
            88.40876,
            105.010376
        ],
        [
            -275.49692,
            -183.71455,
            701.0706,
            -72.311104,
            88.40888,
            105.015366
        ],
        [
            -275.4968,
            -183.71426,
            701.0711,
            -72.3091,
            88.409096,
            105.01733
        ],
        [
            -275.4963,
            -183.71451,
            701.0705,
            -72.31116,
            88.40888,
            105.015305
        ],
        [
            -275.49695,
            -183.71446,
            701.07025,
            -72.31063,
            88.40888,
            105.015816
        ],
        [
            -275.49667,
            -183.71439,
            701.0711,
            -72.30824,
            88.40897,
            105.018196
        ],
        [
            -275.49652,
            -183.71457,
            701.0709,
            -72.30674,
            88.408905,
            105.01973
        ],
        [
            -275.4969,
            -183.71399,
            701.0715,
            -72.30452,
            88.40911,
            105.021835
        ],
        [
            -275.49725,
            -183.71388,
            701.0723,
            -72.30247,
            88.40915,
            105.02387
        ],
        [
            -275.49716,
            -183.71402,
            701.07227,
            -72.30479,
            88.40928,
            105.02159
        ],
        [
            -275.49728,
            -183.71376,
            701.07245,
            -72.30112,
            88.40925,
            105.0252
        ],
        [
            -275.49744,
            -183.71405,
            701.07196,
            -72.30506,
            88.409225,
            105.02132
        ],
        [
            -275.49704,
            -183.71364,
            701.0731,
            -72.300354,
            88.409355,
            105.02595
        ],
        [
            -275.49728,
            -183.71373,
            701.0737,
            -72.29743,
            88.40944,
            105.028885
        ],
        [
            -275.4971,
            -183.71347,
            701.0737,
            -72.29689,
            88.40949,
            105.02937
        ],
        [
            -275.49698,
            -183.71364,
            701.07355,
            -72.29792,
            88.40956,
            105.02838
        ],
        [
            -275.49738,
            -183.71347,
            701.0747,
            -72.29349,
            88.40963,
            105.03278
        ],
        [
            -275.49747,
            -183.71327,
            701.07544,
            -72.29013,
            88.40994,
            105.03612
        ],
        [
            -275.49768,
            -183.71294,
            701.0759,
            -72.289,
            88.409874,
            105.03718
        ],
        [
            -275.49744,
            -183.7128,
            701.0769,
            -72.28547,
            88.41007,
            105.04069
        ],
        [
            -275.49768,
            -183.71277,
            701.0774,
            -72.28153,
            88.41021,
            105.04462
        ],
        [
            -275.4977,
