{
    "CMD": 91,
    "motion_trajectory": [
        [
            -275.20737,
            -182.74603,
            667.8635,
            -73.66512,
            87.57482,
            103.88101
        ],
        [
            -275.20755,
            -182.7458,
            667.86395,
            -73.66532,
            87.57482,
            103.88076
        ],
        [
            -275.20718,
            -182.74582,
            667.8633,
            -73.66672,
            87.57478,
            103.87937
        ],
        [
            -275.20706,
            -182.74603,
            667.86365,
            -73.66569,
            87.574776,
            103.88045
        ],
        [
            -275.20737,
            -182.74602,
            667.8634,
            -73.66636,
            87.57484,
            103.87978
        ],
        [
            -275.20743,
            -182.7458,
            667.8624,
            -73.67037,
            87.574776,
            103.875725
        ],
        [
            -275.20746,
            -182.7458,
            667.8628,
            -73.66964,
            87.574875,
            103.87645
        ],
        [
            -275.20764,
            -182.74557,
            667.86316,
            -73.66861,
            87.57487,
            103.877426
        ],
        [
            -275.20776,
            -182.74579,
            667.8629,
            -73.66928,
            87.57493,
            103.87681
        ],
        [
            -275.20718,
            -182.74582,
            667.86334,
            -73.66519,
            87.57465,
            103.88091
        ],
        [
            -275.2075,
            -182.7458,
            667.86334,
            -73.665855,
            87.574715,
            103.88025
        ],
        [
            -275.2073,
            -182.74602,
            667.8628,
            -73.66898,
            87.574814,
            103.87716
        ],
        [
            -275.2079,
            -182.74557,
            667.86255,
            -73.67037,
            87.574776,
            103.87568
        ],
        [
            -275.2075,
            -182.7458,
            667.8634,
            -73.66672,
            87.57478,
            103.87937
        ],
        [
            -275.2079,
            -182.74557,
            667.86255,
            -73.67073,
            87.57472,
            103.87532
        ],
        [
            -275.2078,
            -182.74577,
            667.863,
            -73.67021,
            87.57483,
            103.87588
        ],
        [
            -275.21112,
            -182.7401,
            667.8608,
            -73.68027,
            87.57518,
            103.86464
        ],
        [
            -275.21582,
            -182.73456,
            667.8586,
            -73.692894,
            87.575455,
            103.85086
        ],
        [
            -275.21524,
            -182.73439,
            667.8575,
            -73.69409,
            87.57541,
            103.84963
        ],
        [
            -275.21558,
            -182.73436,
            667.8576,
            -73.69618,
            87.57549,
            103.84753
        ],
        [
            -275.21527,
            -182.7348,
            667.8574,
            -73.696915,
            87.57539,
            103.8469
        ],
        [
            -275.21536,
            -182.73459,
            667.8567,
            -73.69795,
            87.5754,
            103.845825
        ],
        [
            -275.21548,
            -182.735,
            667.8579,
            -73.695526,
            87.57543,
            103.848335
        ],
        [
            -275.21512,
            -182.73503,
            667.8574,
            -73.69482,
            87.57531,
            103.84905
        ],
        [
            -275.21503,
            -182.73523,
            667.8579,
            -73.69486,
            87.57536,
            103.849045
        ],
        [
            -275.21588,
            -182.7347,
            667.85596,
            -73.70737,
            87.57592,
            103.836464
        ],
        [
            -275.21652,
            -182.73413,
            667.854,
            -73.72892,
            87.57664,
            103.81478
        ],
        [
            -275.21622,
            -182.73415,
            667.8541,
            -73.72847,
            87.57658,
            103.81524
        ],
        [
            -275.21637,
            -182.73393,
            667.8543,
            -73.7281,
            87.57663,
            103.81555
        ],
        [
            -275.21674,
            -182.7337,
            667.8534,
            -73.73155,
            87.576614,
            103.812065
        ],
        [
            -275.21695,
            -182.7339,
            667.8538,
            -73.73038,
            87.57643,
            103.81329
        ],
        [
            -275.2166,
            -182.73392,
            667.8536,
            -73.73053,
            87.5766,
            103.81314
        ],
        [
            -275.21634,
            -182.73392,
            667.8538,
            -73.73073,
            87.5766,
            103.812935
        ],
        [
            -275.2166,
            -182.73392,
            667.85333,
            -73.73161,
            87.57645,
            103.81206
        ],
        [
            -275.21616,
            -182.73415,
            667.8537,
            -73.729645,
            87.57653,
            103.81406
        ],
        [
            -275.21677,
            -182.7337,
            667.85364,
            -73.73001,
            87.576485,
            103.81361
        ],
        [
            -275.21637,
            -182.73393,
            667.85443,
            -73.727234,
            87.57656,
            103.81643
        ],
        [
            -275.21634,
            -182.73393,
            667.8541,
            -73.72739,
            87.57651,
            103.81628
        ],
        [
            -275.21655,
            -182.73415,
            667.8547,
            -73.726,
            87.576546,
            103.81771
        ],
        [
            -275.21634,
            -182.73395,
            667.85425,
            -73.726875,
            87.576385,
            103.81679
        ],
        [
            -275.2162,
            -182.73416,
            667.8544,
            -73.72492,
            87.57648,
            103.81879
        ],
        [
            -275.21667,
            -182.73393,
            667.8547,
            -73.724976,
            87.5763,
            103.81869
        ],
        [
            -275.21646,
            -182.73415,
            667.85394,
            -73.72668,
            87.576385,
            103.81704
        ],
        [
            -275.21616,
            -182.73418,
            667.85406,
            -73.72544,
            87.57637,
            103.818275
        ],
        [
            -275.21643,
            -182.73416,
            667.8536,
            -73.728065,
            87.57635,
            103.81565
        ],
        [
            -275.21652,
            -182.73416,
            667.8546,
            -73.72477,
            87.5763,
            103.81894
        ],
        [
            -275.21634,
            -182.73439,
            667.8542,
            -73.72487,
            87.576416,
            103.818886
        ],
        [
            -275.2162,
            -182.73418,
            667.85425,
            -73.725136,
            87.57625,
            103.81858
        ],
        [
            -275.21695,
            -182.73393,
            667.8543,
            -73.72523,
            87.57636,
            103.818436
        ],
        [
            -275.21655,
            -182.73416,
            667.85535,
            -73.72091,
            87.57631,
            103.8228
        ],
        [
            -275.21634,
