{
    "CMD": 91,
    "motion_trajectory": [
        [
            448.68552,
            -598.9927,
            272.08813,
            89.12922,
            -178.61076,
            89.99019
        ],
        [
            448.6859,
            -598.9922,
            272.08902,
            89.12924,
            -178.61067,
            89.990234
        ],
        [
            448.68597,
            -598.9928,
            272.0898,
            89.12938,
            -178.6106,
            89.990166
        ],
        [
            448.68616,
            -598.9926,
            272.09137,
            89.12935,
            -178.61041,
            89.990234
        ],
        [
            448.68604,
            -598.99255,
            272.09106,
            89.12932,
            -178.61046,
            89.99018
        ],
        [
            448.68582,
            -598.99286,
            272.09088,
            89.12938,
            -178.61049,
            89.99017
        ],
        [
            448.685,
            -598.993,
            272.0908,
            89.12931,
            -178.61055,
            89.99014
        ],
        [
            448.6857,
            -598.9931,
            272.09192,
            89.129364,
            -178.61038,
            89.990135
        ],
        [
            448.68576,
            -598.99286,
            272.09235,
            89.12941,
            -178.61052,
            89.99012
        ],
        [
            448.6853,
            -598.9932,
            272.0935,
            89.129456,
            -178.61032,
            89.990074
        ],
        [
            448.68576,
            -598.99304,
            272.09286,
            89.12941,
            -178.6103,
            89.99002
        ],
        [
            448.68607,
            -598.9926,
            272.0928,
            89.12939,
            -178.6104,
            89.99018
        ],
        [
            448.6859,
            -598.9922,
            272.09344,
            89.129395,
            -178.61034,
            89.990234
        ],
        [
            448.6856,
            -598.99255,
            272.09412,
            89.129456,
            -178.61032,
            89.99012
        ],
        [
            448.68607,
            -598.99316,
            272.09503,
            89.129555,
            -178.61023,
            89.99006
        ],
        [
            448.68628,
            -598.9927,
            272.0941,
            89.12946,
            -178.61029,
            89.99011
        ],
        [
            448.68674,
            -598.99274,
            272.0963,
            89.12965,
            -178.61017,
            89.99009
        ],
        [
            448.68573,
            -598.993,
            272.09552,
            89.12949,
            -178.6102,
            89.990005
        ],
        [
            448.68646,
            -598.9926,
            272.09595,
            89.12958,
            -178.61024,
            89.9901
        ],
        [
            448.68637,
            -598.99255,
            272.09503,
            89.129524,
            -178.61028,
            89.99005
        ],
        [
            448.68884,
            -598.9919,
            272.09814,
            89.13012,
            -178.61032,
            89.99008
        ],
        [
            448.68774,
            -598.99347,
            272.10306,
            89.130066,
            -178.60974,
            89.99005
        ],
        [
            448.689,
            -598.99274,
            272.10522,
            89.130226,
            -178.60954,
            89.990234
        ],
        [
            448.6887,
            -598.9933,
            272.1053,
            89.13023,
            -178.60957,
            89.99001
        ],
        [
            448.68857,
            -598.99304,
            272.105,
            89.130226,
            -178.6096,
            89.99007
        ],
        [
            448.68906,
            -598.9927,
            272.1056,
            89.13025,
            -178.60957,
            89.99011
        ],
        [
            448.6879,
            -598.9919,
            272.10895,
            89.13047,
            -178.61128,
            89.992485
        ],
        [
            448.68738,
            -598.99176,
            272.11044,
            89.1306,
            -178.61168,
            89.99309
        ],
        [
            448.68774,
            -598.9922,
            272.11163,
            89.13086,
            -178.61174,
            89.993385
        ],
        [
            448.6882,
            -598.9915,
            272.11194,
            89.13076,
            -178.61174,
            89.993614
        ],
        [
            448.68744,
            -598.99176,
            272.11096,
            89.13067,
            -178.61174,
            89.99358
        ],
        [
            448.6874,
            -598.9923,
            272.11142,
            89.13076,
            -178.61174,
            89.99341
        ],
        [
            448.6876,
            -598.9926,
            272.112,
            89.13082,
            -178.61166,
            89.99346
        ],
        [
            448.6879,
            -598.9923,
            272.1119,
            89.13077,
            -178.61159,
            89.99352
        ],
        [
            448.68793,
            -598.99243,
            272.11307,
            89.130806,
            -178.61151,
            89.99347
        ],
        [
            448.68802,
            -598.9926,
            272.11276,
            89.130806,
            -178.61145,
            89.99347
        ],
        [
            448.68802,
            -598.9928,
            272.11328,
            89.1308,
            -178.61136,
            89.99336
        ],
        [
            448.68744,
            -598.993,
            272.11185,
            89.13074,
            -178.61148,
            89.99332
        ],
        [
            448.68802,
            -598.9928,
            272.11328,
            89.1308,
            -178.61136,
            89.99336
        ],
        [
            448.68808,
            -598.9927,
            272.11252,
            89.13079,
            -178.61134,
            89.9933
        ],
        [
            448.68753,
            -598.99335,
            272.11267,
            89.13076,
            -178.61128,
            89.99321
        ],
        [
            448.68842,
            -598.9931,
            272.1122,
            89.13069,
            -178.6112,
            89.99321
        ],
        [
            448.68826,
            -598.993,
            272.11252,
            89.1308,
            -178.6112,
            89.99308
        ],
        [
            448.68784,
            -598.99335,
            272.1125,
            89.13068,
            -178.6111,
            89.99311
        ],
        [
            448.68802,
            -598.99347,
            272.11255,
            89.1307,
            -178.61101,
            89.993
        ],
        [
            448.68774,
            -598.99347,
            272.11215,
            89.13062,
            -178.61102,
            89.99296
        ],
        [
            448.6882,
            -598.99365,
            272.11322,
            89.130745,
            -178.611,
            89.99288
        ],
        [
            448.68802,
            -598.99365,
            272.11194,
            89.13065,
            -178.611,
            89.9929
        ],
        [
            448.68784,
            -598.99384,
            272.1124,
            89.13062,
            -178.61093,
            89.99285
        ],
        [
            448.68817,
            -598.994,
            272.11255,
            89.13068,
            -178.61081,
            89.992676
        ],
        [
            448.68857,
            -598.9936,
            272.11282,
            89.13067,
