{
    "CMD": 91,
    "motion_trajectory": [
        [
            414.00217,
            247.76088,
            216.20927,
            89.74038,
            -178.7201,
            90.00967
        ],
        [
            414.0021,
            247.7605,
            216.209,
            89.74023,
            -178.72014,
            90.00962
        ],
        [
            414.0022,
            247.76065,
            216.20929,
            89.74038,
            -178.7201,
            90.009674
        ],
        [
            414.00244,
            247.76093,
            216.20924,
            89.74037,
            -178.7201,
            90.00967
        ],
        [
            414.00244,
            247.76056,
            216.20963,
            89.740425,
            -178.7201,
            90.00962
        ],
        [
            414.00208,
            247.76036,
            216.20946,
            89.74034,
            -178.72012,
            90.00957
        ],
        [
            414.00174,
            247.76031,
            216.20903,
            89.74025,
            -178.72,
            90.009575
        ],
        [
            414.00174,
            247.76007,
            216.20895,
            89.74019,
            -178.72002,
            90.00958
        ],
        [
            414.00116,
            247.76047,
            216.20927,
            89.74019,
            -178.72008,
            90.00968
        ],
        [
            414.00183,
            247.76045,
            216.20903,
            89.740234,
            -178.72002,
            90.00963
        ],
        [
            414.00134,
            247.7604,
            216.20906,
            89.74025,
            -178.72002,
            90.00963
        ],
        [
            414.00122,
            247.75975,
            216.20874,
            89.74004,
            -178.72,
            90.00959
        ],
        [
            414.00168,
            247.7597,
            216.20898,
            89.740204,
            -178.72006,
            90.00954
        ],
        [
            414.00156,
            247.76018,
            216.20879,
            89.74008,
            -178.72008,
            90.009636
        ],
        [
            414.00153,
            247.7599,
            216.2093,
            89.74008,
            -178.72006,
            90.00953
        ],
        [
            414.0012,
            247.75998,
            216.20872,
            89.74005,
            -178.72005,
            90.00958
        ],
        [
            414.0011,
            247.75987,
            216.20932,
            89.7402,
            -178.72002,
            90.00964
        ],
        [
            414.00098,
            247.75995,
            216.209,
            89.74005,
            -178.72011,
            90.00958
        ],
        [
            414.00125,
            247.76,
            216.20897,
            89.740036,
            -178.72,
            90.00958
        ],
        [
            414.001,
            247.76009,
            216.20885,
            89.740105,
            -178.72006,
            90.009636
        ],
        [
            414.00073,
            247.76004,
            216.20897,
            89.740166,
            -178.72,
            90.009636
        ],
        [
            414.00006,
            247.76007,
            216.20941,
            89.74023,
            -178.72,
            90.0097
        ],
        [
            413.99988,
            247.76016,
            216.20924,
            89.74012,
            -178.72006,
            90.009735
        ],
        [
            413.99963,
            247.76048,
            216.20888,
            89.740074,
            -178.72005,
            90.009796
        ],
        [
            413.99988,
            247.7603,
            216.20888,
            89.74006,
            -178.72002,
            90.0098
        ],
        [
            414.0006,
            247.76016,
            216.20935,
            89.74021,
            -178.72002,
            90.00969
        ],
        [
            413.99985,
            247.75975,
            216.2096,
            89.74066,
            -178.72084,
            90.00947
        ],
        [
            413.99683,
            247.75902,
            216.21198,
            89.741776,
            -178.72234,
            90.009254
        ],
        [
            413.9957,
            247.7583,
            216.21301,
            89.74252,
            -178.72325,
            90.008934
        ],
        [
            413.9968,
            247.75734,
            216.21356,
            89.742744,
            -178.7232,
            90.00856
        ],
        [
            413.99725,
            247.75713,
            216.21367,
            89.742874,
            -178.7232,
            90.00834
        ],
        [
            413.9987,
            247.75612,
            216.21344,
            89.74281,
            -178.72302,
            90.00803
        ],
        [
            413.99796,
            247.75671,
            216.21301,
            89.74272,
            -178.72296,
            90.008125
        ],
        [
            413.99814,
            247.75684,
            216.21297,
            89.74273,
            -178.72289,
            90.008064
        ],
        [
            413.9982,
            247.75662,
            216.21324,
            89.742714,
            -178.7229,
            90.00807
        ],
        [
            413.9984,
            247.75688,
            216.21274,
            89.74261,
            -178.72273,
            90.008064
        ],
        [
            413.9987,
            247.7567,
            216.21272,
            89.7426,
            -178.7228,
            90.00807
        ],
        [
            413.9983,
            247.75699,
            216.2129,
            89.742546,
            -178.72269,
            90.00812
        ],
        [
            413.99802,
            247.75671,
            216.21277,
            89.74244,
            -178.72253,
            90.008125
        ],
        [
            413.99847,
            247.75665,
            216.21251,
            89.742325,
            -178.72258,
            90.00807
        ],
        [
            413.99847,
            247.75664,
            216.2124,
            89.74227,
            -178.72247,
            90.00807
        ],
        [
            413.99878,
            247.75621,
            216.21202,
            89.742226,
            -178.72235,
            90.00797
        ],
        [
            413.9983,
            247.75688,
            216.21207,
            89.74222,
            -178.72227,
            90.00818
        ],
        [
            413.9981,
            247.7572,
            216.21176,
            89.74205,
            -178.72227,
            90.008224
        ],
        [
            413.9987,
            247.7568,
            216.21146,
            89.74205,
            -178.72221,
            90.008125
        ],
        [
            413.99863,
            247.75716,
            216.21207,
            89.74209,
            -178.72212,
            90.00817
        ],
        [
            413.99878,
            247.75659,
            216.21173,
            89.74204,
            -178.72206,
            90.00813
        ],
        [
            413.99838,
            247.75723,
            216.21143,
            89.74188,
            -178.72206,
            90.008224
        ],
        [
            413.9989,
            247.75696,
            216.21165,
            89.74186,
            -178.72197,
            90.00818
        ],
        [
            413.99854,
            247.75703,
            216.21062,
            89.74172,
            -178.7219,
            90.00823
        ],
        [
            413.99814,
            247.7571,
            216.21092,
            89.74172,
            -178.72191,
