{
    "CMD": 91,
    "motion_trajectory": [
        [
            447.9785,
            -656.37225,
            267.9348,
            89.980095,
            -178.50966,
            90.0002
        ],
        [
            447.97882,
            -656.37177,
            267.93356,
            89.98003,
            -178.50978,
            90.00014
        ],
        [
            447.97855,
            -656.3728,
            267.93445,
            89.98008,
            -178.50966,
            89.999985
        ],
        [
            447.97925,
            -656.3722,
            267.93518,
            89.980156,
            -178.50964,
            90.00013
        ],
        [
            447.97836,
            -656.3727,
            267.9344,
            89.98004,
            -178.50963,
            90.0001
        ],
        [
            447.97873,
            -656.3718,
            267.93442,
            89.98003,
            -178.50967,
            90.00025
        ],
        [
            447.97864,
            -656.3725,
            267.93427,
            89.98011,
            -178.50966,
            90.00003
        ],
        [
            447.97897,
            -656.3722,
            267.93417,
            89.980064,
            -178.50975,
            90.000084
        ],
        [
            447.97888,
            -656.3718,
            267.93326,
            89.980034,
            -178.50978,
            90.00019
        ],
        [
            447.97916,
            -656.37213,
            267.93427,
            89.98011,
            -178.50966,
            90.00008
        ],
        [
            447.97873,
            -656.37164,
            267.93326,
            89.98,
            -178.50981,
            90.00014
        ],
        [
            447.97906,
            -656.3718,
            267.93335,
            89.98007,
            -178.50975,
            90.00014
        ],
        [
            447.97958,
            -656.372,
            267.93448,
            89.98009,
            -178.5096,
            90.00013
        ],
        [
            447.9789,
            -656.37146,
            267.934,
            89.98008,
            -178.50986,
            90.00019
        ],
        [
            447.97885,
            -656.3713,
            267.93338,
            89.97991,
            -178.50977,
            90.0002
        ],
        [
            447.97864,
            -656.3716,
            267.93295,
            89.97998,
            -178.5098,
            90.000084
        ],
        [
            447.97852,
            -656.3717,
            267.9341,
            89.97997,
            -178.50975,
            90.00009
        ],
        [
            447.97903,
            -656.3712,
            267.9341,
            89.97998,
            -178.50975,
            90.00019
        ],
        [
            447.97882,
            -656.3717,
            267.93365,
            89.98004,
            -178.50978,
            89.99997
        ],
        [
            447.97943,
            -656.3712,
            267.93335,
            89.98006,
            -178.50978,
            90.00018
        ],
        [
            447.97885,
            -656.371,
            267.93225,
            89.97989,
            -178.50992,
            90.00014
        ],
        [
            447.9791,
            -656.3711,
            267.93326,
            89.97998,
            -178.5098,
            90.00013
        ],
        [
            447.97934,
            -656.37103,
            267.93304,
            89.980034,
            -178.50987,
            90.00018
        ],
        [
            447.97894,
            -656.37067,
            267.93268,
            89.97994,
            -178.50989,
            90.00018
        ],
        [
            447.97696,
            -656.3711,
            267.93262,
            89.97957,
            -178.51031,
            90.00101
        ],
        [
            447.9717,
            -656.3705,
            267.93048,
            89.978516,
            -178.51253,
            90.00284
        ],
        [
            447.97003,
            -656.3701,
            267.92963,
            89.97809,
            -178.51294,
            90.00349
        ],
        [
            447.97028,
            -656.3698,
            267.93005,
            89.97817,
            -178.51286,
            90.0037
        ],
        [
            447.97064,
            -656.3696,
            267.92993,
            89.97812,
            -178.51283,
            90.00369
        ],
        [
            447.97052,
            -656.3695,
            267.92838,
            89.97805,
            -178.51291,
            90.00364
        ],
        [
            447.97037,
            -656.3694,
            267.9287,
            89.97805,
            -178.51291,
            90.00364
        ],
        [
            447.96994,
            -656.3699,
            267.93024,
            89.978134,
            -178.5127,
            90.00364
        ],
        [
            447.9702,
            -656.3702,
            267.92972,
            89.97813,
            -178.51268,
            90.003426
        ],
        [
            447.9706,
            -656.37,
            267.9293,
            89.97808,
            -178.5126,
            90.00348
        ],
        [
            447.97043,
            -656.3704,
            267.92947,
            89.978165,
            -178.51254,
            90.00331
        ],
        [
            447.9704,
            -656.37054,
            267.93103,
            89.9782,
            -178.51242,
            90.003204
        ],
        [
            447.97055,
            -656.3706,
            267.92984,
            89.978195,
            -178.5124,
            90.00309
        ],
        [
            447.9703,
            -656.37115,
            267.93057,
            89.978134,
            -178.51222,
            90.003
        ],
        [
            447.97104,
            -656.3703,
            267.9292,
            89.97817,
            -178.51228,
            90.00308
        ],
        [
            447.97116,
            -656.3704,
            267.9308,
            89.97824,
            -178.51216,
            90.00303
        ],
        [
            447.9714,
            -656.3705,
            267.93,
            89.97827,
            -178.51219,
            90.002914
        ],
        [
            447.97116,
            -656.3704,
            267.93024,
            89.978226,
            -178.51216,
            90.002914
        ],
        [
            447.97046,
            -656.37085,
            267.9295,
            89.97816,
            -178.51201,
            90.00288
        ],
        [
            447.97156,
            -656.3707,
            267.93008,
            89.97831,
            -178.51205,
            90.00275
        ],
        [
            447.9717,
            -656.3706,
            267.92953,
            89.97833,
            -178.51201,
            90.00274
        ],
        [
            447.972,
            -656.3708,
            267.92993,
            89.9784,
            -178.51183,
            90.00268
        ],
        [
            447.9719,
            -656.37067,
            267.92963,
            89.97838,
            -178.5117,
            90.00268
        ],
        [
            447.9719,
            -656.37085,
            267.93024,
            89.97839,
            -178.51166,
            90.00257
        ],
        [
            447.97275,
            -656.37067,
            267.93042,
            89.97847,
            -178.5116,
            90.00244
        ],
        [
            447.97284,
            -656.3709,
            267.93008,
            89.97847,
            -178.51149,
            90.00239
        ],
        [
            447.97278,
            -656.3705,
            267.92987,
            89.97847,
            -178.51144,
