{
    "CMD": 91,
    "motion_trajectory": [
        [
            448.8775,
            -541.3826,
            267.1007,
            89.979836,
            -178.54988,
            89.94999
        ],
        [
            448.87744,
            -541.383,
            267.10083,
            89.97981,
            -178.54991,
            89.950035
        ],
        [
            448.8776,
            -541.38293,
            267.09982,
            89.9798,
            -178.54991,
            89.949936
        ],
        [
            448.87802,
            -541.3824,
            267.10046,
            89.97986,
            -178.54993,
            89.95008
        ],
        [
            448.87775,
            -541.38245,
            267.1,
            89.97975,
            -178.54994,
            89.95
        ],
        [
            448.8776,
            -541.38367,
            267.10156,
            89.979935,
            -178.54984,
            89.94987
        ],
        [
            448.87805,
            -541.3826,
            267.10092,
            89.97984,
            -178.54984,
            89.94998
        ],
        [
            448.87833,
            -541.38257,
            267.10138,
            89.97995,
            -178.54977,
            89.950066
        ],
        [
            448.87817,
            -541.3827,
            267.10123,
            89.97988,
            -178.54979,
            89.95003
        ],
        [
            448.8775,
            -541.3826,
            267.1007,
            89.979836,
            -178.54993,
            89.94999
        ],
        [
            448.87762,
            -541.3829,
            267.1015,
            89.97988,
            -178.54979,
            89.94998
        ],
        [
            448.87762,
            -541.38275,
            267.101,
            89.97988,
            -178.54984,
            89.950035
        ],
        [
            448.87805,
            -541.3824,
            267.101,
            89.97988,
            -178.54984,
            89.95008
        ],
        [
            448.8781,
            -541.3823,
            267.1008,
            89.979866,
            -178.5499,
            89.94997
        ],
        [
            448.87805,
            -541.3825,
            267.10095,
            89.97986,
            -178.54984,
            89.95003
        ],
        [
            448.87823,
            -541.3822,
            267.10175,
            89.97999,
            -178.54982,
            89.950165
        ],
        [
            448.87854,
            -541.38165,
            267.10147,
            89.979965,
            -178.54987,
            89.95021
        ],
        [
            448.87833,
            -541.38257,
            267.10138,
            89.97995,
            -178.54977,
            89.950066
        ],
        [
            448.87848,
            -541.3826,
            267.1018,
            89.97993,
            -178.5497,
            89.95008
        ],
        [
            448.88126,
            -541.37915,
            267.10593,
            89.98136,
            -178.54997,
            89.95139
        ],
        [
            448.89322,
            -541.3956,
            267.17902,
            89.986626,
            -178.54297,
            89.95384
        ],
        [
            448.89767,
            -541.39386,
            267.18466,
            89.9881,
            -178.54277,
            89.95543
        ],
        [
            448.89798,
            -541.39453,
            267.19138,
            89.987976,
            -178.54196,
            89.95551
        ],
        [
            448.8977,
            -541.39386,
            267.1859,
            89.98806,
            -178.54251,
            89.955696
        ],
        [
            448.89957,
            -541.3987,
            267.19974,
            89.98922,
            -178.54207,
            89.9583
        ],
        [
            448.90268,
            -541.40356,
            267.2069,
            89.98994,
            -178.5421,
            89.95858
        ],
        [
            448.9027,
            -541.40173,
            267.2066,
            89.99049,
            -178.54233,
            89.95993
        ],
        [
            448.904,
            -541.4019,
            267.2115,
            89.99095,
            -178.542,
            89.96048
        ],
        [
            448.90408,
            -541.4012,
            267.20853,
            89.990974,
            -178.54222,
            89.96077
        ],
        [
            448.9042,
            -541.4028,
            267.2114,
            89.99106,
            -178.54196,
            89.960396
        ],
        [
            448.90405,
            -541.4023,
            267.20956,
            89.99101,
            -178.54213,
            89.9605
        ],
        [
            448.90424,
            -541.4021,
            267.2102,
            89.99093,
            -178.54195,
            89.96041
        ],
        [
            448.90427,
            -541.4019,
            267.20947,
            89.99091,
            -178.542,
            89.96034
        ],
        [
            448.90366,
            -541.4027,
            267.20865,
            89.99077,
            -178.54202,
            89.96011
        ],
        [
            448.90396,
            -541.4025,
            267.2096,
            89.99075,
            -178.54192,
            89.96013
        ],
        [
            448.904,
            -541.4022,
            267.20837,
            89.99073,
            -178.542,
            89.96011
        ],
        [
            448.904,
            -541.4022,
            267.20837,
            89.99073,
            -178.542,
            89.96011
        ],
        [
            448.904,
            -541.40247,
            267.20883,
            89.990715,
            -178.5419,
            89.96001
        ],
        [
            448.90378,
            -541.40234,
            267.20822,
            89.99061,
            -178.54199,
            89.959854
        ],
        [
            448.90378,
            -541.40234,
            267.20822,
            89.99061,
            -178.54199,
            89.959854
        ],
        [
            448.90387,
            -541.4025,
            267.20795,
            89.99061,
            -178.54187,
            89.959854
        ],
        [
            448.90393,
            -541.40247,
            267.20828,
            89.990616,
            -178.5419,
            89.95974
        ],
        [
            448.90384,
            -541.4025,
            267.20905,
            89.9906,
            -178.54181,
            89.95964
        ],
        [
            448.90326,
            -541.4028,
            267.2076,
            89.99049,
            -178.54187,
            89.959496
        ],
        [
            448.90375,
            -541.40265,
            267.2073,
            89.990425,
            -178.54189,
            89.95927
        ],
        [
            448.90335,
            -541.4022,
            267.2067,
            89.99036,
            -178.54182,
            89.959335
        ],
        [
            448.90396,
            -541.4023,
            267.20663,
            89.9903,
            -178.5418,
            89.959114
        ],
        [
            448.90353,
            -541.4027,
            267.2066,
            89.99029,
            -178.54185,
            89.959015
        ],
        [
            448.9035,
            -541.4029,
            267.206,
            89.99023,
            -178.54184,
            89.958916
        ],
        [
            448.9035,
            -541.4034,
            267.2058,
            89.990135,
            -178.54178,
            89.958664
        ],
        [
            448.90335,
            -541.40295,
            267.20563,
            89.9901,
            -178.54184,
