{
    "CMD": 91,
    "motion_trajectory": [
        [
            447.97745,
            -656.37244,
            267.92993,
            89.979836,
            -178.51004,
            90.00017
        ],
        [
            447.97736,
            -656.3725,
            267.92963,
            89.979805,
            -178.51003,
            90.00006
        ],
        [
            447.97723,
            -656.3725,
            267.92798,
            89.97973,
            -178.51013,
            90.000175
        ],
        [
            447.97754,
            -656.37274,
            267.93024,
            89.97985,
            -178.50993,
            90.000114
        ],
        [
            447.9774,
            -656.37244,
            267.93027,
            89.97983,
            -178.51004,
            90.000114
        ],
        [
            447.97745,
            -656.3721,
            267.92944,
            89.97984,
            -178.51009,
            90.00017
        ],
        [
            447.97824,
            -656.3722,
            267.93097,
            89.97993,
            -178.50987,
            90.000206
        ],
        [
            447.978,
            -656.37244,
            267.92932,
            89.97978,
            -178.51006,
            90.00001
        ],
        [
            447.9779,
            -656.3725,
            267.93076,
            89.97982,
            -178.50987,
            90.00017
        ],
        [
            447.9778,
            -656.37225,
            267.9311,
            89.97987,
            -178.50984,
            90.000206
        ],
        [
            447.9779,
            -656.37195,
            267.93027,
            89.979836,
            -178.50987,
            90.00021
        ],
        [
            447.9781,
            -656.37225,
            267.93158,
            89.97991,
            -178.50987,
            90.000046
        ],
        [
            447.978,
            -656.37244,
            267.93115,
            89.979866,
            -178.50995,
            90.00005
        ],
        [
            447.97775,
            -656.3722,
            267.93204,
            89.97984,
            -178.50972,
            90.00017
        ],
        [
            447.97766,
            -656.37213,
            267.9311,
            89.9798,
            -178.50992,
            90.000114
        ],
        [
            447.97836,
            -656.37213,
            267.9317,
            89.97984,
            -178.50972,
            90.00016
        ],
        [
            447.97794,
            -656.3723,
            267.9315,
            89.979866,
            -178.50984,
            90.00005
        ],
        [
            447.97803,
            -656.3721,
            267.93097,
            89.979744,
            -178.50978,
            90.00005
        ],
        [
            447.9782,
            -656.3719,
            267.9317,
            89.97981,
            -178.50977,
            90.00011
        ],
        [
            447.97845,
            -656.372,
            267.93274,
            89.979904,
            -178.5097,
            90.0001
        ],
        [
            447.9777,
            -656.3718,
            267.932,
            89.97983,
            -178.50978,
            90.00009
        ],
        [
            447.97812,
            -656.37177,
            267.9314,
            89.9798,
            -178.50981,
            90.00011
        ],
        [
            447.9782,
            -656.3715,
            267.93182,
            89.97984,
            -178.50983,
            90.0001
        ],
        [
            447.97522,
            -656.3718,
            267.93063,
            89.97918,
            -178.51044,
            90.00128
        ],
        [
            447.96793,
            -656.37177,
            267.92822,
            89.977295,
            -178.5115,
            90.00352
        ],
        [
            447.96487,
            -656.3726,
            267.92557,
            89.97656,
            -178.51143,
            90.003876
        ],
        [
            447.9646,
            -656.37256,
            267.92517,
            89.976494,
            -178.5115,
            90.00388
        ],
        [
            447.96454,
            -656.3724,
            267.92487,
            89.97647,
            -178.51144,
            90.00388
        ],
        [
            447.96478,
            -656.3725,
            267.9259,
            89.97656,
            -178.51132,
            90.003876
        ],
        [
            447.9646,
            -656.37274,
            267.92453,
            89.97646,
            -178.51138,
            90.00378
        ],
        [
            447.96533,
            -656.37244,
            267.9265,
            89.97656,
            -178.51118,
            90.00376
        ],
        [
            447.96548,
            -656.3729,
            267.92645,
            89.97658,
            -178.51114,
            90.003654
        ],
        [
            447.96478,
            -656.3731,
            267.92584,
            89.97653,
            -178.51122,
            90.003555
        ],
        [
            447.96442,
            -656.3735,
            267.92532,
            89.976555,
            -178.51106,
            90.00345
        ],
        [
            447.96512,
            -656.37305,
            267.92603,
            89.97662,
            -178.51111,
            90.00349
        ],
        [
            447.96536,
            -656.3729,
            267.9253,
            89.97667,
            -178.51112,
            90.00337
        ],
        [
            447.96625,
            -656.373,
            267.9266,
            89.97677,
            -178.51097,
            90.0033
        ],
        [
            447.96588,
            -656.37354,
            267.92603,
            89.97678,
            -178.51093,
            90.00309
        ],
        [
            447.96588,
            -656.373,
            267.92554,
            89.9768,
            -178.51093,
            90.0032
        ],
        [
            447.96564,
            -656.3734,
            267.92627,
            89.97674,
            -178.51091,
            90.00315
        ],
        [
            447.96597,
            -656.3732,
            267.92645,
            89.97684,
            -178.51085,
            90.003136
        ],
        [
            447.96622,
            -656.3734,
            267.9263,
            89.97689,
            -178.51088,
            90.00286
        ],
        [
            447.96637,
            -656.373,
            267.9252,
            89.976906,
            -178.51094,
            90.00301
        ],
        [
            447.96603,
            -656.3739,
            267.9264,
            89.97696,
            -178.5107,
            90.00286
        ],
        [
            447.96744,
            -656.373,
            267.9273,
            89.97709,
            -178.51077,
            90.00277
        ],
        [
            447.96707,
            -656.37366,
            267.92728,
            89.97711,
            -178.51064,
            90.00272
        ],
        [
            447.96704,
            -656.3734,
            267.9255,
            89.977066,
            -178.51076,
            90.00262
        ],
        [
            447.96753,
            -656.3738,
            267.9263,
            89.977196,
            -178.51062,
            90.002495
        ],
        [
            447.96765,
            -656.37366,
            267.9267,
            89.97724,
            -178.51059,
            90.00243
        ],
        [
            447.968,
            -656.3737,
            267.92752,
            89.97735,
            -178.5105,
            90.00232
        ],
        [
            447.96875,
            -656.3736,
            267.9282,
            89.97756,
