{
    "CMD": 91,
    "motion_trajectory": [
        [
            445.14886,
            247.70006,
            566.73193,
            89.76019,
            -178.53041,
            89.999756
        ],
        [
            445.14923,
            247.7001,
            566.7319,
            89.76019,
            -178.53041,
            89.999756
        ],
        [
            445.14935,
            247.70012,
            566.7323,
            89.76029,
            -178.53041,
            89.99974
        ],
        [
            445.14935,
            247.70012,
            566.7323,
            89.76029,
            -178.53041,
            89.99974
        ],
        [
            445.14902,
            247.70007,
            566.73224,
            89.76024,
            -178.53047,
            89.999756
        ],
        [
            445.14902,
            247.70007,
            566.73224,
            89.76024,
            -178.53047,
            89.999756
        ],
        [
            445.1497,
            247.70007,
            566.73193,
            89.760185,
            -178.53033,
            89.999725
        ],
        [
            445.14902,
            247.70007,
            566.73224,
            89.76024,
            -178.53036,
            89.999756
        ],
        [
            445.14908,
            247.69968,
            566.73206,
            89.76025,
            -178.53041,
            89.999695
        ],
        [
            445.14948,
            247.69978,
            566.7328,
            89.76028,
            -178.53049,
            89.99972
        ],
        [
            445.14944,
            247.69987,
            566.73206,
            89.76025,
            -178.53036,
            89.99974
        ],
        [
            445.1493,
            247.70024,
            566.7314,
            89.760155,
            -178.53024,
            89.999794
        ],
        [
            445.14917,
            247.69987,
            566.73193,
            89.76037,
            -178.53032,
            89.99974
        ],
        [
            445.1491,
            247.70023,
            566.7316,
            89.76015,
            -178.5303,
            89.9998
        ],
        [
            445.14972,
            247.69992,
            566.73096,
            89.76011,
            -178.53029,
            89.99975
        ],
        [
            445.14917,
            247.69983,
            566.73145,
            89.760155,
            -178.5303,
            89.99975
        ],
        [
            445.149,
            247.70024,
            566.73193,
            89.76037,
            -178.53032,
            89.99979
        ],
        [
            445.1493,
            247.69939,
            566.7417,
            89.76292,
            -178.53049,
            89.99929
        ],
        [
            445.1489,
            247.69925,
            566.74274,
            89.76317,
            -178.5305,
            89.99925
        ],
        [
            445.1486,
            247.6994,
            566.7416,
            89.7631,
            -178.53033,
            89.999306
        ],
        [
            445.1485,
            247.69942,
            566.7421,
            89.76314,
            -178.53046,
            89.99932
        ],
        [
            445.15012,
            247.69762,
            566.74677,
            89.76537,
            -178.53162,
            89.99825
        ],
        [
            445.1508,
            247.69566,
            566.7537,
            89.768394,
            -178.53212,
            89.99719
        ],
        [
            445.15112,
            247.69518,
            566.7544,
            89.76859,
            -178.53229,
            89.997
        ],
        [
            445.15176,
            247.69453,
            566.7542,
            89.76853,
            -178.53246,
            89.99684
        ],
        [
            445.1514,
            247.69456,
            566.754,
            89.768425,
            -178.5324,
            89.99687
        ],
        [
            445.1518,
            247.69472,
            566.75433,
            89.76846,
            -178.53253,
            89.99683
        ],
        [
            445.15182,
            247.69487,
            566.75433,
            89.76841,
            -178.53244,
            89.996895
        ],
        [
            445.15152,
            247.69514,
            566.7547,
            89.76834,
            -178.53244,
            89.996925
        ],
        [
            445.15152,
            247.6952,
            566.7544,
            89.76818,
            -178.53246,
            89.99703
        ],
        [
            445.1518,
            247.69463,
            566.754,
            89.76808,
            -178.53246,
            89.99693
        ],
        [
            445.15192,
            247.69519,
            566.7529,
            89.76789,
            -178.5324,
            89.99704
        ],
        [
            445.15173,
            247.69498,
            566.7538,
            89.76786,
            -178.53244,
            89.996994
        ],
        [
            445.1516,
            247.69522,
            566.75366,
            89.767815,
            -178.53236,
            89.997086
        ],
        [
            445.15152,
            247.69574,
            566.7529,
            89.76767,
            -178.53226,
            89.99719
        ],
        [
            445.15167,
            247.69562,
            566.7536,
            89.767586,
            -178.53241,
            89.99722
        ],
        [
            445.15128,
            247.69568,
            566.75275,
            89.76745,
            -178.53241,
            89.99721
        ],
        [
            445.15128,
            247.69579,
            566.75226,
            89.76718,
            -178.53236,
            89.99727
        ],
        [
            445.15115,
            247.69583,
            566.7515,
            89.76693,
            -178.53235,
            89.99732
        ],
        [
            445.15115,
            247.69601,
            566.7514,
            89.766815,
            -178.53232,
            89.99739
        ],
        [
            445.15164,
            247.69583,
            566.75146,
            89.76659,
            -178.53227,
            89.99741
        ],
        [
            445.15118,
            247.69637,
            566.75055,
            89.76628,
            -178.53223,
            89.99756
        ],
        [
            445.15125,
            247.69646,
            566.7494,
            89.76598,
            -178.53221,
            89.99761
        ],
        [
            445.1515,
            247.69606,
            566.74994,
            89.76591,
            -178.53227,
            89.99757
        ],
        [
            445.1515,
            247.69617,
            566.74945,
            89.76564,
            -178.53233,
            89.99763
        ],
        [
            445.15128,
            247.69664,
            566.74884,
            89.76532,
            -178.53221,
            89.99775
        ],
        [
            445.1514,
            247.69653,
            566.7487,
            89.765274,
            -178.53209,
            89.997795
        ],
        [
            445.1509,
            247.69666,
            566.748,
            89.76496,
            -178.5322,
            89.99781
        ],
        [
            445.15143,
            247.69716,
            566.748,
            89.76496,
            -178.53204,
            89.99795
        ],
        [
            445.15125,
            247.69691,
            566.7472,
            89.764534,
            -178.5321,
            89.998
        ],
        [
            445.15118,
            247.69696,
            566.7452,
            89.76364,
            -178.53206,
            89.99819
