{
    "CMD": 90,
    "motion_trajectory": [
        [
            448.68646,
            -598.99115,
            272.10135,
            89.12974,
            -178.6099,
            89.9903
        ],
        [
            448.6865,
            -598.9908,
            272.09967,
            89.12957,
            -178.60997,
            89.99032
        ],
        [
            448.6863,
            -598.9914,
            272.1012,
            89.12967,
            -178.60988,
            89.99021
        ],
        [
            448.68677,
            -598.9909,
            272.10065,
            89.12966,
            -178.60991,
            89.99031
        ],
        [
            448.68674,
            -598.9912,
            272.10114,
            89.12978,
            -178.60992,
            89.99029
        ],
        [
            448.68704,
            -598.991,
            272.1016,
            89.12975,
            -178.60986,
            89.990295
        ],
        [
            448.68723,
            -598.991,
            272.1023,
            89.12982,
            -178.6099,
            89.99028
        ],
        [
            448.68713,
            -598.9912,
            272.1019,
            89.129776,
            -178.60988,
            89.990295
        ],
        [
            448.68665,
            -598.9912,
            272.10083,
            89.129745,
            -178.60995,
            89.99019
        ],
        [
            448.6874,
            -598.9906,
            272.10132,
            89.129715,
            -178.60985,
            89.99029
        ],
        [
            448.6871,
            -598.991,
            272.10138,
            89.12975,
            -178.60986,
            89.99018
        ],
        [
            448.68695,
            -598.99084,
            272.10132,
            89.12973,
            -178.60985,
            89.99022
        ],
        [
            448.68692,
            -598.9913,
            272.1018,
            89.129845,
            -178.60985,
            89.99023
        ],
        [
            448.68677,
            -598.99054,
            272.10135,
            89.12971,
            -178.60988,
            89.990295
        ],
        [
            448.68692,
            -598.99054,
            272.10083,
            89.12972,
            -178.60995,
            89.990234
        ],
        [
            448.6874,
            -598.9907,
            272.1013,
            89.12971,
            -178.60985,
            89.990234
        ],
        [
            448.68713,
            -598.99005,
            272.10046,
            89.129654,
            -178.60995,
            89.99029
        ],
        [
            448.68686,
            -598.9899,
            272.10007,
            89.129585,
            -178.60997,
            89.9903
        ],
        [
            448.6869,
            -598.98975,
            272.0987,
            89.129555,
            -178.61017,
            89.99024
        ],
        [
            448.68674,
            -598.98975,
            272.0992,
            89.12954,
            -178.61006,
            89.9903
        ],
        [
            448.68692,
            -598.9896,
            272.0999,
            89.12962,
            -178.61009,
            89.99034
        ],
        [
            448.6868,
            -598.9895,
            272.09903,
            89.12956,
            -178.61012,
            89.990295
        ],
        [
            448.68665,
            -598.9895,
            272.09952,
            89.129555,
            -178.61006,
            89.99036
        ],
        [
            448.68646,
            -598.9892,
            272.09894,
            89.12949,
            -178.61014,
            89.9903
        ],
        [
            448.68692,
            -598.9891,
            272.0983,
            89.129456,
            -178.61017,
            89.99024
        ],
        [
            448.68637,
            -598.9896,
            272.09848,
            89.129425,
            -178.61017,
            89.99021
        ],
        [
            448.68668,
            -598.99,
            272.09937,
            89.12952,
            -178.61009,
            89.99031
        ],
        [
            448.68073,
            -598.9891,
            272.09592,
            89.12835,
            -178.61227,
            89.99234
        ],
        [
            448.67773,
            -598.9886,
            272.09476,
            89.12786,
            -178.61359,
            89.99345
        ],
        [
            448.67615,
            -598.9883,
            272.09366,
            89.127525,
            -178.61404,
            89.99419
        ],
        [
            448.6755,
            -598.98883,
            272.09415,
            89.12749,
            -178.61409,
            89.994095
        ],
        [
            448.6761,
            -598.98846,
            272.09445,
            89.12753,
            -178.614,
            89.99425
        ],
        [
            448.6753,
            -598.9882,
            272.0933,
            89.12732,
            -178.61404,
            89.99423
        ],
        [
            448.67502,
            -598.9887,
            272.0939,
            89.12738,
            -178.6138,
            89.99429
        ],
        [
            448.67477,
            -598.98895,
            272.09317,
            89.12741,
            -178.61398,
            89.99412
        ],
        [
            448.67566,
            -598.9884,
            272.09396,
            89.12742,
            -178.61377,
            89.99427
        ],
        [
            448.67545,
            -598.9891,
            272.0943,
            89.127464,
            -178.61365,
            89.99411
        ],
        [
            448.6758,
            -598.98865,
            272.09402,
            89.12743,
            -178.61363,
            89.9941
        ],
        [
            448.67572,
            -598.98846,
            272.09372,
            89.12741,
            -178.61351,
            89.994064
        ],
        [
            448.676,
            -598.98865,
            272.0941,
            89.127464,
            -178.61339,
            89.99405
        ],
        [
            448.67627,
            -598.9889,
            272.09445,
            89.127525,
            -178.61325,
            89.99398
        ],
        [
            448.67615,
            -598.9888,
            272.09415,
            89.12749,
            -178.61324,
            89.99393
        ],
        [
            448.6761,
            -598.98926,
            272.09344,
            89.12755,
            -178.61311,
            89.99381
        ],
        [
            448.67667,
            -598.9889,
            272.0944,
            89.127594,
            -178.61299,
            89.993744
        ],
        [
            448.67676,
            -598.98926,
            272.09464,
            89.127594,
            -178.61284,
            89.99364
        ],
        [
            448.67685,
            -598.98914,
            272.09503,
            89.12763,
            -178.6126,
            89.993576
        ],
        [
            448.67694,
            -598.98865,
            272.09372,
            89.127495,
            -178.61252,
            89.99353
        ],
        [
            448.67706,
            -598.9892,
            272.09488,
            89.127655,
            -178.6123,
            89.99335
        ],
        [
            448.67798,
            -598.98895,
            272.09476,
            89.12774,
            -178.61214,
            89.993324
        ],
        [
            448.6777,
            -598.98895,
            272.09494,
            89.127686,
            -178.61205,
            89.99328
        ],
        [
            448.6776,
            -598.99,
            272.09552,
            89.12772,
