{
    "CMD": 90,
    "motion_trajectory": [
        [
            447.9765,
            -656.37317,
            267.9334,
            89.97981,
            -178.5095,
            90.00014
        ],
        [
            447.9771,
            -656.373,
            267.93372,
            89.979836,
            -178.50946,
            90.00018
        ],
        [
            447.97726,
            -656.3732,
            267.93378,
            89.97987,
            -178.50943,
            90.000015
        ],
        [
            447.97675,
            -656.3736,
            267.9344,
            89.97989,
            -178.50938,
            89.99997
        ],
        [
            447.97745,
            -656.373,
            267.9345,
            89.97995,
            -178.50948,
            90.000114
        ],
        [
            447.97717,
            -656.373,
            267.93347,
            89.97985,
            -178.50948,
            90.00007
        ],
        [
            447.97726,
            -656.3728,
            267.9332,
            89.979836,
            -178.50957,
            90.00012
        ],
        [
            447.97717,
            -656.37286,
            267.9335,
            89.97986,
            -178.50952,
            90.00012
        ],
        [
            447.97763,
            -656.37274,
            267.93433,
            89.97985,
            -178.50941,
            90.000175
        ],
        [
            447.9777,
            -656.3725,
            267.93286,
            89.979836,
            -178.50957,
            90.00017
        ],
        [
            447.97763,
            -656.37256,
            267.93378,
            89.97985,
            -178.50948,
            90.00006
        ],
        [
            447.97748,
            -656.37244,
            267.93372,
            89.97981,
            -178.5095,
            90.000175
        ],
        [
            447.97754,
            -656.37244,
            267.93442,
            89.979996,
            -178.5096,
            90.00005
        ],
        [
            447.97778,
            -656.3725,
            267.93326,
            89.97987,
            -178.50948,
            90.00005
        ],
        [
            447.97763,
            -656.37213,
            267.93265,
            89.979836,
            -178.50967,
            90.00005
        ],
        [
            447.97745,
            -656.372,
            267.9326,
            89.9798,
            -178.50964,
            90.00017
        ],
        [
            447.97787,
            -656.3726,
            267.9342,
            89.97992,
            -178.5095,
            90.00005
        ],
        [
            447.97824,
            -656.372,
            267.9342,
            89.9799,
            -178.50955,
            90.0001
        ],
        [
            447.97772,
            -656.3723,
            267.9336,
            89.97987,
            -178.5096,
            90.00005
        ],
        [
            447.9782,
            -656.37225,
            267.9327,
            89.98001,
            -178.50977,
            89.99987
        ],
        [
            447.97842,
            -656.372,
            267.9337,
            89.97992,
            -178.50961,
            90.00004
        ],
        [
            447.97815,
            -656.37177,
            267.93265,
            89.979836,
            -178.50961,
            90.0001
        ],
        [
            447.9789,
            -656.3714,
            267.93307,
            89.97991,
            -178.50966,
            90.0002
        ],
        [
            447.97882,
            -656.37134,
            267.93277,
            89.97988,
            -178.50969,
            90.000145
        ],
        [
            447.9743,
            -656.3718,
            267.93195,
            89.97914,
            -178.51208,
            90.00168
        ],
        [
            447.97214,
            -656.3704,
            267.9307,
            89.978485,
            -178.51425,
            90.00283
        ],
        [
            447.972,
            -656.3709,
            267.9311,
            89.97843,
            -178.51434,
            90.002846
        ],
        [
            447.97104,
            -656.37103,
            267.93063,
            89.97832,
            -178.51428,
            90.00292
        ],
        [
            447.97104,
            -656.3713,
            267.9312,
            89.97833,
            -178.51413,
            90.00281
        ],
        [
            447.9713,
            -656.3713,
            267.93164,
            89.97841,
            -178.51407,
            90.00286
        ],
        [
            447.97165,
            -656.3707,
            267.92975,
            89.97831,
            -178.51411,
            90.0028
        ],
        [
            447.9717,
            -656.3708,
            267.93008,
            89.97834,
            -178.51392,
            90.00285
        ],
        [
            447.97165,
            -656.3713,
            267.93088,
            89.978325,
            -178.51375,
            90.00275
        ],
        [
            447.97128,
            -656.37103,
            267.93048,
            89.97838,
            -178.51372,
            90.00275
        ],
        [
            447.97147,
            -656.37146,
            267.9317,
            89.97844,
            -178.51349,
            90.00269
        ],
        [
            447.97147,
            -656.37177,
            267.93106,
            89.9784,
            -178.5133,
            90.002525
        ],
        [
            447.97137,
            -656.3717,
            267.93076,
            89.97838,
            -178.51324,
            90.00247
        ],
        [
            447.97144,
            -656.37213,
            267.9304,
            89.97836,
            -178.51308,
            90.00231
        ],
        [
            447.9717,
            -656.37177,
            267.9309,
            89.97847,
            -178.51302,
            90.00236
        ],
        [
            447.9718,
            -656.3719,
            267.9312,
            89.978485,
            -178.51288,
            90.00236
        ],
        [
            447.97195,
            -656.3718,
            267.9307,
            89.978516,
            -178.51277,
            90.00235
        ],
        [
            447.97156,
            -656.372,
            267.93082,
            89.97841,
            -178.51262,
            90.00225
        ],
        [
            447.97214,
            -656.3721,
            267.9314,
            89.97857,
            -178.51237,
            90.00218
        ],
        [
            447.9725,
            -656.37164,
            267.9314,
            89.97854,
            -178.51204,
            90.00212
        ],
        [
            447.972,
            -656.37195,
            267.9314,
            89.97854,
            -178.51193,
            90.002075
        ],
        [
            447.97256,
            -656.37195,
            267.93042,
            89.97851,
            -178.51181,
            90.002014
        ],
        [
            447.97266,
            -656.3712,
            267.93094,
            89.97861,
            -178.51175,
            90.002014
        ],
        [
            447.97223,
            -656.37225,
            267.93115,
            89.97858,
            -178.51141,
            90.00196
        ],
        [
            447.97275,
            -656.3719,
            267.93115,
            89.97858,
            -178.51114,
            90.00201
        ],
        [
            447.9723,
            -656.3722,
            267.9303,
            89.97858,
            -178.51108,
            90.00185
        ],
        [
            447.97314,
            -656.37225,
            267.9316,
            89.978676,
