{
    "CMD": 90,
    "motion_trajectory": [
        [
            447.97784,
            -656.3732,
            267.93427,
            89.98002,
            -178.50957,
            90.00017
        ],
        [
            447.97836,
            -656.3728,
            267.93436,
            89.980034,
            -178.50963,
            90.000046
        ],
        [
            447.9782,
            -656.37286,
            267.93427,
            89.97999,
            -178.5096,
            90.000046
        ],
        [
            447.97836,
            -656.37305,
            267.93427,
            89.98001,
            -178.50957,
            90.0001
        ],
        [
            447.97836,
            -656.3731,
            267.93552,
            89.98006,
            -178.50943,
            90.0001
        ],
        [
            447.97827,
            -656.3729,
            267.93396,
            89.97999,
            -178.50949,
            90.0001
        ],
        [
            447.9784,
            -656.3727,
            267.935,
            89.980064,
            -178.50954,
            90.0001
        ],
        [
            447.9777,
            -656.3732,
            267.93427,
            89.97999,
            -178.50949,
            90.0
        ],
        [
            447.97845,
            -656.37274,
            267.9353,
            89.98009,
            -178.50949,
            90.00015
        ],
        [
            447.97803,
            -656.37256,
            267.93365,
            89.97994,
            -178.50969,
            90.00005
        ],
        [
            447.97818,
            -656.37274,
            267.93365,
            89.97997,
            -178.50958,
            90.00011
        ],
        [
            447.97827,
            -656.3729,
            267.93396,
            89.979996,
            -178.5096,
            90.0001
        ],
        [
            447.97797,
            -656.3726,
            267.9345,
            89.97995,
            -178.50948,
            90.00016
        ],
        [
            447.97864,
            -656.3723,
            267.93335,
            89.97994,
            -178.50958,
            90.0001
        ],
        [
            447.9795,
            -656.3724,
            267.93497,
            89.9802,
            -178.50966,
            90.00007
        ],
        [
            447.97888,
            -656.37244,
            267.93436,
            89.980034,
            -178.50952,
            90.00009
        ],
        [
            447.97867,
            -656.3719,
            267.93408,
            89.979996,
            -178.5096,
            90.000145
        ],
        [
            447.97934,
            -656.37195,
            267.93405,
            89.98001,
            -178.50961,
            90.00014
        ],
        [
            447.97873,
            -656.37213,
            267.93375,
            89.979996,
            -178.50966,
            90.00009
        ],
        [
            447.97855,
            -656.3721,
            267.9337,
            89.97995,
            -178.50958,
            90.00015
        ],
        [
            447.97934,
            -656.3718,
            267.93408,
            89.98002,
            -178.50957,
            90.00019
        ],
        [
            447.97873,
            -656.372,
            267.93314,
            89.97998,
            -178.50969,
            90.000145
        ],
        [
            447.97855,
            -656.3722,
            267.93304,
            89.97993,
            -178.50967,
            90.0001
        ],
        [
            447.97873,
            -656.3722,
            267.93375,
            89.97999,
            -178.5096,
            90.00004
        ],
        [
            447.97873,
            -656.3717,
            267.93262,
            89.97998,
            -178.50986,
            90.000084
        ],
        [
            447.9792,
            -656.3715,
            267.93408,
            89.979996,
            -178.50966,
            90.00019
        ],
        [
            447.97934,
            -656.3714,
            267.93356,
            89.98003,
            -178.50966,
            90.00018
        ],
        [
            447.9791,
            -656.3715,
            267.93314,
            89.97995,
            -178.50967,
            90.000084
        ],
        [
            447.97806,
            -656.3716,
            267.93307,
            89.97968,
            -178.50996,
            90.00077
        ],
        [
            447.9741,
            -656.3712,
            267.931,
            89.97879,
            -178.51125,
            90.00197
        ],
        [
            447.9706,
            -656.372,
            267.92902,
            89.977974,
            -178.51167,
            90.00262
        ],
        [
            447.96942,
            -656.37256,
            267.92926,
            89.977806,
            -178.51154,
            90.00265
        ],
        [
            447.9696,
            -656.37213,
            267.92847,
            89.9777,
            -178.51163,
            90.002815
        ],
        [
            447.96918,
            -656.372,
            267.92892,
            89.97776,
            -178.5116,
            90.00292
        ],
        [
            447.96945,
            -656.3721,
            267.92902,
            89.977684,
            -178.51152,
            90.00293
        ],
        [
            447.9696,
            -656.37213,
            267.92902,
            89.977715,
            -178.51147,
            90.00304
        ],
        [
            447.9696,
            -656.37195,
            267.9291,
            89.97773,
            -178.51149,
            90.00282
        ],
        [
            447.9696,
            -656.3721,
            267.92847,
            89.97771,
            -178.51152,
            90.00287
        ],
        [
            447.96927,
            -656.3724,
            267.9292,
            89.977776,
            -178.5114,
            90.002815
        ],
        [
            447.9698,
            -656.37213,
            267.9292,
            89.97777,
            -178.5114,
            90.00281
        ],
        [
            447.9698,
            -656.37213,
            267.9292,
            89.97777,
            -178.5114,
            90.00281
        ],
        [
            447.96976,
            -656.37195,
            267.9286,
            89.97775,
            -178.51138,
            90.00286
        ],
        [
            447.96936,
            -656.37244,
            267.9296,
            89.977806,
            -178.51126,
            90.00265
        ],
        [
            447.9696,
            -656.3725,
            267.92938,
            89.97786,
            -178.51123,
            90.00265
        ],
        [
            447.96967,
            -656.3723,
            267.92853,
            89.97786,
            -178.51128,
            90.00259
        ],
        [
            447.96957,
            -656.3728,
            267.9287,
            89.97782,
            -178.51117,
            90.00248
        ],
        [
            447.96976,
            -656.3727,
            267.9288,
            89.977875,
            -178.51125,
            90.00248
        ],
        [
            447.9697,
            -656.3726,
            267.92978,
            89.97789,
            -178.5111,
            90.00248
        ],
        [
            447.96985,
            -656.37256,
            267.9286,
            89.9779,
            -178.51114,
            90.00242
        ],
        [
            447.9699,
            -656.37274,
            267.9289,
            89.97791,
            -178.51111,
            90.00242
        ],
        [
            447.96994,
            -656.37274,
            267.92953,
            89.977936,
