{
    "CMD": 91,
    "motion_trajectory": [
        [
            448.8782,
            -541.3828,
            267.0988,
            89.97953,
            -178.5496,
            89.95013
        ],
        [
            448.8782,
            -541.38275,
            267.09937,
            89.97957,
            -178.54958,
            89.95018
        ],
        [
            448.8785,
            -541.38293,
            267.10028,
            89.97966,
            -178.54951,
            89.95016
        ],
        [
            448.8785,
            -541.383,
            267.10025,
            89.979645,
            -178.54951,
            89.95011
        ],
        [
            448.8778,
            -541.3831,
            267.0999,
            89.97959,
            -178.54948,
            89.950134
        ],
        [
            448.8784,
            -541.38275,
            267.1006,
            89.97966,
            -178.54947,
            89.95016
        ],
        [
            448.8784,
            -541.3828,
            267.1,
            89.97962,
            -178.5495,
            89.95011
        ],
        [
            448.87845,
            -541.3825,
            267.10043,
            89.97968,
            -178.54953,
            89.95014
        ],
        [
            448.87796,
            -541.3832,
            267.10056,
            89.979645,
            -178.54951,
            89.950066
        ],
        [
            448.87796,
            -541.3831,
            267.1006,
            89.97966,
            -178.54947,
            89.95011
        ],
        [
            448.87872,
            -541.3822,
            267.1003,
            89.97964,
            -178.54956,
            89.9502
        ],
        [
            448.87872,
            -541.3822,
            267.1003,
            89.97964,
            -178.54956,
            89.9502
        ],
        [
            448.8782,
            -541.38214,
            267.09933,
            89.9796,
            -178.54965,
            89.950096
        ],
        [
            448.87805,
            -541.38214,
            267.09982,
            89.97959,
            -178.5497,
            89.950165
        ],
        [
            448.8789,
            -541.38226,
            267.10095,
            89.97969,
            -178.54948,
            89.950134
        ],
        [
            448.87845,
            -541.3827,
            267.10037,
            89.979645,
            -178.54959,
            89.95004
        ],
        [
            448.87808,
            -541.38226,
            267.10086,
            89.97962,
            -178.54956,
            89.95011
        ],
        [
            448.87857,
            -541.3829,
            267.10117,
            89.97969,
            -178.54945,
            89.95004
        ],
        [
            448.87848,
            -541.3827,
            267.10092,
            89.97967,
            -178.54955,
            89.95004
        ],
        [
            448.8826,
            -541.3803,
            267.10507,
            89.98124,
            -178.55002,
            89.95049
        ],
        [
            448.8929,
            -541.38635,
            267.15558,
            89.98525,
            -178.54704,
            89.949936
        ],
        [
            448.8985,
            -541.38403,
            267.17584,
            89.9865,
            -178.54579,
            89.95022
        ],
        [
            448.8979,
            -541.3841,
            267.17468,
            89.98673,
            -178.54608,
            89.95025
        ],
        [
            448.8968,
            -541.386,
            267.1781,
            89.986534,
            -178.54558,
            89.94995
        ],
        [
            448.89594,
            -541.38495,
            267.17374,
            89.98644,
            -178.54602,
            89.950264
        ],
        [
            448.89786,
            -541.3834,
            267.1708,
            89.98666,
            -178.54648,
            89.950386
        ],
        [
            448.89474,
            -541.38745,
            267.18152,
            89.9869,
            -178.54832,
            89.951866
        ],
        [
            448.89548,
            -541.3851,
            267.17844,
            89.98731,
            -178.55043,
            89.952866
        ],
        [
            448.89487,
            -541.38605,
            267.1825,
            89.987404,
            -178.55026,
            89.95292
        ],
        [
            448.89554,
            -541.38513,
            267.17953,
            89.98741,
            -178.55049,
            89.95309
        ],
        [
            448.89487,
            -541.3856,
            267.18127,
            89.9874,
            -178.5503,
            89.95295
        ],
        [
            448.8955,
            -541.38544,
            267.18024,
            89.98741,
            -178.55023,
            89.9531
        ],
        [
            448.8958,
            -541.386,
            267.18155,
            89.98745,
            -178.55014,
            89.95288
        ],
        [
            448.89536,
            -541.3859,
            267.18106,
            89.987335,
            -178.55002,
            89.95291
        ],
        [
            448.8954,
            -541.3854,
            267.17935,
            89.98733,
            -178.55014,
            89.953
        ],
        [
            448.89563,
            -541.3855,
            267.17917,
            89.98737,
            -178.55023,
            89.95298
        ],
        [
            448.89557,
            -541.38556,
            267.18048,
            89.98738,
            -178.55003,
            89.95288
        ],
        [
            448.8961,
            -541.386,
            267.1819,
            89.98737,
            -178.5497,
            89.95279
        ],
        [
            448.8955,
            -541.3859,
            267.1806,
            89.98734,
            -178.5498,
            89.95285
        ],
        [
            448.8951,
            -541.3858,
            267.18,
            89.98738,
            -178.54976,
            89.95289
        ],
        [
            448.8953,
            -541.38574,
            267.18057,
            89.98728,
            -178.54974,
            89.95274
        ],
        [
            448.89532,
            -541.38544,
            267.17987,
            89.98728,
            -178.54974,
            89.95273
        ],
        [
            448.89542,
            -541.38544,
            267.1791,
            89.9873,
            -178.54973,
            89.952835
        ],
        [
            448.89545,
            -541.3856,
            267.17957,
            89.98728,
            -178.54951,
            89.95273
        ],
        [
            448.8954,
            -541.3861,
            267.1802,
            89.98724,
            -178.54936,
            89.952644
        ],
        [
            448.89484,
            -541.3862,
            267.17938,
            89.9872,
            -178.54944,
            89.9526
        ],
        [
            448.89557,
            -541.38617,
            267.18082,
            89.98729,
            -178.54924,
            89.952576
        ],
        [
            448.89545,
            -541.3859,
            267.17947,
            89.98722,
            -178.54913,
            89.952576
        ],
        [
            448.89572,
            -541.3862,
            267.17923,
            89.98723,
            -178.54906,
            89.95246
        ],
        [
            448.89545,
            -541.3861,
            267.17996,
            89.987206,
            -178.549,
            89.95248
        ],
        [
            448.89575,
            -541.3857,
            267.17966,
            89.98717,
            -178.54892,
