{
    "CMD": 90,
    "motion_trajectory": [
        [
            447.97748,
            -656.37305,
            267.93295,
            89.979904,
            -178.50961,
            90.000114
        ],
        [
            447.9775,
            -656.37305,
            267.93356,
            89.97993,
            -178.50961,
            90.000114
        ],
        [
            447.97705,
            -656.3736,
            267.93326,
            89.97993,
            -178.50961,
            90.00007
        ],
        [
            447.97723,
            -656.37274,
            267.93256,
            89.97985,
            -178.50967,
            90.00023
        ],
        [
            447.9775,
            -656.3727,
            267.93243,
            89.97991,
            -178.50983,
            90.000114
        ],
        [
            447.97742,
            -656.3728,
            267.93265,
            89.97989,
            -178.5097,
            90.000175
        ],
        [
            447.97784,
            -656.3728,
            267.93283,
            89.97986,
            -178.50958,
            90.00017
        ],
        [
            447.97803,
            -656.37213,
            267.93307,
            89.97994,
            -178.50961,
            90.00027
        ],
        [
            447.97794,
            -656.37256,
            267.93265,
            89.97989,
            -178.50964,
            90.00017
        ],
        [
            447.97803,
            -656.37244,
            267.93304,
            89.97993,
            -178.50961,
            90.00011
        ],
        [
            447.97757,
            -656.3728,
            267.93274,
            89.979935,
            -178.50967,
            90.000114
        ],
        [
            447.9787,
            -656.3722,
            267.93304,
            89.97996,
            -178.50963,
            90.00026
        ],
        [
            447.97733,
            -656.3726,
            267.93234,
            89.97987,
            -178.50969,
            90.000175
        ],
        [
            447.9777,
            -656.37195,
            267.93173,
            89.97983,
            -178.50977,
            90.00022
        ],
        [
            447.97845,
            -656.3721,
            267.93265,
            89.97989,
            -178.5097,
            90.00027
        ],
        [
            447.97787,
            -656.372,
            267.93307,
            89.97991,
            -178.5097,
            90.00016
        ],
        [
            447.97778,
            -656.3724,
            267.93326,
            89.97988,
            -178.50964,
            90.00011
        ],
        [
            447.97787,
            -656.37225,
            267.93304,
            89.979904,
            -178.50966,
            90.00005
        ],
        [
            447.97787,
            -656.3725,
            267.93356,
            89.979904,
            -178.50961,
            90.00011
        ],
        [
            447.97803,
            -656.37195,
            267.93256,
            89.97994,
            -178.50972,
            90.00015
        ],
        [
            447.97812,
            -656.372,
            267.93347,
            89.97999,
            -178.50964,
            90.000206
        ],
        [
            447.97772,
            -656.37244,
            267.93356,
            89.97987,
            -178.50954,
            90.0
        ],
        [
            447.97797,
            -656.37195,
            267.93222,
            89.97991,
            -178.5097,
            90.000046
        ],
        [
            447.97797,
            -656.3725,
            267.934,
            89.97994,
            -178.50958,
            89.99999
        ],
        [
            447.97806,
            -656.37213,
            267.93286,
            89.979805,
            -178.50961,
            90.00005
        ],
        [
            447.97815,
            -656.3715,
            267.93277,
            89.97986,
            -178.50969,
            90.000046
        ],
        [
            447.97208,
            -656.37256,
            267.93112,
            89.97853,
            -178.51106,
            90.00164
        ],
        [
            447.96558,
            -656.37256,
            267.92697,
            89.97665,
            -178.51193,
            90.00353
        ],
        [
            447.96365,
            -656.3728,
            267.92596,
            89.976265,
            -178.51205,
            90.00386
        ],
        [
            447.96442,
            -656.3723,
            267.92584,
            89.97633,
            -178.51202,
            90.003784
        ],
        [
            447.96423,
            -656.3729,
            267.92654,
            89.97642,
            -178.51198,
            90.00373
        ],
        [
            447.96466,
            -656.3724,
            267.9256,
            89.97638,
            -178.51205,
            90.00378
        ],
        [
            447.9642,
            -656.37286,
            267.9259,
            89.9764,
            -178.5119,
            90.00373
        ],
        [
            447.9642,
            -656.37286,
            267.9259,
            89.9764,
            -178.5119,
            90.00373
        ],
        [
            447.9643,
            -656.37274,
            267.92508,
            89.9764,
            -178.51184,
            90.00368
        ],
        [
            447.96442,
            -656.3729,
            267.92725,
            89.97649,
            -178.51163,
            90.00367
        ],
        [
            447.9643,
            -656.3729,
            267.92566,
            89.97641,
            -178.51175,
            90.00356
        ],
        [
            447.96454,
            -656.373,
            267.92545,
            89.97646,
            -178.51172,
            90.00356
        ],
        [
            447.96448,
            -656.3726,
            267.92587,
            89.97649,
            -178.51173,
            90.0035
        ],
        [
            447.96497,
            -656.37305,
            267.92603,
            89.976585,
            -178.51169,
            90.00333
        ],
        [
            447.9648,
            -656.37335,
            267.92654,
            89.97655,
            -178.51135,
            90.00323
        ],
        [
            447.9655,
            -656.3729,
            267.92664,
            89.9766,
            -178.51126,
            90.003265
        ],
        [
            447.96594,
            -656.37274,
            267.9266,
            89.976715,
            -178.51132,
            90.00314
        ],
        [
            447.96567,
            -656.37305,
            267.927,
            89.97678,
            -178.5113,
            90.00314
        ],
        [
            447.96576,
            -656.3727,
            267.9259,
            89.97665,
            -178.51123,
            90.003204
        ],
        [
            447.96582,
            -656.3729,
            267.92648,
            89.976814,
            -178.51138,
            90.003136
        ],
        [
            447.966,
            -656.3734,
            267.92715,
            89.97686,
            -178.51114,
            90.00286
        ],
        [
            447.96625,
            -656.3734,
            267.92758,
            89.97694,
            -178.51102,
            90.002914
        ],
        [
            447.96625,
            -656.3736,
            267.92755,
            89.97692,
            -178.51097,
            90.0028
        ],
        [
            447.9665,
            -656.3733,
            267.92746,
            89.977,
            -178.51094,
            90.00279
        ],
        [
            447.96686,
            -656.3732,
            267.92825,
            89.97711,
