{
    "CMD": 91,
    "motion_trajectory": [
        [
            -275.20795,
            -182.746,
            667.8633,
            -73.66646,
            87.57495,
            103.879684
        ],
        [
            -275.20807,
            -182.74577,
            667.863,
            -73.66841,
            87.57487,
            103.87768
        ],
        [
            -275.20792,
            -182.746,
            667.8628,
            -73.66872,
            87.57498,
            103.87742
        ],
        [
            -275.20813,
            -182.74577,
            667.86365,
            -73.66579,
            87.57489,
            103.8803
        ],
        [
            -275.20795,
            -182.746,
            667.8633,
            -73.66646,
            87.57495,
            103.879684
        ],
        [
            -275.20792,
            -182.746,
            667.8629,
            -73.66785,
            87.57491,
            103.878296
        ],
        [
            -275.20734,
            -182.74603,
            667.86334,
            -73.666145,
            87.57484,
            103.87999
        ],
        [
            -275.2076,
            -182.746,
            667.86255,
            -73.6703,
            87.57494,
            103.875824
        ],
        [
            -275.20822,
            -182.74599,
            667.8626,
            -73.67046,
            87.57489,
            103.87567
        ],
        [
            -275.20776,
            -182.74579,
            667.86285,
            -73.66805,
            87.57491,
            103.878044
        ],
        [
            -275.20746,
            -182.7458,
            667.86316,
            -73.66652,
            87.57478,
            103.87958
        ],
        [
            -275.208,
            -182.74579,
            667.8625,
            -73.668365,
            87.57481,
            103.87773
        ],
        [
            -275.20807,
            -182.74579,
            667.8631,
            -73.66718,
            87.57485,
            103.878914
        ],
        [
            -275.20758,
            -182.74602,
            667.8626,
            -73.66857,
            87.57481,
            103.87757
        ],
        [
            -275.2078,
            -182.74579,
            667.8632,
            -73.66739,
            87.57485,
            103.87871
        ],
        [
            -275.208,
            -182.74579,
            667.86237,
            -73.669235,
            87.574875,
            103.87686
        ],
        [
            -275.20813,
            -182.746,
            667.86206,
            -73.66904,
            87.574875,
            103.87825
        ],
        [
            -275.2036,
            -182.7519,
            667.8617,
            -73.67133,
            87.57445,
            103.87606
        ],
        [
            -275.2018,
            -182.75494,
            667.8611,
            -73.67318,
            87.57447,
            103.87485
        ],
        [
            -275.20047,
            -182.7567,
            667.86053,
            -73.67428,
            87.57432,
            103.87413
        ],
        [
            -275.2001,
            -182.75713,
            667.86145,
            -73.67402,
            87.57426,
            103.87447
        ],
        [
            -275.2007,
            -182.75711,
            667.8614,
            -73.67295,
            87.57419,
            103.87555
        ],
        [
            -275.20074,
            -182.7569,
            667.86017,
            -73.67762,
            87.57419,
            103.870834
        ],
        [
            -275.20053,
            -182.75691,
            667.8614,
            -73.67222,
            87.57429,
            103.87623
        ],
        [
            -275.2002,
            -182.75691,
            667.8609,
            -73.67505,
            87.574265,
            103.8734
        ],
        [
            -275.20123,
            -182.75665,
            667.86053,
            -73.67654,
            87.57434,
            103.87187
        ],
        [
            -275.2011,
            -182.75641,
            667.86,
            -73.68035,
            87.5745,
            103.86802
        ],
        [
            -275.20093,
            -182.75616,
            667.85925,
            -73.6849,
            87.57456,
            103.86345
        ],
        [
            -275.20142,
            -182.75635,
            667.8591,
            -73.6868,
            87.574646,
            103.861595
        ],
        [
            -275.20126,
            -182.75615,
            667.8594,
            -73.68634,
            87.57458,
            103.862015
        ],
        [
            -275.20145,
            -182.75635,
            667.85944,
            -73.68548,
            87.57451,
            103.86293
        ],
        [
            -275.20175,
            -182.75633,
            667.8593,
            -73.68737,
            87.57459,
            103.86103
        ],
        [
            -275.20163,
            -182.75655,
            667.8597,
            -73.6867,
            87.574524,
            103.86174
        ],
        [
            -275.2017,
            -182.75612,
            667.8604,
            -73.68428,
            87.574554,
            103.86407
        ],
        [
            -275.20184,
            -182.75633,
            667.8605,
            -73.68305,
            87.57454,
            103.86534
        ],
        [
            -275.20178,
            -182.75633,
            667.85986,
            -73.685974,
            87.57463,
            103.86242
        ],
        [
            -275.2015,
            -182.75633,
            667.8599,
            -73.68624,
            87.57446,
            103.86216
        ],
        [
            -275.20178,
            -182.75633,
            667.86005,
            -73.68358,
            87.57443,
            103.86483
        ],
        [
            -275.20166,
            -182.75612,
            667.86005,
            -73.684944,
            87.574615,
            103.8634
        ],
        [
            -275.2013,
            -182.75635,
            667.861,
            -73.68222,
            87.574524,
            103.866165
        ],
        [
            -275.20154,
            -182.75635,
            667.8604,
            -73.68428,
            87.574554,
            103.86411
        ],
        [
            -275.2018,
            -182.75633,
            667.86005,
            -73.68567,
            87.57452,
            103.862724
        ],
        [
            -275.20197,
            -182.7561,
            667.8602,
            -73.68603,
            87.57446,
            103.86232
        ],
        [
            -275.20123,
            -182.75636,
            667.86066,
            -73.68152,
            87.57441,
            103.86688
        ],
        [
            -275.20187,
            -182.75633,
            667.86066,
            -73.683044,
            87.57454,
            103.86534
        ],
        [
            -275.2017,
            -182.75613,
            667.86053,
            -73.68341,
            87.574486,
            103.86494
        ],
        [
            -275.2015,
            -182.75635,
            667.86035,
            -73.684135,
            87.57438,
            103.86426
        ],
        [
            -275.20163,
            -182.75635,
            667.8617,
            -73.67945,
            87.57438,
            103.868935
        ],
        [
            -275.20154,
            -182.75636,
            667.8607,
            -73.68059,
            87.57451,
            103.86781
        ],
        [
            -275.20114,
            -182.75659,
            667.8613,
            -73.67889,
            87.57443,
            103.86955
        ],
        [
            -275.20126,
