{
    "CMD": 91,
    "motion_trajectory": [
        [
            448.6858,
            -598.99316,
            272.1001,
            89.129395,
            -178.60968,
            89.990234
        ],
        [
            448.68613,
            -598.99304,
            272.1009,
            89.12951,
            -178.60974,
            89.99021
        ],
        [
            448.68613,
            -598.9931,
            272.10147,
            89.12953,
            -178.60971,
            89.99021
        ],
        [
            448.68558,
            -598.99365,
            272.10107,
            89.129486,
            -178.60968,
            89.99017
        ],
        [
            448.68613,
            -598.99304,
            272.1003,
            89.12949,
            -178.60985,
            89.99021
        ],
        [
            448.68622,
            -598.99335,
            272.10114,
            89.129524,
            -178.60976,
            89.99015
        ],
        [
            448.6867,
            -598.99286,
            272.10117,
            89.12953,
            -178.60976,
            89.99025
        ],
        [
            448.68613,
            -598.99316,
            272.10144,
            89.129524,
            -178.60971,
            89.99016
        ],
        [
            448.6866,
            -598.9926,
            272.1015,
            89.12955,
            -178.60971,
            89.9903
        ],
        [
            448.68668,
            -598.99255,
            272.10126,
            89.12955,
            -178.60983,
            89.99019
        ],
        [
            448.68668,
            -598.99243,
            272.1007,
            89.12954,
            -178.60982,
            89.99024
        ],
        [
            448.6866,
            -598.99274,
            272.10147,
            89.12953,
            -178.60971,
            89.99025
        ],
        [
            448.68646,
            -598.99304,
            272.10165,
            89.12959,
            -178.6098,
            89.990135
        ],
        [
            448.68658,
            -598.99316,
            272.10254,
            89.12967,
            -178.60968,
            89.99018
        ],
        [
            448.687,
            -598.99243,
            272.1009,
            89.12962,
            -178.60986,
            89.990166
        ],
        [
            448.687,
            -598.99225,
            272.10153,
            89.12966,
            -178.60982,
            89.99027
        ],
        [
            448.68777,
            -598.9921,
            272.10248,
            89.129745,
            -178.60977,
            89.99025
        ],
        [
            448.68738,
            -598.9919,
            272.10062,
            89.1296,
            -178.60985,
            89.99021
        ],
        [
            448.68744,
            -598.99225,
            272.10168,
            89.12963,
            -178.60971,
            89.99028
        ],
        [
            448.68777,
            -598.9922,
            272.10187,
            89.12971,
            -178.60976,
            89.990204
        ],
        [
            448.68747,
            -598.99164,
            272.1016,
            89.12967,
            -178.60983,
            89.990204
        ],
        [
            448.69052,
            -598.9912,
            272.10785,
            89.1305,
            -178.60965,
            89.990265
        ],
        [
            448.69016,
            -598.9919,
            272.1081,
            89.130516,
            -178.60966,
            89.990166
        ],
        [
            448.68988,
            -598.99176,
            272.1083,
            89.13046,
            -178.60959,
            89.99017
        ],
        [
            448.69012,
            -598.99146,
            272.10822,
            89.13054,
            -178.60968,
            89.99015
        ],
        [
            448.68756,
            -598.98785,
            272.10876,
            89.13071,
            -178.61076,
            89.9933
        ],
        [
            448.68732,
            -598.98346,
            272.1104,
            89.13134,
            -178.61176,
            89.99599
        ],
        [
            448.68762,
            -598.98193,
            272.11057,
            89.13143,
            -178.61201,
            89.99667
        ],
        [
            448.68723,
            -598.98206,
            272.1098,
            89.13143,
            -178.61217,
            89.99662
        ],
        [
            448.6885,
            -598.9813,
            272.11,
            89.131516,
            -178.61223,
            89.996635
        ],
        [
            448.68796,
            -598.9821,
            272.11072,
            89.13149,
            -178.61212,
            89.99649
        ],
        [
            448.68796,
            -598.9822,
            272.1101,
            89.131454,
            -178.61215,
            89.996445
        ],
        [
            448.68793,
            -598.9826,
            272.11203,
            89.131485,
            -178.61203,
            89.9964
        ],
        [
            448.68723,
            -598.9827,
            272.10965,
            89.131355,
            -178.61212,
            89.99625
        ],
        [
            448.68765,
            -598.983,
            272.1101,
            89.13145,
            -178.61212,
            89.99612
        ],
        [
            448.6875,
            -598.98334,
            272.11053,
            89.131386,
            -178.61206,
            89.99597
        ],
        [
            448.68765,
            -598.9835,
            272.1106,
            89.13141,
            -178.61208,
            89.99586
        ],
        [
            448.68796,
            -598.9833,
            272.1099,
            89.13133,
            -178.61205,
            89.99586
        ],
        [
            448.6878,
            -598.9837,
            272.1109,
            89.131294,
            -178.61194,
            89.99571
        ],
        [
            448.68814,
            -598.9841,
            272.111,
            89.13133,
            -178.61198,
            89.99542
        ],
        [
            448.68823,
            -598.9845,
            272.11063,
            89.131294,
            -178.61192,
            89.99527
        ],
        [
            448.68796,
            -598.9848,
            272.11075,
            89.1312,
            -178.61179,
            89.99507
        ],
        [
            448.68747,
            -598.9857,
            272.11002,
            89.13112,
            -178.61177,
            89.994705
        ],
        [
            448.68796,
            -598.9859,
            272.10992,
            89.13106,
            -178.61171,
            89.99449
        ],
        [
            448.68768,
            -598.9862,
            272.11005,
            89.13097,
            -178.61168,
            89.994286
        ],
        [
            448.68796,
            -598.9868,
            272.1109,
            89.131004,
            -178.61157,
            89.99401
        ],
        [
            448.68802,
            -598.98694,
            272.10947,
            89.130936,
            -178.61165,
            89.99379
        ],
        [
            448.68842,
            -598.9873,
            272.10953,
            89.13086,
            -178.61159,
            89.99358
        ],
        [
            448.6882,
            -598.9883,
            272.10983,
            89.13087,
            -178.61145,
            89.99326
        ],
        [
            448.68793,
            -598.98846,
            272.10938,
            89.13077,
            -178.61147,
            89.99312
        ],
        [
            448.68747,
            -598.9891,
            272.1093,
