{
    "CMD": 91,
    "motion_trajectory": [
        [
            448.87848,
            -541.38293,
            267.10147,
            89.97982,
            -178.54999,
            89.95006
        ],
        [
            448.87842,
            -541.3825,
            267.10107,
            89.97982,
            -178.55016,
            89.95004
        ],
        [
            448.8783,
            -541.3824,
            267.10022,
            89.97976,
            -178.55017,
            89.95
        ],
        [
            448.87885,
            -541.38214,
            267.10052,
            89.9798,
            -178.55008,
            89.95009
        ],
        [
            448.87845,
            -541.38245,
            267.1022,
            89.97988,
            -178.55002,
            89.950096
        ],
        [
            448.87854,
            -541.3827,
            267.10132,
            89.97984,
            -178.55,
            89.95004
        ],
        [
            448.87845,
            -541.3825,
            267.10162,
            89.97984,
            -178.55006,
            89.95004
        ],
        [
            448.8782,
            -541.38214,
            267.1011,
            89.9798,
            -178.55003,
            89.95004
        ],
        [
            448.87842,
            -541.3824,
            267.1011,
            89.979836,
            -178.54999,
            89.950096
        ],
        [
            448.8783,
            -541.38226,
            267.10028,
            89.979774,
            -178.55006,
            89.95004
        ],
        [
            448.87842,
            -541.3825,
            267.10107,
            89.97982,
            -178.54999,
            89.95004
        ],
        [
            448.87848,
            -541.38226,
            267.10092,
            89.97984,
            -178.55005,
            89.95003
        ],
        [
            448.8792,
            -541.3821,
            267.10184,
            89.979935,
            -178.54994,
            89.95005
        ],
        [
            448.87875,
            -541.3819,
            267.1014,
            89.979836,
            -178.54993,
            89.95014
        ],
        [
            448.8789,
            -541.38184,
            267.1015,
            89.97988,
            -178.54991,
            89.95012
        ],
        [
            448.87915,
            -541.3822,
            267.10202,
            89.97993,
            -178.54994,
            89.95012
        ],
        [
            448.8791,
            -541.3819,
            267.10196,
            89.97986,
            -178.5499,
            89.95014
        ],
        [
            448.87872,
            -541.3825,
            267.10205,
            89.97995,
            -178.54982,
            89.95013
        ],
        [
            448.88046,
            -541.38055,
            267.1047,
            89.98087,
            -178.55006,
            89.95071
        ],
        [
            448.89148,
            -541.397,
            267.17163,
            89.98616,
            -178.54387,
            89.95284
        ],
        [
            448.89566,
            -541.39746,
            267.18088,
            89.987625,
            -178.54341,
            89.95347
        ],
        [
            448.90155,
            -541.3932,
            267.18295,
            89.98791,
            -178.54338,
            89.95411
        ],
        [
            448.8985,
            -541.3959,
            267.18372,
            89.98766,
            -178.543,
            89.95396
        ],
        [
            448.899,
            -541.3983,
            267.18933,
            89.98834,
            -178.54247,
            89.955864
        ],
        [
            448.9006,
            -541.40485,
            267.201,
            89.989174,
            -178.54071,
            89.95682
        ],
        [
            448.901,
            -541.40515,
            267.20114,
            89.98958,
            -178.54057,
            89.95775
        ],
        [
            448.9014,
            -541.4026,
            267.20285,
            89.99026,
            -178.54047,
            89.9593
        ],
        [
            448.90216,
            -541.40344,
            267.20587,
            89.99033,
            -178.54018,
            89.959206
        ],
        [
            448.90234,
            -541.40247,
            267.20197,
            89.99032,
            -178.54062,
            89.959305
        ],
        [
            448.90204,
            -541.40375,
            267.20496,
            89.99036,
            -178.54031,
            89.95907
        ],
        [
            448.9022,
            -541.40344,
            267.20404,
            89.990395,
            -178.54036,
            89.95916
        ],
        [
            448.90213,
            -541.404,
            267.20462,
            89.99034,
            -178.54036,
            89.95902
        ],
        [
            448.90143,
            -541.4044,
            267.20474,
            89.99026,
            -178.54028,
            89.95889
        ],
        [
            448.90207,
            -541.4036,
            267.20364,
            89.990295,
            -178.54051,
            89.958954
        ],
        [
            448.9022,
            -541.4042,
            267.2049,
            89.99031,
            -178.54034,
            89.9588
        ],
        [
            448.90167,
            -541.40375,
            267.2034,
            89.990135,
            -178.54042,
            89.95872
        ],
        [
            448.90192,
            -541.4037,
            267.20218,
            89.99017,
            -178.54051,
            89.9588
        ],
        [
            448.90173,
            -541.40344,
            267.20328,
            89.99018,
            -178.54048,
            89.958755
        ],
        [
            448.90283,
            -541.4036,
            267.20416,
            89.99015,
            -178.54036,
            89.95859
        ],
        [
            448.90176,
            -541.4036,
            267.20242,
            89.99008,
            -178.54059,
            89.95848
        ],
        [
            448.90167,
            -541.404,
            267.20248,
            89.98997,
            -178.54063,
            89.95818
        ],
        [
            448.90158,
            -541.40344,
            267.20157,
            89.98997,
            -178.54068,
            89.95821
        ],
        [
            448.90228,
            -541.4041,
            267.20297,
            89.989944,
            -178.54057,
            89.957954
        ],
        [
            448.902,
            -541.4036,
            267.20135,
            89.98985,
            -178.54079,
            89.957954
        ],
        [
            448.9021,
            -541.404,
            267.20212,
            89.98981,
            -178.54066,
            89.957634
        ],
        [
            448.90152,
            -541.4041,
            267.20074,
            89.98974,
            -178.54073,
            89.957596
        ],
        [
            448.9021,
            -541.40454,
            267.20135,
            89.98967,
            -178.54076,
            89.95734
        ],
        [
            448.90237,
            -541.4041,
            267.19992,
            89.98957,
            -178.54082,
            89.95728
        ],
        [
            448.90186,
            -541.4047,
            267.20062,
            89.98952,
            -178.54077,
            89.95703
        ],
        [
            448.90244,
            -541.40485,
            267.2001,
            89.9895,
            -178.54079,
            89.95692
        ],
        [
            448.90198,
            -541.40424,
            267.19888,
            89.989296,
