{
    "CMD": 90,
    "motion_trajectory": [
        [
            448.8373,
            -541.4124,
            267.85156,
            89.969826,
            -178.55977,
            89.95023
        ],
        [
            448.83786,
            -541.4125,
            267.85175,
            89.96981,
            -178.55968,
            89.95017
        ],
        [
            448.838,
            -541.4123,
            267.85135,
            89.96986,
            -178.5598,
            89.95021
        ],
        [
            448.837,
            -541.4131,
            267.85178,
            89.96983,
            -178.55968,
            89.950134
        ],
        [
            448.8373,
            -541.41254,
            267.85153,
            89.96981,
            -178.55972,
            89.95018
        ],
        [
            448.83762,
            -541.4126,
            267.85193,
            89.969894,
            -178.55971,
            89.95021
        ],
        [
            448.838,
            -541.4123,
            267.85135,
            89.96986,
            -178.5598,
            89.95021
        ],
        [
            448.8384,
            -541.41223,
            267.85205,
            89.96986,
            -178.55959,
            89.95027
        ],
        [
            448.83798,
            -541.41254,
            267.85205,
            89.96986,
            -178.55965,
            89.950226
        ],
        [
            448.83804,
            -541.4123,
            267.8519,
            89.96988,
            -178.55971,
            89.95021
        ],
        [
            448.83847,
            -541.4119,
            267.8519,
            89.96988,
            -178.55971,
            89.95026
        ],
        [
            448.83823,
            -541.41156,
            267.85138,
            89.96983,
            -178.55978,
            89.95026
        ],
        [
            448.83893,
            -541.41174,
            267.85297,
            89.9699,
            -178.55963,
            89.95025
        ],
        [
            448.83813,
            -541.4123,
            267.85214,
            89.96977,
            -178.55956,
            89.95019
        ],
        [
            448.83716,
            -541.4118,
            267.85016,
            89.96949,
            -178.55974,
            89.95014
        ],
        [
            448.83636,
            -541.41095,
            267.8484,
            89.96931,
            -178.55983,
            89.95023
        ],
        [
            448.8355,
            -541.41095,
            267.84665,
            89.96917,
            -178.55995,
            89.9502
        ],
        [
            448.83627,
            -541.41077,
            267.84866,
            89.96931,
            -178.55988,
            89.95023
        ],
        [
            448.83566,
            -541.4112,
            267.84857,
            89.96926,
            -178.55986,
            89.9502
        ],
        [
            448.8359,
            -541.4108,
            267.84735,
            89.96917,
            -178.5599,
            89.950264
        ],
        [
            448.83606,
            -541.4109,
            267.8474,
            89.96919,
            -178.55994,
            89.9502
        ],
        [
            448.8358,
            -541.40985,
            267.8466,
            89.969185,
            -178.56006,
            89.95029
        ],
        [
            448.8361,
            -541.4107,
            267.84827,
            89.969215,
            -178.55984,
            89.950195
        ],
        [
            448.83633,
            -541.4105,
            267.8479,
            89.96919,
            -178.55988,
            89.95031
        ],
        [
            448.8351,
            -541.4106,
            267.846,
            89.96908,
            -178.56001,
            89.950226
        ],
        [
            448.83563,
            -541.41046,
            267.8469,
            89.969154,
            -178.55995,
            89.9502
        ],
        [
            448.83597,
            -541.4108,
            267.84824,
            89.9692,
            -178.55984,
            89.95015
        ],
        [
            448.83243,
            -541.4112,
            267.84543,
            89.96873,
            -178.56062,
            89.95134
        ],
        [
            448.82532,
            -541.40936,
            267.8424,
            89.967766,
            -178.56296,
            89.95428
        ],
        [
            448.82416,
            -541.4087,
            267.84216,
            89.96758,
            -178.56358,
            89.95522
        ],
        [
            448.82297,
            -541.4083,
            267.84082,
            89.967285,
            -178.56357,
            89.955315
        ],
        [
            448.82278,
            -541.4091,
            267.84244,
            89.96738,
            -178.56335,
            89.95526
        ],
        [
            448.8229,
            -541.40924,
            267.8427,
            89.96742,
            -178.56326,
            89.955315
        ],
        [
            448.8231,
            -541.4086,
            267.84158,
            89.967316,
            -178.56345,
            89.95526
        ],
        [
            448.8225,
            -541.409,
            267.84207,
            89.96731,
            -178.56332,
            89.955284
        ],
        [
            448.8232,
            -541.4088,
            267.8413,
            89.967316,
            -178.56334,
            89.95526
        ],
        [
            448.82306,
            -541.4095,
            267.8422,
            89.967384,
            -178.56322,
            89.95515
        ],
        [
            448.8228,
            -541.40985,
            267.84225,
            89.967415,
            -178.56331,
            89.95503
        ],
        [
            448.8228,
            -541.40924,
            267.84103,
            89.96728,
            -178.56319,
            89.95505
        ],
        [
            448.82294,
            -541.4095,
            267.84073,
            89.96726,
            -178.56313,
            89.954994
        ],
        [
            448.8231,
            -541.40985,
            267.84125,
            89.967255,
            -178.56294,
            89.95477
        ],
        [
            448.82385,
            -541.40936,
            267.84146,
            89.96735,
            -178.5629,
            89.95479
        ],
        [
            448.82407,
            -541.40955,
            267.84262,
            89.9674,
            -178.56267,
            89.954666
        ],
        [
            448.82376,
            -541.4098,
            267.84155,
            89.96723,
            -178.56256,
            89.95448
        ],
        [
            448.8239,
            -541.4097,
            267.84113,
            89.967255,
            -178.56258,
            89.95447
        ],
        [
            448.82413,
            -541.4102,
            267.84222,
            89.967415,
            -178.56241,
            89.954315
        ],
        [
            448.82452,
            -541.41016,
            267.84158,
            89.96734,
            -178.5624,
            89.95421
        ],
        [
            448.8241,
            -541.4106,
            267.84155,
            89.967316,
            -178.56233,
            89.95411
        ],
        [
            448.82428,
            -541.41,
            267.84042,
            89.96721,
            -178.56241,
            89.954056
        ],
        [
            448.82428,
            -541.4108,
            267.8421,
            89.96733,
            -178.562,
            89.95394
        ],
        [
            448.82486,
            -541.4106,
            267.8416,
            89.967316,
