{
    "CMD": 91,
    "motion_trajectory": [
        [
            447.97754,
            -656.3724,
            267.92996,
            89.97971,
            -178.50975,
            90.00028
        ],
        [
            447.97696,
            -656.37274,
            267.93027,
            89.97971,
            -178.50981,
            90.00018
        ],
        [
            447.97696,
            -656.3726,
            267.9309,
            89.97974,
            -178.50972,
            90.00024
        ],
        [
            447.97687,
            -656.37244,
            267.93,
            89.9797,
            -178.5098,
            90.000244
        ],
        [
            447.978,
            -656.37256,
            267.9317,
            89.97987,
            -178.5098,
            90.00022
        ],
        [
            447.97757,
            -656.37244,
            267.9312,
            89.97976,
            -178.50974,
            90.00028
        ],
        [
            447.97757,
            -656.3721,
            267.9307,
            89.97977,
            -178.50984,
            90.00028
        ],
        [
            447.97742,
            -656.37225,
            267.9312,
            89.97973,
            -178.50972,
            90.00023
        ],
        [
            447.97748,
            -656.3723,
            267.9309,
            89.97974,
            -178.50983,
            90.00028
        ],
        [
            447.97736,
            -656.37213,
            267.93155,
            89.97973,
            -178.50972,
            90.00023
        ],
        [
            447.9782,
            -656.37213,
            267.93225,
            89.97982,
            -178.50972,
            90.00021
        ],
        [
            447.97797,
            -656.3714,
            267.93134,
            89.97977,
            -178.50974,
            90.00033
        ],
        [
            447.97745,
            -656.37177,
            267.93134,
            89.97977,
            -178.50978,
            90.00028
        ],
        [
            447.97763,
            -656.3716,
            267.93115,
            89.97967,
            -178.50974,
            90.000336
        ],
        [
            447.97766,
            -656.37177,
            267.93112,
            89.97982,
            -178.50981,
            90.00033
        ],
        [
            447.97778,
            -656.37146,
            267.93063,
            89.9797,
            -178.50975,
            90.00033
        ],
        [
            447.97806,
            -656.3717,
            267.93225,
            89.979805,
            -178.5097,
            90.00027
        ],
        [
            447.97806,
            -656.3717,
            267.93225,
            89.979805,
            -178.5097,
            90.00027
        ],
        [
            447.9782,
            -656.37164,
            267.93237,
            89.97985,
            -178.50967,
            90.00027
        ],
        [
            447.97787,
            -656.37146,
            267.93164,
            89.97975,
            -178.50967,
            90.00021
        ],
        [
            447.97858,
            -656.3713,
            267.93234,
            89.97981,
            -178.50972,
            90.000145
        ],
        [
            447.97806,
            -656.37146,
            267.93112,
            89.979774,
            -178.50984,
            90.00016
        ],
        [
            447.97842,
            -656.3713,
            267.93228,
            89.979774,
            -178.50969,
            90.000206
        ],
        [
            447.97858,
            -656.37103,
            267.93176,
            89.979805,
            -178.50975,
            90.00026
        ],
        [
            447.97794,
            -656.3718,
            267.93185,
            89.97976,
            -178.50974,
            90.00033
        ],
        [
            447.97418,
            -656.3694,
            267.9313,
            89.97906,
            -178.51276,
            90.0026
        ],
        [
            447.97235,
            -656.3698,
            267.93057,
            89.97885,
            -178.51378,
            90.00297
        ],
        [
            447.9723,
            -656.3691,
            267.93002,
            89.97871,
            -178.51434,
            90.0033
        ],
        [
            447.97256,
            -656.3687,
            267.93018,
            89.978645,
            -178.51442,
            90.003525
        ],
        [
            447.9717,
            -656.3692,
            267.92996,
            89.97855,
            -178.51425,
            90.00349
        ],
        [
            447.97137,
            -656.3694,
            267.92978,
            89.978455,
            -178.51414,
            90.0035
        ],
        [
            447.97165,
            -656.36896,
            267.9303,
            89.97855,
            -178.51414,
            90.00354
        ],
        [
            447.9718,
            -656.3695,
            267.93088,
            89.97859,
            -178.51396,
            90.00343
        ],
        [
            447.97153,
            -656.3698,
            267.93036,
            89.97849,
            -178.5138,
            90.00344
        ],
        [
            447.97147,
            -656.36957,
            267.9307,
            89.97849,
            -178.51369,
            90.003494
        ],
        [
            447.97137,
            -656.3694,
            267.92978,
            89.978455,
            -178.51376,
            90.0036
        ],
        [
            447.97186,
            -656.3696,
            267.93057,
            89.97859,
            -178.51363,
            90.00343
        ],
        [
            447.97214,
            -656.3693,
            267.93015,
            89.978516,
            -178.51349,
            90.00343
        ],
        [
            447.9719,
            -656.3692,
            267.92975,
            89.97845,
            -178.5134,
            90.00343
        ],
        [
            447.97214,
            -656.3697,
            267.9301,
            89.97849,
            -178.51326,
            90.00321
        ],
        [
            447.97195,
            -656.3698,
            267.93033,
            89.9786,
            -178.51315,
            90.00321
        ],
        [
            447.97208,
            -656.3691,
            267.92932,
            89.978485,
            -178.5132,
            90.003265
        ],
        [
            447.9724,
            -656.3696,
            267.93063,
            89.978584,
            -178.51305,
            90.0031
        ],
        [
            447.97162,
            -656.3699,
            267.9296,
            89.97849,
            -178.51288,
            90.00306
        ],
        [
            447.9724,
            -656.3697,
            267.9306,
            89.97858,
            -178.51266,
            90.003044
        ],
        [
            447.97232,
            -656.3697,
            267.9303,
            89.97855,
            -178.51259,
            90.00299
        ],
        [
            447.97195,
            -656.3703,
            267.9303,
            89.97858,
            -178.51228,
            90.002945
        ],
        [
            447.97195,
            -656.37,
            267.92978,
            89.97858,
            -178.51228,
            90.002884
        ],
        [
            447.97205,
            -656.3705,
            267.93066,
            89.9786,
            -178.51208,
            90.002716
        ],
        [
            447.9728,
            -656.3701,
            267.93045,
            89.97865,
            -178.51173,
            90.002815
        ],
        [
            447.97272,
            -656.37024,
            267.9301,
            89.97862,
