{
    "CMD": 91,
    "motion_trajectory": [
        [
            -275.20743,
            -182.7458,
            667.86255,
            -73.669075,
            87.57493,
            103.877014
        ],
        [
            -275.20715,
            -182.74582,
            667.8628,
            -73.66862,
            87.57487,
            103.87747
        ],
        [
            -275.2079,
            -182.74556,
            667.8623,
            -73.67155,
            87.57496,
            103.874504
        ],
        [
            -275.20746,
            -182.7458,
            667.8628,
            -73.668915,
            87.57498,
            103.87717
        ],
        [
            -275.20734,
            -182.74559,
            667.86334,
            -73.66722,
            87.574905,
            103.878815
        ],
        [
            -275.20728,
            -182.7456,
            667.8626,
            -73.66898,
            87.574814,
            103.87707
        ],
        [
            -275.20755,
            -182.74559,
            667.8625,
            -73.66878,
            87.574814,
            103.87727
        ],
        [
            -275.20743,
            -182.7458,
            667.8624,
            -73.66965,
            87.57488,
            103.87645
        ],
        [
            -275.20764,
            -182.74559,
            667.8634,
            -73.666,
            87.57489,
            103.88005
        ],
        [
            -275.2077,
            -182.74579,
            667.8621,
            -73.67017,
            87.574776,
            103.87593
        ],
        [
            -275.2079,
            -182.74556,
            667.8623,
            -73.671906,
            87.574905,
            103.874146
        ],
        [
            -275.20773,
            -182.7458,
            667.8626,
            -73.66785,
            87.57491,
            103.87825
        ],
        [
            -275.2076,
            -182.74559,
            667.8628,
            -73.668625,
            87.57487,
            103.877426
        ],
        [
            -275.2076,
            -182.74559,
            667.8628,
            -73.668625,
            87.57487,
            103.877426
        ],
        [
            -275.2077,
            -182.74538,
            667.8625,
            -73.66842,
            87.57487,
            103.877594
        ],
        [
            -275.20303,
            -182.75362,
            667.8614,
            -73.6739,
            87.57459,
            103.87386
        ],
        [
            -275.19742,
            -182.76062,
            667.86053,
            -73.6778,
            87.57442,
            103.8714
        ],
        [
            -275.19806,
            -182.76059,
            667.86084,
            -73.67774,
            87.574585,
            103.87146
        ],
        [
            -275.19827,
            -182.76038,
            667.86145,
            -73.67452,
            87.57437,
            103.87464
        ],
        [
            -275.19824,
            -182.76038,
            667.8613,
            -73.675545,
            87.57439,
            103.87362
        ],
        [
            -275.19836,
            -182.76016,
            667.861,
            -73.67708,
            87.57452,
            103.87203
        ],
        [
            -275.19852,
            -182.75995,
            667.8613,
            -73.673386,
            87.57447,
            103.87569
        ],
        [
            -275.19827,
            -182.75954,
            667.86194,
            -73.67313,
            87.57441,
            103.87585
        ],
        [
            -275.1994,
            -182.75902,
            667.8603,
            -73.68187,
            87.57464,
            103.86703
        ],
        [
            -275.19946,
            -182.75897,
            667.86005,
            -73.68676,
            87.57487,
            103.862144
        ],
        [
            -275.19934,
            -182.75917,
            667.86017,
            -73.68718,
            87.574875,
            103.86178
        ],
        [
            -275.1993,
            -182.75917,
            667.8597,
            -73.68878,
            87.57484,
            103.86018
        ],
        [
            -275.19943,
            -182.75916,
            667.8607,
            -73.687225,
            87.57493,
            103.861725
        ],
        [
            -275.1993,
            -182.75938,
            667.86127,
            -73.6841,
            87.57484,
            103.86491
        ],
        [
            -275.19965,
            -182.75916,
            667.86005,
            -73.688416,
            87.57489,
            103.86054
        ],
        [
            -275.19925,
            -182.75938,
            667.8604,
            -73.687386,
            87.574875,
            103.86162
        ],
        [
            -275.19925,
            -182.7594,
            667.86084,
            -73.68426,
            87.574776,
            103.86475
        ],
        [
            -275.19928,
            -182.75938,
            667.8611,
            -73.68476,
            87.5749,
            103.86424
        ],
        [
            -275.1993,
            -182.7594,
            667.86145,
            -73.68163,
            87.57481,
            103.86737
        ],
        [
            -275.1992,
            -182.75919,
            667.86194,
            -73.68117,
            87.57474,
            103.86779
        ],
        [
            -275.1993,
            -182.7594,
            667.86163,
            -73.681335,
            87.574684,
            103.867676
        ],
        [
            -275.1994,
            -182.75917,
            667.86084,
            -73.68528,
            87.57479,
            103.86368
        ],
        [
            -275.19904,
            -182.75941,
            667.862,
            -73.6803,
            87.57467,
            103.868706
        ],
        [
            -275.1993,
            -182.7594,
            667.86163,
            -73.68127,
            87.57485,
            103.86774
        ],
        [
            -275.19952,
            -182.75917,
            667.8622,
            -73.67994,
            87.57472,
            103.86902
        ],
        [
            -275.19977,
            -182.75917,
            667.86145,
            -73.683014,
            87.57476,
            103.86594
        ],
        [
            -275.1996,
            -182.75938,
            667.8611,
            -73.684044,
            87.574776,
            103.86496
        ],
        [
            -275.1992,
            -182.7592,
            667.86194,
            -73.67937,
            87.574776,
            103.86959
        ],
        [
            -275.19937,
            -182.7594,
            667.8624,
            -73.67849,
            87.57471,
            103.87051
        ],
        [
            -275.19965,
            -182.75938,
            667.8619,
            -73.68148,
            87.57463,
            103.86752
        ],
        [
            -275.19928,
            -182.7594,
            667.8614,
            -73.68251,
            87.574646,
            103.86649
        ],
        [
            -275.19904,
            -182.75943,
            667.86224,
            -73.67813,
            87.57476,
            103.870865
        ],
        [
            -275.19946,
            -182.7592,
            667.8622,
            -73.67655,
            87.57457,
            103.87241
        ],
        [
            -275.19937,
            -182.7594,
            667.8623,
            -73.679726,
            87.57472,
            103.86927
        ],
        [
            -275.19977,
            -182.75919,
            667.86176,
            -73.680046,
            87.574615,
            103.86892
        ],
        [
            -275.1992,
