{
    "CMD": 90,
    "motion_trajectory": [
        [
            -274.74802,
            -182.44955,
            784.1592,
            -89.63512,
            88.35094,
            88.154
        ],
        [
            -274.74854,
            -182.44933,
            784.159,
            -89.63668,
            88.35099,
            88.15239
        ],
        [
            -274.74835,
            -182.44975,
            784.1583,
            -89.64019,
            88.35088,
            88.14897
        ],
        [
            -274.74838,
            -182.44954,
            784.1591,
            -89.63515,
            88.35088,
            88.15396
        ],
        [
            -274.7484,
            -182.44954,
            784.159,
            -89.63668,
            88.35099,
            88.152435
        ],
        [
            -274.74774,
            -182.44957,
            784.1588,
            -89.634796,
            88.35099,
            88.15432
        ],
        [
            -274.74872,
            -182.44931,
            784.1579,
            -89.63991,
            88.35088,
            88.149155
        ],
        [
            -274.74826,
            -182.44934,
            784.1592,
            -89.6336,
            88.35088,
            88.15546
        ],
        [
            -274.74823,
            -182.44934,
            784.1588,
            -89.63668,
            88.35099,
            88.15239
        ],
        [
            -274.7482,
            -182.44954,
            784.1582,
            -89.636444,
            88.35088,
            88.15265
        ],
        [
            -274.74866,
            -182.44931,
            784.1583,
            -89.636444,
            88.35088,
            88.15261
        ],
        [
            -274.74857,
            -182.44911,
            784.15765,
            -89.64028,
            88.35078,
            88.14871
        ],
        [
            -274.74866,
            -182.44931,
            784.15826,
            -89.63833,
            88.35088,
            88.15073
        ],
        [
            -274.74832,
            -182.44954,
            784.1573,
            -89.641846,
            88.35083,
            88.14724
        ],
        [
            -274.74847,
            -182.44933,
            784.15735,
            -89.63996,
            88.35083,
            88.14907
        ],
        [
            -274.7487,
            -182.44951,
            784.15735,
            -89.640015,
            88.35072,
            88.14906
        ],
        [
            -274.74872,
            -182.44951,
            784.15717,
            -89.641556,
            88.35078,
            88.14753
        ],
        [
            -274.74878,
            -182.4493,
            784.15753,
            -89.63996,
            88.35083,
            88.14907
        ],
        [
            -274.74866,
            -182.44933,
            784.15765,
            -89.64028,
            88.35078,
            88.14876
        ],
        [
            -274.74902,
            -182.44908,
            784.15686,
            -89.64347,
            88.35072,
            88.145515
        ],
        [
            -274.74857,
            -182.44933,
            784.1566,
            -89.64533,
            88.35083,
            88.14371
        ],
        [
            -274.74866,
            -182.4491,
            784.15717,
            -89.639984,
            88.35083,
            88.148994
        ],
        [
            -274.74872,
            -182.4491,
            784.15656,
            -89.64351,
            88.35067,
            88.14547
        ],
        [
            -274.74866,
            -182.4491,
            784.15717,
            -89.639984,
            88.35083,
            88.148994
        ],
        [
            -274.7487,
            -182.4491,
            784.157,
            -89.64004,
            88.35072,
            88.14894
        ],
        [
            -274.74814,
            -182.44934,
            784.1571,
            -89.64033,
            88.35078,
            88.1487
        ],
        [
            -274.74896,
            -182.44928,
            784.15643,
            -89.64317,
            88.35078,
            88.14584
        ],
        [
            -274.7487,
            -182.4491,
            784.15674,
            -89.64345,
            88.35083,
            88.14554
        ],
        [
            -274.74918,
            -182.44907,
            784.15594,
            -89.64665,
            88.35072,
            88.142334
        ],
        [
            -274.74893,
            -182.4493,
            784.1565,
            -89.645035,
            88.35078,
            88.144
        ],
        [
            -274.74902,
            -182.44928,
            784.15607,
            -89.64477,
            88.35072,
            88.14426
        ],
        [
            -274.74878,
            -182.44942,
            784.1578,
            -89.61973,
            88.35062,
            88.16925
        ],
        [
            -274.749,
            -182.4492,
            784.1573,
            -89.62321,
            88.35056,
            88.16573
        ],
        [
            -274.74927,
            -182.4492,
            784.15753,
            -89.62355,
            88.35051,
            88.16539
        ],
        [
            -274.74893,
            -182.44919,
            784.15784,
            -89.61634,
            88.3505,
            88.17257
        ],
        [
            -274.7488,
            -182.4494,
            784.1578,
            -89.61599,
            88.35062,
            88.17297
        ],
        [
            -274.74933,
            -182.44939,
            784.15656,
            -89.622635,
            88.35056,
            88.16632
        ],
        [
            -274.7498,
            -182.44916,
            784.1568,
            -89.62297,
            88.35056,
            88.16594
        ],
        [
            -274.74957,
            -182.44937,
            784.1571,
            -89.62139,
            88.35056,
            88.167564
        ],
        [
            -274.7492,
            -182.44939,
            784.1575,
            -89.61794,
            88.35051,
            88.171005
        ],
        [
            -274.74918,
            -182.4494,
            784.15753,
            -89.61979,
            88.35056,
            88.169174
        ],
        [
            -274.74933,
            -182.44939,
            784.15643,
            -89.623,
            88.35051,
            88.16594
        ],
        [
            -274.74933,
            -182.44939,
            784.1566,
            -89.62146,
            88.35046,
            88.16747
        ],
        [
            -274.7493,
            -182.44937,
            784.1569,
            -89.61955,
            88.35046,
            88.165726
        ],
        [
            -274.749,
            -182.44919,
            784.1574,
            -89.619804,
            88.35051,
            88.16911
        ],
        [
            -274.74985,
            -182.44914,
            784.15643,
            -89.62454,
            88.35056,
            88.16437
        ],
        [
            -274.74924,
            -182.44939,
            784.1573,
            -89.61798,
            88.35046,
            88.17096
        ],
        [
            -274.7493,
            -182.44939,
            784.1566,
            -89.62297,
            88.35056,
            88.165985
        ],
        [
            -274.74948,
            -182.44917,
            784.1564,
            -89.6249,
            88.35046,
            88.164
        ],
        [
            -274.7493,
            -182.44937,
            784.15674,
            -89.62107,
            88.35062,
            88.16788
        ],
        [
            -274.74948,
            -182.44916,
            784.15643,
            -89.623,
