{
    "CMD": 90,
    "motion_trajectory": [
        [
            447.97717,
            -656.3734,
            267.93335,
            89.97982,
            -178.50952,
            90.00002
        ],
        [
            447.9775,
            -656.3729,
            267.93265,
            89.97976,
            -178.50948,
            90.00018
        ],
        [
            447.9782,
            -656.3726,
            267.93335,
            89.97983,
            -178.50952,
            90.00017
        ],
        [
            447.9777,
            -656.373,
            267.934,
            89.97985,
            -178.50941,
            90.00012
        ],
        [
            447.9779,
            -656.3719,
            267.93277,
            89.97977,
            -178.50964,
            90.00022
        ],
        [
            447.97787,
            -656.3729,
            267.93472,
            89.97992,
            -178.50935,
            90.000114
        ],
        [
            447.97784,
            -656.3729,
            267.93347,
            89.97987,
            -178.50949,
            90.000114
        ],
        [
            447.97797,
            -656.37213,
            267.93246,
            89.97977,
            -178.50952,
            90.00017
        ],
        [
            447.9777,
            -656.3727,
            267.93347,
            89.97985,
            -178.50952,
            90.00006
        ],
        [
            447.9776,
            -656.3722,
            267.93256,
            89.97982,
            -178.50966,
            90.00022
        ],
        [
            447.9784,
            -656.3722,
            267.93356,
            89.979904,
            -178.50955,
            90.00015
        ],
        [
            447.97824,
            -656.37225,
            267.9341,
            89.97987,
            -178.50949,
            90.00016
        ],
        [
            447.9789,
            -656.3718,
            267.93356,
            89.979904,
            -178.50961,
            90.0002
        ],
        [
            447.97833,
            -656.37195,
            267.9339,
            89.979904,
            -178.50961,
            90.000206
        ],
        [
            447.97824,
            -656.37195,
            267.9336,
            89.97987,
            -178.50954,
            90.0001
        ],
        [
            447.97833,
            -656.3719,
            267.934,
            89.97992,
            -178.50961,
            90.00004
        ],
        [
            447.97852,
            -656.3721,
            267.9346,
            89.979965,
            -178.50958,
            90.00009
        ],
        [
            447.97867,
            -656.37146,
            267.9333,
            89.97986,
            -178.50958,
            90.000145
        ],
        [
            447.9781,
            -656.37177,
            267.93298,
            89.97983,
            -178.50967,
            90.000046
        ],
        [
            447.97876,
            -656.3714,
            267.93307,
            89.97987,
            -178.50969,
            90.00003
        ],
        [
            447.97885,
            -656.3714,
            267.93338,
            89.979904,
            -178.50966,
            90.000145
        ],
        [
            447.9786,
            -656.3712,
            267.93298,
            89.97984,
            -178.50957,
            90.0002
        ],
        [
            447.9758,
            -656.372,
            267.93402,
            89.979416,
            -178.51123,
            90.0011
        ],
        [
            447.97443,
            -656.371,
            267.93213,
            89.979065,
            -178.51514,
            90.00201
        ],
        [
            447.9739,
            -656.37085,
            267.9319,
            89.97894,
            -178.51527,
            90.002235
        ],
        [
            447.97324,
            -656.37115,
            267.9324,
            89.97892,
            -178.51521,
            90.00225
        ],
        [
            447.97314,
            -656.3709,
            267.9315,
            89.97888,
            -178.51529,
            90.002304
        ],
        [
            447.97324,
            -656.37103,
            267.9315,
            89.97875,
            -178.51508,
            90.00231
        ],
        [
            447.97327,
            -656.37067,
            267.9316,
            89.978775,
            -178.51509,
            90.00231
        ],
        [
            447.9728,
            -656.37115,
            267.93192,
            89.9788,
            -178.51488,
            90.002266
        ],
        [
            447.97324,
            -656.37115,
            267.9315,
            89.978745,
            -178.5147,
            90.00226
        ],
        [
            447.9723,
            -656.3718,
            267.93127,
            89.97877,
            -178.51459,
            90.00206
        ],
        [
            447.97336,
            -656.37103,
            267.93253,
            89.97881,
            -178.51451,
            90.0022
        ],
        [
            447.97366,
            -656.371,
            267.93146,
            89.97886,
            -178.51431,
            90.00214
        ],
        [
            447.97308,
            -656.37177,
            267.93228,
            89.97884,
            -178.51405,
            90.00198
        ],
        [
            447.97342,
            -656.3711,
            267.93167,
            89.978806,
            -178.51402,
            90.00204
        ],
        [
            447.97366,
            -656.37134,
            267.93143,
            89.97884,
            -178.51382,
            90.00192
        ],
        [
            447.97342,
            -656.3714,
            267.931,
            89.97877,
            -178.51363,
            90.00187
        ],
        [
            447.97342,
            -656.37115,
            267.93103,
            89.978775,
            -178.51346,
            90.00198
        ],
        [
            447.97314,
            -656.3718,
            267.93143,
            89.978836,
            -178.51334,
            90.00182
        ],
        [
            447.97366,
            -656.37103,
            267.9309,
            89.97884,
            -178.51295,
            90.00186
        ],
        [
            447.97366,
            -656.3715,
            267.9314,
            89.978836,
            -178.51253,
            90.001816
        ],
        [
            447.9733,
            -656.372,
            267.93085,
            89.97885,
            -178.51215,
            90.001656
        ],
        [
            447.974,
            -656.3715,
            267.93158,
            89.97893,
            -178.51154,
            90.00175
        ],
        [
            447.97385,
            -656.3717,
            267.9315,
            89.978874,
            -178.51129,
            90.0017
        ],
        [
            447.97424,
            -656.3722,
            267.93246,
            89.97897,
            -178.51065,
            90.00164
        ],
        [
            447.97443,
            -656.3711,
            267.93127,
            89.9789,
            -178.51033,
            90.00174
        ],
        [
            447.97418,
            -656.37134,
            267.93115,
            89.978966,
            -178.50949,
            90.00158
        ],
        [
            447.9746,
            -656.3718,
            267.93246,
            89.97894,
            -178.50826,
            90.001526
        ],
        [
            447.97427,
            -656.37213,
            267.93256,
            89.97899,
            -178.508,
            90.00147
        ],
        [
            447.97437,
            -656.372,
            267.93298,
            89.979034,
