{
    "CMD": 90,
    "motion_trajectory": [
        [
            448.68747,
            -598.9923,
            272.10175,
            89.12991,
            -178.60979,
            89.99023
        ],
        [
            448.68747,
            -598.99243,
            272.1017,
            89.1299,
            -178.60985,
            89.99017
        ],
        [
            448.68784,
            -598.99176,
            272.1009,
            89.12987,
            -178.60986,
            89.99027
        ],
        [
            448.68723,
            -598.9922,
            272.10196,
            89.12986,
            -178.60982,
            89.990234
        ],
        [
            448.68802,
            -598.9917,
            272.10156,
            89.12994,
            -178.60991,
            89.99026
        ],
        [
            448.6873,
            -598.9921,
            272.10114,
            89.129845,
            -178.60997,
            89.99012
        ],
        [
            448.68732,
            -598.9925,
            272.10162,
            89.12985,
            -178.60982,
            89.99017
        ],
        [
            448.68802,
            -598.9918,
            272.10214,
            89.129944,
            -178.60986,
            89.990204
        ],
        [
            448.6876,
            -598.99207,
            272.10095,
            89.12979,
            -178.60977,
            89.990295
        ],
        [
            448.68802,
            -598.99176,
            272.10095,
            89.129906,
            -178.61,
            89.990204
        ],
        [
            448.68774,
            -598.99176,
            272.10114,
            89.129845,
            -178.60992,
            89.990166
        ],
        [
            448.6873,
            -598.99207,
            272.10175,
            89.129875,
            -178.60988,
            89.99017
        ],
        [
            448.68784,
            -598.9916,
            272.10156,
            89.12989,
            -178.60995,
            89.990166
        ],
        [
            448.68765,
            -598.9915,
            272.1009,
            89.12983,
            -178.60991,
            89.99022
        ],
        [
            448.6875,
            -598.9916,
            272.10138,
            89.12981,
            -178.60985,
            89.99023
        ],
        [
            448.68762,
            -598.9912,
            272.10098,
            89.129845,
            -178.61003,
            89.99015
        ],
        [
            448.6874,
            -598.99146,
            272.10165,
            89.12981,
            -178.6099,
            89.99023
        ],
        [
            448.68564,
            -598.9902,
            272.0974,
            89.129326,
            -178.61015,
            89.99024
        ],
        [
            448.68542,
            -598.9899,
            272.09625,
            89.12925,
            -178.61032,
            89.99019
        ],
        [
            448.6849,
            -598.9896,
            272.09607,
            89.12914,
            -178.61026,
            89.990265
        ],
        [
            448.68567,
            -598.98956,
            272.09702,
            89.12921,
            -178.61015,
            89.9902
        ],
        [
            448.6851,
            -598.9896,
            272.09616,
            89.12918,
            -178.61029,
            89.990204
        ],
        [
            448.685,
            -598.98987,
            272.09634,
            89.12915,
            -178.61028,
            89.99021
        ],
        [
            448.68536,
            -598.9893,
            272.09488,
            89.12909,
            -178.6104,
            89.99026
        ],
        [
            448.68448,
            -598.98956,
            272.09558,
            89.12903,
            -178.6102,
            89.99029
        ],
        [
            448.685,
            -598.98987,
            272.0966,
            89.12902,
            -178.6101,
            89.990234
        ],
        [
            448.68524,
            -598.9899,
            272.0958,
            89.12905,
            -178.6101,
            89.99023
        ],
        [
            448.6845,
            -598.9901,
            272.09604,
            89.12901,
            -178.6102,
            89.99024
        ],
        [
            448.68546,
            -598.9894,
            272.09604,
            89.12901,
            -178.6102,
            89.99033
        ],
        [
            448.68512,
            -598.98926,
            272.09625,
            89.12908,
            -178.61023,
            89.99027
        ],
        [
            448.6857,
            -598.9892,
            272.09653,
            89.1291,
            -178.61014,
            89.990265
        ],
        [
            448.6734,
            -598.98737,
            272.08963,
            89.12668,
            -178.61246,
            89.99459
        ],
        [
            448.67017,
            -598.9867,
            272.08887,
            89.12607,
            -178.61264,
            89.99625
        ],
        [
            448.6688,
            -598.9865,
            272.08878,
            89.12593,
            -178.61263,
            89.99685
        ],
        [
            448.66898,
            -598.9866,
            272.08884,
            89.12597,
            -178.61266,
            89.99678
        ],
        [
            448.6688,
            -598.98663,
            272.08817,
            89.1259,
            -178.61272,
            89.996796
        ],
        [
            448.6697,
            -598.9863,
            272.08923,
            89.12604,
            -178.61264,
            89.99682
        ],
        [
            448.66867,
            -598.98694,
            272.08893,
            89.126,
            -178.61263,
            89.99667
        ],
        [
            448.6685,
            -598.9873,
            272.08817,
            89.1259,
            -178.61258,
            89.99653
        ],
        [
            448.6694,
            -598.9872,
            272.08862,
            89.12599,
            -178.61253,
            89.996445
        ],
        [
            448.66928,
            -598.9872,
            272.0883,
            89.125946,
            -178.61246,
            89.99634
        ],
        [
            448.66956,
            -598.9874,
            272.08865,
            89.12601,
            -178.6124,
            89.99628
        ],
        [
            448.66983,
            -598.9871,
            272.0886,
            89.12594,
            -178.61232,
            89.99611
        ],
        [
            448.66968,
            -598.9873,
            272.08847,
            89.12588,
            -178.61218,
            89.99607
        ],
        [
            448.6701,
            -598.98785,
            272.08945,
            89.12596,
            -178.61209,
            89.99578
        ],
        [
            448.6698,
            -598.9883,
            272.08893,
            89.12596,
            -178.61217,
            89.99562
        ],
        [
            448.67004,
            -598.9881,
            272.08884,
            89.12602,
            -178.61214,
            89.99555
        ],
        [
            448.6703,
            -598.9889,
            272.08905,
            89.126015,
            -178.61201,
            89.99517
        ],
        [
            448.6704,
            -598.9894,
            272.0893,
            89.126,
            -178.6118,
            89.99501
        ],
        [
            448.67062,
            -598.9893,
            272.08914,
            89.12604,
            -178.6119,
            89.99483
        ],
        [
            448.67126,
            -598.9893,
            272.08856,
            89.12602,
