{
    "CMD": 90,
    "motion_trajectory": [
        [
            448.68546,
            -598.9935,
            272.1017,
            89.12976,
            -178.60992,
            89.99007
        ],
        [
            448.68597,
            -598.9932,
            272.10263,
            89.12993,
            -178.60986,
            89.99009
        ],
        [
            448.6855,
            -598.99365,
            272.10144,
            89.129875,
            -178.60983,
            89.98999
        ],
        [
            448.68588,
            -598.99316,
            272.10233,
            89.1299,
            -178.60979,
            89.990036
        ],
        [
            448.68512,
            -598.99335,
            272.10138,
            89.12981,
            -178.60995,
            89.99
        ],
        [
            448.68576,
            -598.99286,
            272.10208,
            89.12989,
            -178.60988,
            89.99009
        ],
        [
            448.68585,
            -598.9931,
            272.10175,
            89.129875,
            -178.60988,
            89.990036
        ],
        [
            448.6852,
            -598.9935,
            272.10165,
            89.12983,
            -178.60986,
            89.99
        ],
        [
            448.686,
            -598.9929,
            272.10214,
            89.12981,
            -178.60985,
            89.990105
        ],
        [
            448.68546,
            -598.99304,
            272.10162,
            89.12992,
            -178.60995,
            89.99008
        ],
        [
            448.68567,
            -598.9928,
            272.10178,
            89.12985,
            -178.60992,
            89.990036
        ],
        [
            448.6856,
            -598.99304,
            272.10138,
            89.12981,
            -178.6099,
            89.99004
        ],
        [
            448.6854,
            -598.99274,
            272.10165,
            89.12981,
            -178.6099,
            89.99009
        ],
        [
            448.68433,
            -598.9923,
            272.09982,
            89.1295,
            -178.60994,
            89.99004
        ],
        [
            448.68375,
            -598.9917,
            272.09738,
            89.12931,
            -178.6102,
            89.990005
        ],
        [
            448.68442,
            -598.99146,
            272.0984,
            89.129524,
            -178.61021,
            89.990036
        ],
        [
            448.68457,
            -598.9912,
            272.09818,
            89.129425,
            -178.61021,
            89.99003
        ],
        [
            448.68384,
            -598.9915,
            272.0984,
            89.12938,
            -178.61014,
            89.98999
        ],
        [
            448.6849,
            -598.99036,
            272.0974,
            89.129395,
            -178.61026,
            89.99001
        ],
        [
            448.68448,
            -598.99115,
            272.09848,
            89.12942,
            -178.61017,
            89.989975
        ],
        [
            448.6842,
            -598.9911,
            272.09808,
            89.12935,
            -178.61023,
            89.98998
        ],
        [
            448.684,
            -598.9915,
            272.09787,
            89.129395,
            -178.6102,
            89.98993
        ],
        [
            448.68158,
            -598.9909,
            272.09662,
            89.128784,
            -178.6108,
            89.99129
        ],
        [
            448.67813,
            -598.98975,
            272.09476,
            89.12812,
            -178.61127,
            89.993
        ],
        [
            448.6754,
            -598.98926,
            272.094,
            89.12771,
            -178.61137,
            89.99416
        ],
        [
            448.67554,
            -598.98834,
            272.09308,
            89.12762,
            -178.61157,
            89.99432
        ],
        [
            448.67413,
            -598.989,
            272.0929,
            89.12754,
            -178.61147,
            89.99431
        ],
        [
            448.67514,
            -598.98865,
            272.09338,
            89.12755,
            -178.61147,
            89.99446
        ],
        [
            448.67474,
            -598.9884,
            272.0927,
            89.12744,
            -178.61153,
            89.99442
        ],
        [
            448.67502,
            -598.9885,
            272.0925,
            89.12749,
            -178.61143,
            89.99441
        ],
        [
            448.67505,
            -598.98865,
            272.09366,
            89.127525,
            -178.61136,
            89.994354
        ],
        [
            448.6752,
            -598.9888,
            272.09314,
            89.127525,
            -178.61137,
            89.99424
        ],
        [
            448.6757,
            -598.98865,
            272.09366,
            89.127525,
            -178.61133,
            89.99418
        ],
        [
            448.67517,
            -598.98895,
            272.0925,
            89.12748,
            -178.61136,
            89.99413
        ],
        [
            448.6753,
            -598.9892,
            272.09277,
            89.12749,
            -178.61127,
            89.99409
        ],
        [
            448.6749,
            -598.98956,
            272.09372,
            89.12754,
            -178.6113,
            89.99392
        ],
        [
            448.67563,
            -598.9896,
            272.09344,
            89.12755,
            -178.61127,
            89.9938
        ],
        [
            448.67603,
            -598.9891,
            272.09375,
            89.12755,
            -178.6112,
            89.99384
        ],
        [
            448.6757,
            -598.9896,
            272.0932,
            89.12754,
            -178.61116,
            89.99363
        ],
        [
            448.67603,
            -598.98975,
            272.09396,
            89.12763,
            -178.61111,
            89.9935
        ],
        [
            448.67615,
            -598.9903,
            272.09415,
            89.12761,
            -178.61102,
            89.993286
        ],
        [
            448.67603,
            -598.9901,
            272.0933,
            89.12756,
            -178.6111,
            89.993286
        ],
        [
            448.67612,
            -598.9902,
            272.09363,
            89.12758,
            -178.61107,
            89.99312
        ],
        [
            448.6769,
            -598.98987,
            272.09378,
            89.12765,
            -178.61101,
            89.99304
        ],
        [
            448.67603,
            -598.9904,
            272.0936,
            89.12766,
            -178.61108,
            89.99288
        ],
        [
            448.67642,
            -598.9906,
            272.0931,
            89.12759,
            -178.611,
            89.99278
        ],
        [
            448.67648,
            -598.99097,
            272.09457,
            89.12775,
            -178.611,
            89.9926
        ],
        [
            448.67645,
            -598.99115,
            272.09335,
            89.12768,
            -178.61107,
            89.99249
        ],
        [
            448.677,
            -598.99084,
            272.0937,
            89.12769,
            -178.61098,
            89.99237
        ],
        [
            448.67722,
            -598.99133,
            272.09424,
            89.12772,
            -178.6108,
            89.99232
        ],
        [
            448.67728,
            -598.9914,
            272.094,
            89.127716,
