{
    "CMD": 91,
    "motion_trajectory": [
        [
            447.97766,
            -656.3723,
            267.931,
            89.97978,
            -178.50974,
            90.00023
        ],
        [
            447.978,
            -656.37256,
            267.9323,
            89.97989,
            -178.5097,
            90.00022
        ],
        [
            447.97775,
            -656.3724,
            267.93195,
            89.97983,
            -178.50977,
            90.000275
        ],
        [
            447.9776,
            -656.3721,
            267.93134,
            89.97978,
            -178.50974,
            90.00028
        ],
        [
            447.97766,
            -656.3723,
            267.931,
            89.97978,
            -178.5098,
            90.00023
        ],
        [
            447.97842,
            -656.37164,
            267.93088,
            89.97986,
            -178.50983,
            90.00026
        ],
        [
            447.9782,
            -656.372,
            267.93225,
            89.97982,
            -178.50966,
            90.00027
        ],
        [
            447.97855,
            -656.3718,
            267.93243,
            89.97992,
            -178.5097,
            90.00026
        ],
        [
            447.97784,
            -656.3724,
            267.9317,
            89.97984,
            -178.50978,
            90.00017
        ],
        [
            447.97897,
            -656.3717,
            267.932,
            89.97987,
            -178.50974,
            90.00031
        ],
        [
            447.97836,
            -656.372,
            267.93234,
            89.979866,
            -178.50974,
            90.00021
        ],
        [
            447.97864,
            -656.3714,
            267.93195,
            89.97984,
            -178.50972,
            90.00027
        ],
        [
            447.9784,
            -656.3721,
            267.93173,
            89.97982,
            -178.50977,
            90.00021
        ],
        [
            447.9783,
            -656.37195,
            267.93204,
            89.97984,
            -178.50972,
            90.00016
        ],
        [
            447.9783,
            -656.3719,
            267.93204,
            89.97984,
            -178.50967,
            90.00021
        ],
        [
            447.9783,
            -656.3719,
            267.93204,
            89.97984,
            -178.50972,
            90.00021
        ],
        [
            447.97867,
            -656.37177,
            267.93317,
            89.979836,
            -178.50963,
            90.000206
        ],
        [
            447.9785,
            -656.3718,
            267.93338,
            89.979935,
            -178.50961,
            90.000206
        ],
        [
            447.97882,
            -656.37164,
            267.93326,
            89.97988,
            -178.5096,
            90.0002
        ],
        [
            447.9785,
            -656.37195,
            267.934,
            89.97995,
            -178.50963,
            90.00015
        ],
        [
            447.97845,
            -656.3718,
            267.93274,
            89.97991,
            -178.50966,
            90.000206
        ],
        [
            447.97882,
            -656.3716,
            267.9333,
            89.97989,
            -178.5096,
            90.00025
        ],
        [
            447.97824,
            -656.37134,
            267.93246,
            89.97987,
            -178.50969,
            90.000206
        ],
        [
            447.97882,
            -656.3713,
            267.93277,
            89.97989,
            -178.50969,
            90.0002
        ],
        [
            447.97882,
            -656.37177,
            267.93356,
            89.98003,
            -178.50972,
            90.00014
        ],
        [
            447.9784,
            -656.37146,
            267.93192,
            89.97989,
            -178.50969,
            90.00009
        ],
        [
            447.97885,
            -656.3713,
            267.93338,
            89.97991,
            -178.5097,
            90.0002
        ],
        [
            447.9785,
            -656.37164,
            267.93286,
            89.979935,
            -178.50972,
            90.00009
        ],
        [
            447.9785,
            -656.37164,
            267.93347,
            89.97995,
            -178.50967,
            90.00009
        ],
        [
            447.9785,
            -656.3716,
            267.93347,
            89.97996,
            -178.50967,
            90.000145
        ],
        [
            447.97665,
            -656.37164,
            267.9342,
            89.97951,
            -178.51036,
            90.001076
        ],
        [
            447.9741,
            -656.371,
            267.93213,
            89.979065,
            -178.5127,
            90.00201
        ],
        [
            447.97333,
            -656.3707,
            267.9313,
            89.97878,
            -178.51395,
            90.002365
        ],
        [
            447.9717,
            -656.3719,
            267.93182,
            89.97863,
            -178.51447,
            90.0023
        ],
        [
            447.97223,
            -656.37146,
            267.93185,
            89.97864,
            -178.51457,
            90.002396
        ],
        [
            447.97208,
            -656.37134,
            267.93176,
            89.9786,
            -178.51445,
            90.00251
        ],
        [
            447.97128,
            -656.37115,
            267.93024,
            89.978516,
            -178.5146,
            90.002464
        ],
        [
            447.97195,
            -656.3715,
            267.93134,
            89.97854,
            -178.51436,
            90.00258
        ],
        [
            447.97195,
            -656.37164,
            267.93134,
            89.978546,
            -178.51431,
            90.00246
        ],
        [
            447.9718,
            -656.37134,
            267.93137,
            89.97852,
            -178.51424,
            90.00246
        ],
        [
            447.97165,
            -656.3714,
            267.93127,
            89.97851,
            -178.51418,
            90.00251
        ],
        [
            447.9718,
            -656.3715,
            267.93134,
            89.978516,
            -178.51408,
            90.00235
        ],
        [
            447.97144,
            -656.372,
            267.93134,
            89.978546,
            -178.51387,
            90.00241
        ],
        [
            447.9719,
            -656.3711,
            267.93115,
            89.97855,
            -178.51393,
            90.00246
        ],
        [
            447.9719,
            -656.3713,
            267.9305,
            89.97852,
            -178.51385,
            90.00235
        ],
        [
            447.97238,
            -656.3707,
            267.9299,
            89.97851,
            -178.51395,
            90.0025
        ],
        [
            447.9719,
            -656.37146,
            267.93103,
            89.97852,
            -178.51364,
            90.00246
        ],
        [
            447.9724,
            -656.371,
            267.93112,
            89.97854,
            -178.51366,
            90.00239
        ],
        [
            447.97214,
            -656.37146,
            267.9309,
            89.978584,
            -178.51352,
            90.00229
        ],
        [
            447.97238,
            -656.37103,
            267.93018,
            89.978645,
            -178.5136,
            90.00233
        ],
        [
            447.97232,
            -656.3714,
            267.9316,
            89.97865,
