{
    "CMD": 90,
    "motion_trajectory": [
        [
            433.0674,
            -491.46103,
            225.10768,
            -90.12054,
            -1.2503426,
            179.93947
        ],
        [
            433.06766,
            -491.46063,
            225.10744,
            -90.12063,
            -1.2503619,
            179.93959
        ],
        [
            433.06726,
            -491.4614,
            225.10788,
            -90.12049,
            -1.2502738,
            179.93947
        ],
        [
            433.06784,
            -491.46103,
            225.10765,
            -90.12043,
            -1.250338,
            179.93956
        ],
        [
            433.06714,
            -491.46118,
            225.10767,
            -90.12053,
            -1.2503523,
            179.93948
        ],
        [
            433.0669,
            -491.46115,
            225.10757,
            -90.12052,
            -1.2503122,
            179.93942
        ],
        [
            433.0673,
            -491.46094,
            225.1085,
            -90.1204,
            -1.2502944,
            179.9395
        ],
        [
            433.0674,
            -491.46136,
            225.10751,
            -90.12048,
            -1.2502785,
            179.9394
        ],
        [
            433.06763,
            -491.461,
            225.10747,
            -90.120476,
            -1.2502979,
            179.93951
        ],
        [
            433.0679,
            -491.46048,
            225.10776,
            -90.120476,
            -1.2502435,
            179.93956
        ],
        [
            433.06772,
            -491.46082,
            225.10735,
            -90.12052,
            -1.2503619,
            179.93958
        ],
        [
            433.06763,
            -491.461,
            225.10736,
            -90.12053,
            -1.2502979,
            179.93953
        ],
        [
            433.06744,
            -491.46072,
            225.10674,
            -90.12055,
            -1.250346,
            179.93951
        ],
        [
            433.04376,
            -491.42154,
            224.9992,
            -90.15341,
            -1.2556705,
            179.94193
        ],
        [
            432.9961,
            -491.33362,
            224.77087,
            -90.19354,
            -1.2697368,
            179.94516
        ],
        [
            432.98233,
            -491.30978,
            224.70868,
            -90.20293,
            -1.2736422,
            179.94583
        ],
        [
            432.9821,
            -491.31476,
            224.72379,
            -90.20072,
            -1.2729181,
            179.9452
        ],
        [
            432.98163,
            -491.311,
            224.7194,
            -90.20044,
            -1.2733114,
            179.94539
        ],
        [
            432.98282,
            -491.31244,
            224.72423,
            -90.198685,
            -1.2730957,
            179.94524
        ],
        [
            432.98672,
            -491.32196,
            224.76065,
            -90.19038,
            -1.2714604,
            179.94432
        ],
        [
            432.9884,
            -491.32483,
            224.77104,
            -90.1855,
            -1.2711354,
            179.94382
        ],
        [
            432.98956,
            -491.32843,
            224.78079,
            -90.1825,
            -1.2706254,
            179.94345
        ],
        [
            432.99506,
            -491.3369,
            224.80247,
            -90.1775,
            -1.2693926,
            179.94312
        ],
        [
            433.0009,
            -491.34854,
            224.83464,
            -90.170944,
            -1.2675128,
            179.9425
        ],
        [
            433.00665,
            -491.3585,
            224.85382,
            -90.16508,
            -1.2663572,
            179.94193
        ],
        [
            433.0005,
            -491.35995,
            224.85521,
            -90.16219,
            -1.2684902,
            179.94011
        ],
        [
            432.99606,
            -491.36386,
            224.85611,
            -90.161026,
            -1.2692618,
            179.93842
        ],
        [
            432.99484,
            -491.36432,
            224.8551,
            -90.161385,
            -1.2692903,
            179.93806
        ],
        [
            432.99442,
            -491.3653,
            224.85588,
            -90.161316,
            -1.2692772,
            179.93791
        ],
        [
            432.9948,
            -491.36523,
            224.85469,
            -90.16158,
            -1.2692915,
            179.93794
        ],
        [
            432.99448,
            -491.36487,
            224.85457,
            -90.16173,
            -1.2692611,
            179.93796
        ],
        [
            432.99503,
            -491.36447,
            224.85365,
            -90.16198,
            -1.2692851,
            179.93803
        ],
        [
            432.9947,
            -491.36487,
            224.85387,
            -90.1621,
            -1.2692066,
            179.938
        ],
        [
            432.99496,
            -491.36523,
            224.85349,
            -90.16223,
            -1.2691281,
            179.93803
        ],
        [
            432.99512,
            -491.36505,
            224.85295,
            -90.16249,
            -1.2690833,
            179.93813
        ],
        [
            432.99545,
            -491.3653,
            224.85301,
            -90.162575,
            -1.2690399,
            179.93806
        ],
        [
            432.9953,
            -491.36487,
            224.85223,
            -90.162865,
            -1.2690384,
            179.93822
        ],
        [
            432.99582,
            -491.36453,
            224.85188,
            -90.16308,
            -1.2690433,
            179.93842
        ],
        [
            432.9961,
            -491.365,
            224.85217,
            -90.16329,
            -1.268803,
            179.93834
        ],
        [
            432.99594,
            -491.36435,
            224.8508,
            -90.16361,
            -1.268939,
            179.93843
        ],
        [
            432.9963,
            -491.36517,
            224.85152,
            -90.163506,
            -1.2687534,
            179.93848
        ],
        [
            432.99628,
            -491.365,
            224.8513,
            -90.16377,
            -1.2687533,
            179.93852
        ],
        [
            432.99612,
            -491.36475,
            224.85039,
            -90.163956,
            -1.268747,
            179.93854
        ],
        [
            432.99686,
            -491.3642,
            224.84984,
            -90.164055,
            -1.2688206,
            179.9387
        ],
        [
            432.99704,
            -491.3641,
            224.85063,
            -90.16408,
            -1.2687278,
            179.93877
        ],
        [
            432.9973,
            -491.36407,
            224.84972,
            -90.1644,
            -1.2686286,
            179.93887
        ],
        [
            432.997,
            -491.36447,
            224.84982,
            -90.16457,
            -1.26855,
            179.93886
        ],
        [
            432.99713,
            -491.3643,
            224.8496,
            -90.16468,
            -1.2685597,
            179.93892
        ],
        [
            432.9972,
            -491.36392,
            224.84938,
            -90.16494,
            -1.2685149,
            179.93901
        ],
        [
            432.99756,
            -491.36414,
            224.84886,
            -90.165115,
            -1.2685004,
            179.93909
        ],
