{
    "CMD": 90,
    "motion_trajectory": [
        [
            447.97757,
            -656.37225,
            267.9307,
            89.97975,
            -178.50978,
            90.000175
        ],
        [
            447.97742,
            -656.3727,
            267.93265,
            89.9799,
            -178.5097,
            90.00023
        ],
        [
            447.97714,
            -656.37256,
            267.93164,
            89.979805,
            -178.50964,
            90.00024
        ],
        [
            447.97714,
            -656.3727,
            267.931,
            89.97978,
            -178.50969,
            90.00018
        ],
        [
            447.97717,
            -656.3728,
            267.93225,
            89.97982,
            -178.50966,
            90.00012
        ],
        [
            447.97787,
            -656.3724,
            267.93295,
            89.97989,
            -178.50964,
            90.00017
        ],
        [
            447.9777,
            -656.37195,
            267.93173,
            89.97983,
            -178.50977,
            90.00022
        ],
        [
            447.97794,
            -656.37225,
            267.93274,
            89.97991,
            -178.50977,
            90.00011
        ],
        [
            447.97778,
            -656.37225,
            267.93265,
            89.979866,
            -178.50974,
            90.00017
        ],
        [
            447.9777,
            -656.372,
            267.93237,
            89.97985,
            -178.50972,
            90.00022
        ],
        [
            447.97754,
            -656.3722,
            267.93225,
            89.9798,
            -178.50964,
            90.00017
        ],
        [
            447.97794,
            -656.37213,
            267.93213,
            89.9799,
            -178.50975,
            90.00016
        ],
        [
            447.9777,
            -656.3721,
            267.93234,
            89.97984,
            -178.50967,
            90.00017
        ],
        [
            447.97797,
            -656.3721,
            267.93222,
            89.979904,
            -178.50981,
            89.99999
        ],
        [
            447.97787,
            -656.3722,
            267.93243,
            89.97988,
            -178.50969,
            90.00005
        ],
        [
            447.97806,
            -656.37213,
            267.93317,
            89.97995,
            -178.50963,
            90.000046
        ],
        [
            447.97806,
            -656.37213,
            267.93317,
            89.97995,
            -178.50967,
            90.000046
        ],
        [
            447.9784,
            -656.372,
            267.93265,
            89.97986,
            -178.50963,
            90.00015
        ],
        [
            447.97855,
            -656.3721,
            267.9337,
            89.97995,
            -178.50958,
            90.00015
        ],
        [
            447.9783,
            -656.37177,
            267.93213,
            89.97986,
            -178.50974,
            90.000046
        ],
        [
            447.9783,
            -656.37177,
            267.9315,
            89.979836,
            -178.50978,
            90.000046
        ],
        [
            447.97833,
            -656.3718,
            267.93338,
            89.9799,
            -178.50966,
            90.000046
        ],
        [
            447.979,
            -656.372,
            267.93335,
            89.97991,
            -178.50961,
            89.99998
        ],
        [
            447.97406,
            -656.3718,
            267.93063,
            89.9789,
            -178.51283,
            90.00164
        ],
        [
            447.97223,
            -656.3726,
            267.93112,
            89.97856,
            -178.51392,
            90.00175
        ],
        [
            447.97177,
            -656.3724,
            267.92938,
            89.97841,
            -178.5141,
            90.00187
        ],
        [
            447.97137,
            -656.3727,
            267.93002,
            89.97831,
            -178.51389,
            90.00194
        ],
        [
            447.97214,
            -656.3723,
            267.93045,
            89.978386,
            -178.51381,
            90.00203
        ],
        [
            447.97223,
            -656.372,
            267.93088,
            89.97844,
            -178.51367,
            90.002075
        ],
        [
            447.97147,
            -656.3728,
            267.93158,
            89.97838,
            -178.51355,
            90.00199
        ],
        [
            447.97147,
            -656.3724,
            267.92984,
            89.97834,
            -178.51367,
            90.00198
        ],
        [
            447.97153,
            -656.3726,
            267.9295,
            89.97834,
            -178.51352,
            90.00193
        ],
        [
            447.97144,
            -656.37286,
            267.93033,
            89.97833,
            -178.51318,
            90.00194
        ],
        [
            447.97147,
            -656.37244,
            267.92984,
            89.97834,
            -178.51335,
            90.00193
        ],
        [
            447.97177,
            -656.3728,
            267.9305,
            89.978424,
            -178.51312,
            90.00187
        ],
        [
            447.97153,
            -656.3728,
            267.9301,
            89.97835,
            -178.51303,
            90.00182
        ],
        [
            447.97238,
            -656.3724,
            267.92966,
            89.978424,
            -178.51308,
            90.0018
        ],
        [
            447.9723,
            -656.3725,
            267.92987,
            89.9784,
            -178.51279,
            90.00186
        ],
        [
            447.97235,
            -656.37274,
            267.92957,
            89.97839,
            -178.51274,
            90.00181
        ],
        [
            447.97247,
            -656.3727,
            267.92966,
            89.97841,
            -178.51253,
            90.00164
        ],
        [
            447.97214,
            -656.37305,
            267.9313,
            89.97852,
            -178.51233,
            90.00164
        ],
        [
            447.97256,
            -656.37256,
            267.931,
            89.9785,
            -178.51225,
            90.001686
        ],
        [
            447.9721,
            -656.37317,
            267.93066,
            89.9785,
            -178.51204,
            90.00159
        ],
        [
            447.97256,
            -656.3726,
            267.93036,
            89.97848,
            -178.51208,
            90.00163
        ],
        [
            447.97214,
            -656.37317,
            267.93192,
            89.97854,
            -178.51173,
            90.00159
        ],
        [
            447.9728,
            -656.37244,
            267.93024,
            89.978546,
            -178.51184,
            90.00157
        ],
        [
            447.97272,
            -656.37286,
            267.9298,
            89.97849,
            -178.51166,
            90.001465
        ],
        [
            447.9728,
            -656.3729,
            267.93137,
            89.97855,
            -178.51143,
            90.00152
        ],
        [
            447.97238,
            -656.3729,
            267.93054,
            89.97857,
            -178.51137,
            90.001526
        ],
        [
            447.97247,
            -656.3729,
            267.93094,
            89.97861,
            -178.51123,
            90.00141
        ],
        [
            447.97324,
            -656.3726,
            267.93137,
            89.978676,
