{
    "CMD": 90,
    "motion_trajectory": [
        [
            -274.74728,
            -182.44955,
            784.16223,
            -89.61091,
            88.350815,
            88.17817
        ],
        [
            -274.7476,
            -182.44913,
            784.1619,
            -89.61659,
            88.35087,
            88.17599
        ],
        [
            -274.74695,
            -182.44958,
            784.16187,
            -89.61688,
            88.35087,
            88.17221
        ],
        [
            -274.7475,
            -182.44934,
            784.1618,
            -89.61436,
            88.35087,
            88.17468
        ],
        [
            -274.74744,
            -182.44955,
            784.16113,
            -89.61785,
            88.35082,
            88.17123
        ],
        [
            -274.74786,
            -182.44933,
            784.1614,
            -89.61969,
            88.35093,
            88.16936
        ],
        [
            -274.7478,
            -182.44955,
            784.1609,
            -89.62316,
            88.350876,
            88.16594
        ],
        [
            -274.74802,
            -182.44933,
            784.16046,
            -89.62288,
            88.350876,
            88.16616
        ],
        [
            -274.74756,
            -182.44934,
            784.1612,
            -89.619675,
            88.35098,
            88.16937
        ],
        [
            -274.7476,
            -182.44934,
            784.161,
            -89.61973,
            88.350876,
            88.16931
        ],
        [
            -274.7482,
            -182.4491,
            784.1603,
            -89.6229,
            88.350876,
            88.166084
        ],
        [
            -274.7479,
            -182.44952,
            784.16046,
            -89.62138,
            88.350716,
            88.16768
        ],
        [
            -274.74854,
            -182.4493,
            784.1594,
            -89.62797,
            88.350876,
            88.161064
        ],
        [
            -274.74777,
            -182.44933,
            784.16,
            -89.62294,
            88.35082,
            88.166084
        ],
        [
            -274.7489,
            -182.44928,
            784.15924,
            -89.629555,
            88.35082,
            88.15948
        ],
        [
            -274.7481,
            -182.44931,
            784.1598,
            -89.62485,
            88.35082,
            88.16417
        ],
        [
            -274.7486,
            -182.44968,
            784.15594,
            -89.675705,
            88.350945,
            88.11349
        ],
        [
            -274.75015,
            -182.4501,
            784.14307,
            -89.74874,
            88.35043,
            88.04056
        ],
        [
            -274.74997,
            -182.44992,
            784.14276,
            -89.75401,
            88.35059,
            88.03526
        ],
        [
            -274.75052,
            -182.45012,
            784.14044,
            -89.767586,
            88.35055,
            88.02387
        ],
        [
            -274.75037,
            -182.45012,
            784.14166,
            -89.75877,
            88.35055,
            88.03054
        ],
        [
            -274.7499,
            -182.45013,
            784.1424,
            -89.754074,
            88.35049,
            88.03523
        ],
        [
            -274.75006,
            -182.45013,
            784.1412,
            -89.75917,
            88.35044,
            88.03013
        ],
        [
            -274.75018,
            -182.45033,
            784.1418,
            -89.75723,
            88.35049,
            88.03213
        ],
        [
            -274.75027,
            -182.45032,
            784.14136,
            -89.75694,
            88.350494,
            88.032394
        ],
        [
            -274.75034,
            -182.4501,
            784.1419,
            -89.75533,
            88.3506,
            88.03397
        ],
        [
            -274.751,
            -182.45006,
            784.14,
            -89.76139,
            88.350494,
            88.02789
        ],
        [
            -274.75064,
            -182.4503,
            784.14136,
            -89.758484,
            88.3506,
            88.03087
        ],
        [
            -274.75082,
            -182.45007,
            784.14105,
            -89.75666,
            88.350494,
            88.032616
        ],
        [
            -274.75085,
            -182.45007,
            784.14087,
            -89.7582,
            88.3506,
            88.03109
        ],
        [
            -274.7509,
            -182.4502,
            784.14264,
            -89.735054,
            88.35043,
            88.0542
        ],
        [
            -274.75186,
            -182.45012,
            784.1415,
            -89.7361,
            88.350334,
            88.053116
        ],
        [
            -274.75134,
            -182.45035,
            784.1418,
            -89.731125,
            88.35027,
            88.05812
        ],
        [
            -274.75134,
            -182.45035,
            784.1418,
            -89.731125,
            88.35027,
            88.05812
        ],
        [
            -274.75113,
            -182.45058,
            784.14215,
            -89.73105,
            88.35044,
            88.05826
        ],
        [
            -274.7517,
            -182.45033,
            784.1416,
            -89.73269,
            88.350334,
            88.05655
        ],
        [
            -274.75174,
            -182.45033,
            784.14136,
            -89.73272,
            88.35028,
            88.05651
        ],
        [
            -274.75183,
            -182.45032,
            784.14087,
            -89.73432,
            88.35028,
            88.0549
        ],
        [
            -274.75192,
            -182.4501,
            784.1411,
            -89.73463,
            88.35028,
            88.05455
        ],
        [
            -274.75177,
            -182.45033,
            784.1411,
            -89.73614,
            88.35039,
            88.05311
        ],
        [
            -274.75177,
            -182.45032,
            784.1412,
            -89.732735,
            88.350334,
            88.05649
        ],
        [
            -274.7522,
            -182.45032,
            784.14075,
            -89.73775,
            88.350334,
            88.05149
        ],
        [
            -274.75238,
            -182.45009,
            784.14044,
            -89.73744,
            88.350334,
            88.05174
        ],
        [
            -274.75198,
            -182.4499,
            784.14166,
            -89.73301,
            88.35039,
            88.05614
        ],
        [
            -274.75198,
            -182.45012,
            784.1406,
            -89.7381,
            88.35023,
            88.05109
        ],
        [
            -274.75204,
            -182.44989,
            784.1413,
            -89.7346,
            88.350334,
            88.05455
        ],
        [
            -274.75192,
            -182.45012,
            784.141,
            -89.73651,
            88.35028,
            88.05267
        ],
        [
            -274.7518,
            -182.45033,
            784.1408,
            -89.73807,
            88.35028,
            88.05118
        ],
        [
            -274.75174,
            -182.45033,
            784.1413,
            -89.734604,
            88.35028,
            88.054634
        ],
        [
            -274.7523,
            -182.45009,
            784.14105,
            -89.73618,
            88.35028,
            88.05301
        ],
        [
            -274.75165,
            -182.45055,
            784.141,
