{
    "CMD": 91,
    "motion_trajectory": [
        [
            448.87732,
            -541.3826,
            267.09833,
            89.97959,
            -178.5499,
            89.9501
        ],
        [
            448.87753,
            -541.3826,
            267.09952,
            89.97968,
            -178.5499,
            89.95009
        ],
        [
            448.8781,
            -541.38214,
            267.09967,
            89.979744,
            -178.54991,
            89.950165
        ],
        [
            448.87778,
            -541.3822,
            267.09946,
            89.97965,
            -178.54982,
            89.9502
        ],
        [
            448.87793,
            -541.383,
            267.10016,
            89.979774,
            -178.54979,
            89.950066
        ],
        [
            448.87735,
            -541.3826,
            267.10052,
            89.979805,
            -178.54979,
            89.950165
        ],
        [
            448.87805,
            -541.3824,
            267.09982,
            89.97972,
            -178.5498,
            89.95018
        ],
        [
            448.87836,
            -541.38257,
            267.10074,
            89.97981,
            -178.54974,
            89.950165
        ],
        [
            448.87753,
            -541.38245,
            267.0996,
            89.97972,
            -178.54984,
            89.95019
        ],
        [
            448.87778,
            -541.38293,
            267.10062,
            89.97977,
            -178.54977,
            89.950134
        ],
        [
            448.87823,
            -541.3823,
            267.1005,
            89.97979,
            -178.54984,
            89.950165
        ],
        [
            448.87793,
            -541.38306,
            267.10068,
            89.979774,
            -178.5497,
            89.95001
        ],
        [
            448.8778,
            -541.3828,
            267.10043,
            89.979774,
            -178.54979,
            89.950066
        ],
        [
            448.87784,
            -541.3824,
            267.09924,
            89.97977,
            -178.54999,
            89.9501
        ],
        [
            448.87793,
            -541.38293,
            267.1013,
            89.979836,
            -178.54965,
            89.95012
        ],
        [
            448.87823,
            -541.38245,
            267.10043,
            89.979774,
            -178.54979,
            89.95011
        ],
        [
            448.87842,
            -541.3824,
            267.1011,
            89.979836,
            -178.54971,
            89.950096
        ],
        [
            448.87814,
            -541.382,
            267.10025,
            89.97979,
            -178.54977,
            89.95021
        ],
        [
            448.87863,
            -541.38165,
            267.1006,
            89.97979,
            -178.54979,
            89.95014
        ],
        [
            448.88303,
            -541.3786,
            267.10632,
            89.98183,
            -178.55043,
            89.95132
        ],
        [
            448.89908,
            -541.39716,
            267.1915,
            89.98811,
            -178.5427,
            89.953094
        ],
        [
            448.90433,
            -541.3958,
            267.19125,
            89.989334,
            -178.54292,
            89.95446
        ],
        [
            448.9042,
            -541.3981,
            267.19763,
            89.98915,
            -178.542,
            89.95402
        ],
        [
            448.90634,
            -541.3953,
            267.1916,
            89.989334,
            -178.54295,
            89.954605
        ],
        [
            448.90726,
            -541.40717,
            267.214,
            89.99101,
            -178.54253,
            89.95768
        ],
        [
            448.90805,
            -541.40356,
            267.2139,
            89.99206,
            -178.54317,
            89.95988
        ],
        [
            448.90842,
            -541.4048,
            267.21817,
            89.9921,
            -178.54256,
            89.96
        ],
        [
            448.9088,
            -541.40497,
            267.2165,
            89.99227,
            -178.54279,
            89.96004
        ],
        [
            448.90826,
            -541.4055,
            267.21848,
            89.992134,
            -178.5426,
            89.95984
        ],
        [
            448.90848,
            -541.4053,
            267.21622,
            89.99214,
            -178.54257,
            89.95998
        ],
        [
            448.90814,
            -541.40564,
            267.21753,
            89.99201,
            -178.54251,
            89.95963
        ],
        [
            448.90875,
            -541.40466,
            267.21594,
            89.99207,
            -178.54268,
            89.9598
        ],
        [
            448.90793,
            -541.40564,
            267.21686,
            89.99189,
            -178.54243,
            89.959435
        ],
        [
            448.90875,
            -541.4052,
            267.21576,
            89.99196,
            -178.54245,
            89.959496
        ],
        [
            448.90875,
            -541.40533,
            267.2157,
            89.991936,
            -178.54245,
            89.95944
        ],
        [
            448.90808,
            -541.4061,
            267.21677,
            89.99182,
            -178.54234,
            89.959114
        ],
        [
            448.90866,
            -541.4057,
            267.2158,
            89.99182,
            -178.54234,
            89.959145
        ],
        [
            448.9083,
            -541.40564,
            267.21426,
            89.99162,
            -178.54234,
            89.95884
        ],
        [
            448.90857,
            -541.4059,
            267.2146,
            89.99167,
            -178.54227,
            89.95877
        ],
        [
            448.9084,
            -541.4058,
            267.2156,
            89.99164,
            -178.54218,
            89.95862
        ],
        [
            448.9086,
            -541.406,
            267.21542,
            89.99161,
            -178.54222,
            89.958336
        ],
        [
            448.9085,
            -541.40656,
            267.21432,
            89.99146,
            -178.54211,
            89.95815
        ],
        [
            448.90857,
            -541.40625,
            267.2141,
            89.991325,
            -178.54198,
            89.95801
        ],
        [
            448.90845,
            -541.40656,
            267.21365,
            89.9912,
            -178.542,
            89.957756
        ],
        [
            448.90848,
            -541.40643,
            267.21234,
            89.99115,
            -178.5421,
            89.95764
        ],
        [
            448.90848,
            -541.407,
            267.21216,
            89.991035,
            -178.54199,
            89.95734
        ],
        [
            448.90872,
            -541.4069,
            267.2126,
            89.99109,
            -178.54199,
            89.9572
        ],
        [
            448.90842,
            -541.40735,
            267.212,
            89.990906,
            -178.54178,
            89.95692
        ],
        [
            448.90833,
            -541.4076,
            267.21158,
            89.99079,
            -178.54176,
            89.956665
        ],
        [
            448.90848,
            -541.40784,
            267.21158,
            89.990776,
            -178.54173,
            89.9565
        ],
        [
            448.90784,
            -541.40717,
            267.20987,
            89.9906,
