{
    "CMD": 90,
    "motion_trajectory": [
        [
            433.0677,
            -491.46075,
            225.10693,
            -90.12051,
            -1.2504404,
            179.93958
        ],
        [
            433.0676,
            -491.4606,
            225.10703,
            -90.12061,
            -1.250386,
            179.93959
        ],
        [
            433.06693,
            -491.46146,
            225.10683,
            -90.12056,
            -1.2504947,
            179.93948
        ],
        [
            433.06757,
            -491.46054,
            225.10661,
            -90.1206,
            -1.2505188,
            179.93958
        ],
        [
            433.0673,
            -491.46106,
            225.10631,
            -90.1206,
            -1.2505188,
            179.93953
        ],
        [
            433.0674,
            -491.4609,
            225.10681,
            -90.12055,
            -1.2505045,
            179.93959
        ],
        [
            433.06735,
            -491.46115,
            225.10735,
            -90.12052,
            -1.2504163,
            179.93953
        ],
        [
            433.06757,
            -491.46118,
            225.10753,
            -90.120476,
            -1.250402,
            179.93958
        ],
        [
            433.06747,
            -491.46173,
            225.10727,
            -90.12049,
            -1.2504914,
            179.93948
        ],
        [
            433.06702,
            -491.46063,
            225.1059,
            -90.120674,
            -1.2505668,
            179.93953
        ],
        [
            433.06744,
            -491.46097,
            225.10722,
            -90.12057,
            -1.2504804,
            179.93959
        ],
        [
            433.06757,
            -491.4608,
            225.1072,
            -90.12057,
            -1.2504901,
            179.93964
        ],
        [
            433.06818,
            -491.46057,
            225.10663,
            -90.12051,
            -1.2504947,
            179.93962
        ],
        [
            433.06778,
            -491.4605,
            225.1063,
            -90.12059,
            -1.2504741,
            179.93964
        ],
        [
            433.05707,
            -491.44925,
            225.05684,
            -90.13913,
            -1.2522545,
            179.94043
        ],
        [
            432.9996,
            -491.34146,
            224.78438,
            -90.19077,
            -1.2687515,
            179.94469
        ],
        [
            432.98508,
            -491.32053,
            224.72818,
            -90.1994,
            -1.2724196,
            179.94489
        ],
        [
            432.98526,
            -491.32187,
            224.73439,
            -90.19777,
            -1.2721895,
            179.94472
        ],
        [
            432.9865,
            -491.32028,
            224.73439,
            -90.19684,
            -1.2722911,
            179.94489
        ],
        [
            432.98788,
            -491.3246,
            224.74693,
            -90.19361,
            -1.2716272,
            179.94446
        ],
        [
            432.99225,
            -491.3347,
            224.77841,
            -90.18598,
            -1.2700573,
            179.9436
        ],
        [
            432.99448,
            -491.33755,
            224.79105,
            -90.18069,
            -1.2696363,
            179.9431
        ],
        [
            433.00256,
            -491.35214,
            224.83118,
            -90.17234,
            -1.2672762,
            179.9424
        ],
        [
            433.00824,
            -491.3637,
            224.85812,
            -90.16551,
            -1.2658242,
            179.9417
        ],
        [
            433.00946,
            -491.3667,
            224.86453,
            -90.16307,
            -1.2655572,
            179.94138
        ],
        [
            433.00333,
            -491.36618,
            224.8635,
            -90.161224,
            -1.2671767,
            179.93985
        ],
        [
            432.99802,
            -491.37064,
            224.86414,
            -90.16033,
            -1.2677257,
            179.93797
        ],
        [
            432.99655,
            -491.36975,
            224.86137,
            -90.16087,
            -1.2680616,
            179.93767
        ],
        [
            432.99615,
            -491.37045,
            224.86119,
            -90.16082,
            -1.2681607,
            179.93756
        ],
        [
            432.9957,
            -491.37,
            224.86018,
            -90.16116,
            -1.2681687,
            179.93755
        ],
        [
            432.9963,
            -491.3709,
            224.86134,
            -90.16107,
            -1.2681029,
            179.93756
        ],
        [
            432.9963,
            -491.37027,
            224.86012,
            -90.16136,
            -1.2681652,
            179.93758
        ],
        [
            432.9963,
            -491.3708,
            224.86145,
            -90.161415,
            -1.2679698,
            179.9376
        ],
        [
            432.99658,
            -491.36987,
            224.85948,
            -90.161674,
            -1.2680757,
            179.93771
        ],
        [
            432.99646,
            -491.37094,
            224.86064,
            -90.16168,
            -1.2679154,
            179.93764
        ],
        [
            432.99634,
            -491.37067,
            224.85951,
            -90.16198,
            -1.2679634,
            179.93767
        ],
        [
            432.9975,
            -491.37082,
            224.86003,
            -90.16197,
            -1.2678865,
            179.93784
        ],
        [
            432.9973,
            -491.37045,
            224.8596,
            -90.162285,
            -1.2678016,
            179.93788
        ],
        [
            432.9972,
            -491.37076,
            224.85889,
            -90.16249,
            -1.2678113,
            179.93791
        ],
        [
            432.99713,
            -491.371,
            224.85922,
            -90.16257,
            -1.2677231,
            179.93788
        ],
        [
            432.9975,
            -491.3708,
            224.85847,
            -90.16277,
            -1.2676879,
            179.93802
        ],
        [
            432.9978,
            -491.37088,
            224.85898,
            -90.162796,
            -1.2676495,
            179.93808
        ],
        [
            432.99805,
            -491.37027,
            224.85796,
            -90.16304,
            -1.2677519,
            179.93814
        ],
        [
            432.9985,
            -491.3706,
            224.85927,
            -90.16293,
            -1.2676654,
            179.9382
        ],
        [
            432.99814,
            -491.37054,
            224.85854,
            -90.16323,
            -1.2675903,
            179.93825
        ],
        [
            432.99902,
            -491.37027,
            224.85872,
            -90.16325,
            -1.2675071,
            179.93842
        ],
        [
            432.99918,
            -491.3701,
            224.85829,
            -90.16346,
            -1.2674623,
            179.93849
        ],
        [
            432.9994,
            -491.37033,
            224.85841,
            -90.16371,
            -1.2674141,
            179.93854
        ],
        [
            432.99948,
            -491.37045,
            224.8575,
            -90.1638,
            -1.267438,
            179.93855
        ],
        [
            432.99924,
            -491.37027,
            224.85736,
            -90.16401,
            -1.267403,
            179.93863
        ],
