{
    "CMD": 90,
    "motion_trajectory": [
        [
            309.99847,
            252.11105,
            520.9201,
            89.7903,
            -178.62994,
            89.960304
        ],
        [
            309.99796,
            252.11116,
            520.9208,
            89.790436,
            -178.62997,
            89.960335
        ],
        [
            309.99844,
            252.11133,
            520.9205,
            89.7904,
            -178.6299,
            89.960335
        ],
        [
            309.9976,
            252.11151,
            520.9201,
            89.79036,
            -178.62991,
            89.96043
        ],
        [
            309.9983,
            252.11147,
            520.9196,
            89.790215,
            -178.6299,
            89.96041
        ],
        [
            309.99814,
            252.11105,
            520.9193,
            89.79028,
            -178.62987,
            89.96033
        ],
        [
            309.99796,
            252.11145,
            520.91974,
            89.79027,
            -178.6299,
            89.960396
        ],
        [
            309.9981,
            252.11124,
            520.9192,
            89.79017,
            -178.6299,
            89.96036
        ],
        [
            309.9983,
            252.11142,
            520.9198,
            89.79032,
            -178.62984,
            89.96038
        ],
        [
            309.99762,
            252.11122,
            520.9192,
            89.79023,
            -178.62993,
            89.96038
        ],
        [
            309.99796,
            252.11131,
            520.9192,
            89.79023,
            -178.62987,
            89.96038
        ],
        [
            309.99893,
            252.11131,
            520.91943,
            89.790215,
            -178.62988,
            89.9603
        ],
        [
            309.99844,
            252.11134,
            520.9192,
            89.79017,
            -178.6299,
            89.96036
        ],
        [
            309.99826,
            252.11131,
            520.9188,
            89.79007,
            -178.6299,
            89.96037
        ],
        [
            309.99826,
            252.11128,
            520.91895,
            89.79012,
            -178.6299,
            89.96036
        ],
        [
            309.99863,
            252.11105,
            520.91943,
            89.790276,
            -178.62996,
            89.96028
        ],
        [
            309.99844,
            252.11131,
            520.9193,
            89.79022,
            -178.6299,
            89.96034
        ],
        [
            309.99826,
            252.11111,
            520.9194,
            89.790215,
            -178.62994,
            89.9603
        ],
        [
            309.9986,
            252.11166,
            520.9193,
            89.79022,
            -178.62985,
            89.96039
        ],
        [
            309.99808,
            252.11151,
            520.919,
            89.79018,
            -178.6299,
            89.96039
        ],
        [
            309.9983,
            252.11095,
            520.9188,
            89.79019,
            -178.62982,
            89.96028
        ],
        [
            309.9981,
            252.11134,
            520.919,
            89.790245,
            -178.6298,
            89.96037
        ],
        [
            309.99863,
            252.11092,
            520.9191,
            89.79017,
            -178.62987,
            89.96025
        ],
        [
            309.99814,
            252.11105,
            520.9187,
            89.7902,
            -178.62985,
            89.96033
        ],
        [
            309.9983,
            252.11096,
            520.9193,
            89.790245,
            -178.6298,
            89.96028
        ],
        [
            309.99847,
            252.111,
            520.9191,
            89.79023,
            -178.62984,
            89.96028
        ],
        [
            309.99863,
            252.11092,
            520.9197,
            89.79025,
            -178.6299,
            89.96025
        ],
        [
            309.99255,
            252.11174,
            520.91486,
            89.79134,
            -178.63106,
            89.960686
        ],
        [
            309.98926,
            252.11208,
            520.9126,
            89.79211,
            -178.63133,
            89.96097
        ],
        [
            309.9878,
            252.11272,
            520.9113,
            89.79226,
            -178.63141,
            89.961205
        ],
        [
            309.98633,
            252.11325,
            520.91095,
            89.79247,
            -178.63145,
            89.9614
        ],
        [
            309.98688,
            252.11325,
            520.9106,
            89.79244,
            -178.6313,
            89.9614
        ],
        [
            309.9865,
            252.11348,
            520.91077,
            89.792435,
            -178.63136,
            89.96146
        ],
        [
            309.98666,
            252.11356,
            520.9104,
            89.792336,
            -178.63136,
            89.96147
        ],
        [
            309.9862,
            252.11366,
            520.9101,
            89.79242,
            -178.63127,
            89.96153
        ],
        [
            309.9864,
            252.11343,
            520.91003,
            89.792366,
            -178.63123,
            89.96148
        ],
        [
            309.98636,
            252.11374,
            520.9097,
            89.79232,
            -178.63132,
            89.96155
        ],
        [
            309.9867,
            252.11368,
            520.9107,
            89.79244,
            -178.63129,
            89.9615
        ],
        [
            309.98636,
            252.11374,
            520.91034,
            89.79241,
            -178.63118,
            89.96155
        ],
        [
            309.98636,
            252.11375,
            520.9096,
            89.79227,
            -178.6311,
            89.96156
        ],
        [
            309.98685,
            252.1136,
            520.9101,
            89.79229,
            -178.63118,
            89.96148
        ],
        [
            309.98685,
            252.11365,
            520.9099,
            89.79219,
            -178.63118,
            89.9615
        ],
        [
            309.98648,
            252.114,
            520.9098,
            89.7922,
            -178.63104,
            89.96159
        ],
        [
            309.98672,
            252.1139,
            520.91003,
            89.79225,
            -178.63103,
            89.96165
        ],
        [
            309.98752,
            252.11374,
            520.9101,
            89.792114,
            -178.63106,
            89.96149
        ],
        [
            309.987,
            252.11357,
            520.91046,
            89.79221,
            -178.63103,
            89.96147
        ],
        [
            309.98703,
            252.11392,
            520.9101,
            89.79212,
            -178.6309,
            89.961586
        ],
        [
            309.98697,
            252.1139,
            520.91,
            89.79206,
            -178.63095,
            89.96155
        ],
        [
            309.98697,
            252.11394,
            520.9099,
            89.79201,
            -178.63084,
            89.96156
        ],
        [
            309.98697,
            252.11394,
            520.9105,
            89.7921,
            -178.63087,
            89.96156
        ],
        [
            309.98734,
            252.11378,
            520.9106,
            89.79203,
            -178.63089,
            89.96154
        ],
        [
