{
    "CMD": 90,
    "motion_trajectory": [
        [
            -10.538355,
            -396.02887,
            319.4503,
            78.168564,
            -89.24973,
            13.171992
        ],
        [
            -10.538222,
            -396.02908,
            319.45053,
            78.166145,
            -89.24978,
            13.174445
        ],
        [
            -10.5388775,
            -396.02927,
            319.4508,
            78.15792,
            -89.24972,
            13.182551
        ],
        [
            -10.538769,
            -396.0295,
            319.45096,
            78.1603,
            -89.249725,
            13.180189
        ],
        [
            -10.538572,
            -396.02927,
            319.45056,
            78.160255,
            -89.249756,
            13.1802635
        ],
        [
            -10.538512,
            -396.02908,
            319.45062,
            78.16134,
            -89.249825,
            13.179215
        ],
        [
            -10.538442,
            -396.0284,
            319.4503,
            78.17284,
            -89.24978,
            13.167712
        ],
        [
            -10.538214,
            -396.02866,
            319.45093,
            78.15632,
            -89.24968,
            13.184315
        ],
        [
            -10.539076,
            -396.0295,
            319.45053,
            78.16187,
            -89.24973,
            13.178589
        ],
        [
            -10.538654,
            -396.02933,
            319.4508,
            78.15591,
            -89.249725,
            13.18466
        ],
        [
            -10.538663,
            -396.02933,
            319.45056,
            78.15824,
            -89.249756,
            13.182326
        ],
        [
            -10.538886,
            -396.02927,
            319.45056,
            78.160255,
            -89.249756,
            13.180219
        ],
        [
            -10.538968,
            -396.02933,
            319.4508,
            78.15676,
            -89.24967,
            13.183762
        ],
        [
            -10.539104,
            -396.0297,
            319.4508,
            78.15195,
            -89.24978,
            13.188491
        ],
        [
            -10.538581,
            -396.0293,
            319.4503,
            78.16259,
            -89.24979,
            13.177931
        ],
        [
            -10.538872,
            -396.0294,
            319.45062,
            78.15939,
            -89.24987,
            13.180983
        ],
        [
            -10.538986,
            -396.02945,
            319.45053,
            78.16133,
            -89.249886,
            13.179082
        ],
        [
            -10.539232,
            -396.02927,
            319.4502,
            78.16654,
            -89.249794,
            13.173876
        ],
        [
            -10.538762,
            -396.0295,
            319.45053,
            78.16187,
            -89.24973,
            13.178634
        ],
        [
            -10.538886,
            -396.02927,
            319.45056,
            78.1594,
            -89.24981,
            13.18107
        ],
        [
            -10.5389185,
            -396.0293,
            319.4502,
            78.16654,
            -89.249794,
            13.173922
        ],
        [
            -10.539208,
            -396.02927,
            319.4503,
            78.16259,
            -89.24979,
            13.177839
        ],
        [
            -10.53939,
            -396.0295,
            319.45053,
            78.16102,
            -89.24979,
            13.179396
        ],
        [
            -10.53939,
            -396.0295,
            319.45053,
            78.16102,
            -89.24979,
            13.179396
        ],
        [
            -10.539456,
            -396.02957,
            319.45065,
            78.15676,
            -89.24967,
            13.183717
        ],
        [
            -10.539813,
            -396.03104,
            319.45242,
            78.069954,
            -89.24778,
            13.271726
        ],
        [
            -10.540021,
            -396.03055,
            319.45227,
            78.06073,
            -89.2473,
            13.281571
        ],
        [
            -10.540192,
            -396.03018,
            319.45184,
            78.0654,
            -89.24731,
            13.276963
        ],
        [
            -10.539893,
            -396.0301,
            319.45178,
            78.06628,
            -89.24719,
            13.276232
        ],
        [
            -10.539893,
            -396.0301,
            319.45178,
            78.06713,
            -89.24714,
            13.275376
        ],
        [
            -10.539733,
            -396.02982,
            319.45212,
            78.06703,
            -89.24722,
            13.27546
        ],
        [
            -10.540364,
            -396.0303,
            319.45212,
            78.060776,
            -89.24718,
            13.281685
        ],
        [
            -10.5399885,
            -396.02966,
            319.4515,
            78.072845,
            -89.24728,
            13.269651
        ],
        [
            -10.540088,
            -396.02985,
            319.45148,
            78.07476,
            -89.24735,
            13.267678
        ],
        [
            -10.539908,
            -396.03006,
            319.45193,
            78.06703,
            -89.24722,
            13.27546
        ],
        [
            -10.539899,
            -396.03006,
            319.4522,
            78.06386,
            -89.24724,
            13.278638
        ],
        [
            -10.539937,
            -396.02957,
            319.45157,
            78.0787,
            -89.24736,
            13.263729
        ],
        [
            -10.540179,
            -396.03,
            319.45172,
            78.0752,
            -89.247345,
            13.267172
        ],
        [
            -10.539998,
            -396.0298,
            319.45148,
            78.07505,
            -89.24745,
            13.267333
        ],
        [
            -10.540255,
            -396.03018,
            319.4518,
            78.07403,
            -89.24736,
            13.268292
        ],
        [
            -10.540179,
            -396.03,
            319.45172,
            78.07435,
            -89.2474,
            13.268027
        ],
        [
            -10.540051,
            -396.02975,
            319.45172,
            78.08137,
            -89.247475,
            13.260983
        ],
        [
            -10.539565,
            -396.02954,
            319.4512,
            78.08525,
            -89.247505,
            13.257155
        ],
        [
            -10.540136,
            -396.02994,
            319.45154,
            78.08252,
            -89.24752,
            13.259781
        ],
        [
            -10.539993,
            -396.0297,
            319.45135,
            78.088776,
            -89.24757,
            13.253508
        ],
        [
            -10.539438,
            -396.0293,
            319.45117,
            78.09227,
            -89.24758,
            13.250109
        ],
        [
            -10.539661,
            -396.02924,
            319.45117,
            78.09172,
            -89.247734,
            13.250569
        ],
        [
            -10.539996,
            -396.02985,
            319.4509,
            78.09426,
            -89.24764,
            13.247924
        ],
        [
            -10.539903,
            -396.02963,
            319.45135,
            78.08993,
            -89.24761,
            13.252305
        ],
        [
            -10.539884,
            -396.02948,
            319.4508,
            78.10045,
            -89.2477,
            13.241812
        ],
        [
