{
    "CMD": 90,
    "motion_trajectory": [
        [
            448.83456,
            -541.4133,
            267.85004,
            89.96924,
            -178.55931,
            89.95054
        ],
        [
            448.8346,
            -541.41327,
            267.85117,
            89.9693,
            -178.55923,
            89.950584
        ],
        [
            448.8349,
            -541.4133,
            267.85077,
            89.96933,
            -178.55931,
            89.95045
        ],
        [
            448.83493,
            -541.41327,
            267.85135,
            89.96937,
            -178.55922,
            89.9505
        ],
        [
            448.8349,
            -541.4132,
            267.8508,
            89.96935,
            -178.55931,
            89.9505
        ],
        [
            448.83536,
            -541.4129,
            267.85135,
            89.96937,
            -178.55922,
            89.95055
        ],
        [
            448.83502,
            -541.4135,
            267.85104,
            89.96935,
            -178.55928,
            89.95045
        ],
        [
            448.83505,
            -541.41284,
            267.85095,
            89.969284,
            -178.5593,
            89.950516
        ],
        [
            448.8356,
            -541.4127,
            267.8513,
            89.96942,
            -178.55931,
            89.95046
        ],
        [
            448.83572,
            -541.4133,
            267.8514,
            89.96942,
            -178.55927,
            89.95048
        ],
        [
            448.83594,
            -541.41266,
            267.85086,
            89.96935,
            -178.55923,
            89.95047
        ],
        [
            448.8361,
            -541.4126,
            267.85098,
            89.9694,
            -178.55931,
            89.950455
        ],
        [
            448.8358,
            -541.4131,
            267.8518,
            89.96947,
            -178.55923,
            89.950455
        ],
        [
            448.83612,
            -541.41254,
            267.85156,
            89.969444,
            -178.55928,
            89.9505
        ],
        [
            448.8359,
            -541.4125,
            267.85156,
            89.96953,
            -178.55937,
            89.95048
        ],
        [
            448.83615,
            -541.4127,
            267.85135,
            89.96956,
            -178.55945,
            89.95041
        ],
        [
            448.83673,
            -541.41187,
            267.85098,
            89.96949,
            -178.55946,
            89.950516
        ],
        [
            448.83612,
            -541.41296,
            267.85205,
            89.96956,
            -178.55923,
            89.950424
        ],
        [
            448.8366,
            -541.41235,
            267.8519,
            89.96958,
            -178.5594,
            89.95055
        ],
        [
            448.8366,
            -541.4123,
            267.85138,
            89.969574,
            -178.55934,
            89.9505
        ],
        [
            448.8367,
            -541.41266,
            267.85156,
            89.96956,
            -178.5594,
            89.9504
        ],
        [
            448.83676,
            -541.4123,
            267.85147,
            89.9696,
            -178.55942,
            89.95043
        ],
        [
            448.8375,
            -541.41223,
            267.85236,
            89.96967,
            -178.55936,
            89.95033
        ],
        [
            448.83676,
            -541.4124,
            267.852,
            89.969604,
            -178.55937,
            89.950386
        ],
        [
            448.83698,
            -541.4123,
            267.85397,
            89.96999,
            -178.56046,
            89.95163
        ],
        [
            448.8363,
            -541.412,
            267.85382,
            89.97009,
            -178.56094,
            89.952126
        ],
        [
            448.83722,
            -541.4115,
            267.85587,
            89.97057,
            -178.56097,
            89.95284
        ],
        [
            448.83652,
            -541.4115,
            267.85687,
            89.97059,
            -178.56091,
            89.95291
        ],
        [
            448.8371,
            -541.4112,
            267.85565,
            89.97057,
            -178.56096,
            89.952896
        ],
        [
            448.83673,
            -541.4121,
            267.85602,
            89.97055,
            -178.56085,
            89.95281
        ],
        [
            448.83673,
            -541.41223,
            267.8565,
            89.97056,
            -178.56087,
            89.95277
        ],
        [
            448.8372,
            -541.41174,
            267.85657,
            89.97057,
            -178.5608,
            89.95286
        ],
        [
            448.8373,
            -541.4122,
            267.8573,
            89.97058,
            -178.56067,
            89.95276
        ],
        [
            448.8369,
            -541.41223,
            267.8566,
            89.97058,
            -178.56078,
            89.9527
        ],
        [
            448.83704,
            -541.41266,
            267.85678,
            89.970566,
            -178.56075,
            89.9526
        ],
        [
            448.83716,
            -541.41205,
            267.8559,
            89.9705,
            -178.56079,
            89.95271
        ],
        [
            448.83673,
            -541.4126,
            267.85638,
            89.97048,
            -178.56064,
            89.95256
        ],
        [
            448.83658,
            -541.41266,
            267.85626,
            89.970436,
            -178.56062,
            89.95258
        ],
        [
            448.83728,
            -541.4126,
            267.85657,
            89.97047,
            -178.56055,
            89.95251
        ],
        [
            448.83722,
            -541.41223,
            267.85614,
            89.97044,
            -178.56061,
            89.95244
        ],
        [
            448.83755,
            -541.41315,
            267.85626,
            89.970436,
            -178.56041,
            89.952286
        ],
        [
            448.83777,
            -541.41235,
            267.85574,
            89.97039,
            -178.56061,
            89.95233
        ],
        [
            448.83734,
            -541.41266,
            267.85632,
            89.97043,
            -178.56046,
            89.95234
        ],
        [
            448.83664,
            -541.41296,
            267.8559,
            89.970345,
            -178.56047,
            89.95226
        ],
        [
            448.8372,
            -541.4131,
            267.8566,
            89.97033,
            -178.56033,
            89.952156
        ],
        [
            448.83688,
            -541.41345,
            267.8556,
            89.970314,
            -178.56038,
            89.95204
        ],
        [
            448.83762,
            -541.4132,
            267.8561,
            89.970314,
            -178.56035,
            89.952034
        ],
        [
            448.83755,
            -541.4127,
            267.85526,
            89.97025,
            -178.56042,
            89.952034
        ],
        [
            448.83777,
            -541.41296,
            267.85608,
            89.9703,
            -178.56029,
            89.95203
        ],
        [
            448.83734,
            -541.4136,
            267.85596,
            89.970245,
            -178.56029,
            89.951836
        ],
        [
            448.83734,
            -541.4136,
            267.85596,
            89.970245,
