{
    "CMD": 90,
    "motion_trajectory": [
        [
            -10.539029,
            -396.02963,
            319.45096,
            78.154724,
            -89.2498,
            13.18565
        ],
        [
            -10.538639,
            -396.02945,
            319.4509,
            78.1559,
            -89.24979,
            13.184572
        ],
        [
            -10.538815,
            -396.0297,
            319.4507,
            78.1559,
            -89.2498,
            13.18565
        ],
        [
            -10.538806,
            -396.0297,
            319.451,
            78.15442,
            -89.24981,
            13.192844
        ],
        [
            -10.538851,
            -396.02875,
            319.4509,
            78.1594,
            -89.24981,
            13.1810255
        ],
        [
            -10.538947,
            -396.02945,
            319.45047,
            78.15576,
            -89.24989,
            13.184676
        ],
        [
            -10.53889,
            -396.02988,
            319.4508,
            78.15387,
            -89.249855,
            13.186548
        ],
        [
            -10.539128,
            -396.0297,
            319.4507,
            78.156746,
            -89.24973,
            13.183675
        ],
        [
            -10.5388775,
            -396.02927,
            319.4508,
            78.15707,
            -89.24977,
            13.183404
        ],
        [
            -10.539276,
            -396.02945,
            319.45062,
            78.158226,
            -89.24982,
            13.182148
        ],
        [
            -10.539427,
            -396.0297,
            319.45056,
            78.15343,
            -89.24986,
            13.186965
        ],
        [
            -10.538915,
            -396.02957,
            319.45108,
            78.15108,
            -89.24989,
            13.189257
        ],
        [
            -10.538836,
            -396.02878,
            319.45074,
            78.15778,
            -89.24983,
            13.182655
        ],
        [
            -10.539855,
            -396.02985,
            319.45068,
            78.15952,
            -89.249756,
            13.180743
        ],
        [
            -10.539517,
            -396.02988,
            319.4508,
            78.154724,
            -89.2498,
            13.185604
        ],
        [
            -10.539236,
            -396.02988,
            319.45044,
            78.1593,
            -89.249954,
            13.181058
        ],
        [
            -10.5392275,
            -396.02988,
            319.45068,
            78.15782,
            -89.24986,
            13.182539
        ],
        [
            -10.539038,
            -396.02963,
            319.4507,
            78.15706,
            -89.24983,
            13.183316
        ],
        [
            -10.538953,
            -396.02945,
            319.4509,
            78.155045,
            -89.24984,
            13.18538
        ],
        [
            -10.539378,
            -396.03012,
            319.45062,
            78.15387,
            -89.249855,
            13.186502
        ],
        [
            -10.539418,
            -396.0297,
            319.4508,
            78.15109,
            -89.24983,
            13.189298
        ],
        [
            -10.53936,
            -396.02963,
            319.45044,
            78.16024,
            -89.24982,
            13.180085
        ],
        [
            -10.53907,
            -396.02963,
            319.45035,
            78.163345,
            -89.24988,
            13.177019
        ],
        [
            -10.539574,
            -396.02975,
            319.45197,
            78.07678,
            -89.247505,
            13.265215
        ],
        [
            -10.539452,
            -396.02682,
            319.4507,
            78.08576,
            -89.24652,
            13.257794
        ],
        [
            -10.538313,
            -396.0251,
            319.44897,
            78.10607,
            -89.24633,
            13.238276
        ],
        [
            -10.538268,
            -396.02444,
            319.44934,
            78.10216,
            -89.24626,
            13.242257
        ],
        [
            -10.538401,
            -396.025,
            319.4494,
            78.10115,
            -89.2461,
            13.243347
        ],
        [
            -10.538136,
            -396.02457,
            319.44934,
            78.10071,
            -89.24611,
            13.243853
        ],
        [
            -10.538235,
            -396.02475,
            319.44934,
            78.102615,
            -89.24619,
            13.241879
        ],
        [
            -10.538703,
            -396.0256,
            319.4495,
            78.09317,
            -89.24623,
            13.251232
        ],
        [
            -10.53812,
            -396.0247,
            319.44943,
            78.09983,
            -89.24623,
            13.244622
        ],
        [
            -10.538548,
            -396.02475,
            319.44934,
            78.10176,
            -89.24625,
            13.242686
        ],
        [
            -10.538557,
            -396.02487,
            319.4493,
            78.10885,
            -89.2463,
            13.235487
        ],
        [
            -10.538153,
            -396.0248,
            319.4493,
            78.10597,
            -89.246414,
            13.238356
        ],
        [
            -10.538081,
            -396.02524,
            319.44946,
            78.102486,
            -89.2464,
            13.24184
        ],
        [
            -10.537924,
            -396.02512,
            319.44937,
            78.10872,
            -89.246506,
            13.235491
        ],
        [
            -10.5381775,
            -396.02493,
            319.44943,
            78.11065,
            -89.24652,
            13.233555
        ],
        [
            -10.538432,
            -396.02554,
            319.4497,
            78.09737,
            -89.24646,
            13.246776
        ],
        [
            -10.53829,
            -396.0253,
            319.44952,
            78.10362,
            -89.246506,
            13.24051
        ],
        [
            -10.538075,
            -396.02548,
            319.44952,
            78.104675,
            -89.246635,
            13.239434
        ],
        [
            -10.53808,
            -396.025,
            319.44925,
            78.112404,
            -89.24677,
            13.231651
        ],
        [
            -10.538056,
            -396.025,
            319.44934,
            78.10932,
            -89.246704,
            13.234746
        ],
        [
            -10.538232,
            -396.02536,
            319.4494,
            78.11006,
            -89.246796,
            13.23389
        ],
        [
            -10.53797,
            -396.02554,
            319.4496,
            78.10411,
            -89.24686,
            13.239855
        ],
        [
            -10.538274,
            -396.0256,
            319.44925,
            78.12099,
            -89.24701,
            13.222732
        ],
        [
            -10.537847,
            -396.0259,
            319.4498,
            78.107315,
            -89.24687,
            13.236566
        ],
        [
            -10.538102,
            -396.02585,
            319.44943,
            78.11388,
            -89.24702,
            13.2299
        ],
        [
            -10.538407,
            -396.02582,
            319.4497,
            78.112404,
            -89.246925,
            13.231325
        ],
        [
            -10.53859,
            -396.0262,
            319.4495,
            78.11547,
            -89.247055,
            13.228146
        ],
        [
            -10.538477,
