{
    "CMD": 91,
    "motion_trajectory": [
        [
            448.6863,
            -598.99225,
            272.09717,
            89.12961,
            -178.61009,
            89.99015
        ],
        [
            448.68713,
            -598.99164,
            272.09796,
            89.12974,
            -178.61005,
            89.99023
        ],
        [
            448.6863,
            -598.9922,
            272.09775,
            89.12964,
            -178.61006,
            89.990204
        ],
        [
            448.68723,
            -598.9911,
            272.0973,
            89.129585,
            -178.61014,
            89.9902
        ],
        [
            448.68713,
            -598.9917,
            272.09854,
            89.12976,
            -178.61002,
            89.99023
        ],
        [
            448.6873,
            -598.9917,
            272.09805,
            89.12977,
            -178.61008,
            89.990166
        ],
        [
            448.68723,
            -598.99207,
            272.0982,
            89.12974,
            -178.61002,
            89.99012
        ],
        [
            448.68686,
            -598.9915,
            272.09842,
            89.1297,
            -178.60999,
            89.990234
        ],
        [
            448.68744,
            -598.9915,
            272.09842,
            89.1297,
            -178.61005,
            89.990234
        ],
        [
            448.6872,
            -598.99133,
            272.09924,
            89.129684,
            -178.60986,
            89.990295
        ],
        [
            448.68753,
            -598.9914,
            272.09882,
            89.12974,
            -178.61002,
            89.990166
        ],
        [
            448.68735,
            -598.99146,
            272.09872,
            89.129684,
            -178.60999,
            89.99018
        ],
        [
            448.6877,
            -598.99133,
            272.1001,
            89.12982,
            -178.60991,
            89.99016
        ],
        [
            448.687,
            -598.9914,
            272.09912,
            89.12964,
            -178.60985,
            89.99031
        ],
        [
            448.6882,
            -598.9915,
            272.10052,
            89.129814,
            -178.6098,
            89.99016
        ],
        [
            448.6887,
            -598.99115,
            272.10052,
            89.129814,
            -178.6098,
            89.990204
        ],
        [
            448.68753,
            -598.9915,
            272.09998,
            89.12977,
            -178.60992,
            89.99011
        ],
        [
            448.6879,
            -598.9919,
            272.10062,
            89.129845,
            -178.60982,
            89.99005
        ],
        [
            448.6929,
            -598.9911,
            272.1058,
            89.13112,
            -178.61014,
            89.99005
        ],
        [
            448.69296,
            -598.99506,
            272.1243,
            89.13154,
            -178.60814,
            89.99014
        ],
        [
            448.69464,
            -598.99414,
            272.12503,
            89.13188,
            -178.60826,
            89.99016
        ],
        [
            448.6939,
            -598.9949,
            272.12595,
            89.13169,
            -178.60808,
            89.99011
        ],
        [
            448.6938,
            -598.99457,
            272.1251,
            89.13166,
            -178.60815,
            89.990166
        ],
        [
            448.69318,
            -598.9948,
            272.13208,
            89.13227,
            -178.60938,
            89.99335
        ],
        [
            448.69376,
            -598.9949,
            272.13614,
            89.13267,
            -178.60963,
            89.99492
        ],
        [
            448.69373,
            -598.9953,
            272.13715,
            89.13283,
            -178.60965,
            89.99507
        ],
        [
            448.69406,
            -598.99615,
            272.1385,
            89.1329,
            -178.60942,
            89.99513
        ],
        [
            448.69412,
            -598.9969,
            272.13925,
            89.133026,
            -178.6094,
            89.99501
        ],
        [
            448.69415,
            -598.99677,
            272.1381,
            89.13285,
            -178.60938,
            89.99492
        ],
        [
            448.69418,
            -598.99664,
            272.1387,
            89.13289,
            -178.60933,
            89.99497
        ],
        [
            448.69424,
            -598.9973,
            272.1383,
            89.13283,
            -178.60922,
            89.99471
        ],
        [
            448.69412,
            -598.9977,
            272.13907,
            89.132935,
            -178.60918,
            89.99459
        ],
        [
            448.69437,
            -598.9978,
            272.1391,
            89.13284,
            -178.60902,
            89.99455
        ],
        [
            448.69397,
            -598.9982,
            272.13885,
            89.13283,
            -178.60898,
            89.99434
        ],
        [
            448.69467,
            -598.99774,
            272.13873,
            89.13288,
            -178.60902,
            89.994255
        ],
        [
            448.6945,
            -598.9983,
            272.13855,
            89.132774,
            -178.60893,
            89.994
        ],
        [
            448.6943,
            -598.9981,
            272.13794,
            89.13271,
            -178.60896,
            89.9939
        ],
        [
            448.69473,
            -598.9985,
            272.13837,
            89.13279,
            -178.60892,
            89.99372
        ],
        [
            448.69455,
            -598.9987,
            272.1382,
            89.13272,
            -178.60878,
            89.99363
        ],
        [
            448.69388,
            -598.9989,
            272.1376,
            89.13265,
            -178.60869,
            89.99353
        ],
        [
            448.694,
            -598.9995,
            272.13782,
            89.13264,
            -178.6087,
            89.99326
        ],
        [
            448.69382,
            -599.00006,
            272.1376,
            89.13253,
            -178.60861,
            89.99301
        ],
        [
            448.69482,
            -598.9992,
            272.1374,
            89.132545,
            -178.60869,
            89.99304
        ],
        [
            448.69452,
            -598.9996,
            272.1369,
            89.13256,
            -178.60869,
            89.992935
        ],
        [
            448.69437,
            -599.0002,
            272.13727,
            89.13248,
            -178.60852,
            89.992676
        ],
        [
            448.69482,
            -599.0,
            272.13663,
            89.13243,
            -178.60855,
            89.99262
        ],
        [
            448.69498,
            -599.0002,
            272.1367,
            89.13245,
            -178.60846,
            89.992455
        ],
        [
            448.6944,
            -599.0002,
            272.13647,
            89.13242,
            -178.60857,
            89.99229
        ],
        [
            448.6945,
            -599.00104,
            272.13727,
            89.132454,
            -178.60829,
            89.992134
        ],
        [
            448.69458,
            -599.00104,
            272.13693,
            89.13241,
            -178.60822,
            89.99203
        ],
        [
            448.6942,
            -599.00085,
            272.13626,
            89.13231,
