{
    "CMD": 90,
    "motion_trajectory": [
        [
            433.06708,
            -491.46143,
            225.10799,
            -90.120605,
            -1.2502097,
            179.93944
        ],
        [
            433.067,
            -491.46124,
            225.10829,
            -90.120605,
            -1.2502097,
            179.93944
        ],
        [
            433.06754,
            -491.46112,
            225.1083,
            -90.120674,
            -1.2502944,
            179.9395
        ],
        [
            433.06683,
            -491.4616,
            225.10838,
            -90.12061,
            -1.2501409,
            179.93945
        ],
        [
            433.06744,
            -491.46097,
            225.1086,
            -90.120674,
            -1.25024,
            179.9395
        ],
        [
            433.06793,
            -491.46143,
            225.10931,
            -90.1205,
            -1.2501776,
            179.93954
        ],
        [
            433.06766,
            -491.46097,
            225.1089,
            -90.120575,
            -1.2502257,
            179.93954
        ],
        [
            433.06754,
            -491.46075,
            225.10869,
            -90.12061,
            -1.2502497,
            179.93954
        ],
        [
            433.06754,
            -491.46072,
            225.10828,
            -90.1206,
            -1.2502193,
            179.93953
        ],
        [
            433.06778,
            -491.4612,
            225.10931,
            -90.12043,
            -1.2502561,
            179.93953
        ],
        [
            433.06778,
            -491.4612,
            225.1092,
            -90.12048,
            -1.2502017,
            179.93953
        ],
        [
            433.06778,
            -491.4612,
            225.10931,
            -90.12043,
            -1.2502017,
            179.93953
        ],
        [
            433.06778,
            -491.4612,
            225.1092,
            -90.12048,
            -1.2501472,
            179.93953
        ],
        [
            433.0665,
            -491.46158,
            225.10411,
            -90.12293,
            -1.2501493,
            179.93936
        ],
        [
            433.05377,
            -491.4416,
            225.04631,
            -90.14211,
            -1.2528541,
            179.94081
        ],
        [
            432.99442,
            -491.3272,
            224.7669,
            -90.19558,
            -1.2701241,
            179.94556
        ],
        [
            432.9813,
            -491.30563,
            224.70859,
            -90.20461,
            -1.2737857,
            179.94612
        ],
        [
            432.98132,
            -491.3123,
            224.7234,
            -90.202354,
            -1.2728759,
            179.94553
        ],
        [
            432.98105,
            -491.3078,
            224.71964,
            -90.201614,
            -1.2733526,
            179.94563
        ],
        [
            432.98315,
            -491.31287,
            224.7319,
            -90.19843,
            -1.2726806,
            179.94527
        ],
        [
            432.9881,
            -491.32428,
            224.76591,
            -90.19009,
            -1.2709622,
            179.94441
        ],
        [
            432.98898,
            -491.3257,
            224.77588,
            -90.18519,
            -1.2707622,
            179.94383
        ],
        [
            432.99698,
            -491.34125,
            224.8149,
            -90.17655,
            -1.2684808,
            179.94302
        ],
        [
            433.00192,
            -491.35052,
            224.83957,
            -90.17132,
            -1.2671084,
            179.94252
        ],
        [
            433.00598,
            -491.35757,
            224.85231,
            -90.16742,
            -1.2662778,
            179.9422
        ],
        [
            433.0026,
            -491.35956,
            224.85992,
            -90.1626,
            -1.2683057,
            179.94066
        ],
        [
            433.00003,
            -491.36105,
            224.86163,
            -90.161514,
            -1.2690173,
            179.9398
        ],
        [
            432.9976,
            -491.36066,
            224.85698,
            -90.162094,
            -1.2694988,
            179.93927
        ],
        [
            432.99792,
            -491.36188,
            224.8596,
            -90.161896,
            -1.2693655,
            179.93916
        ],
        [
            432.99734,
            -491.3619,
            224.85837,
            -90.16201,
            -1.2693833,
            179.93913
        ],
        [
            432.99734,
            -491.36188,
            224.85745,
            -90.16226,
            -1.2694073,
            179.93913
        ],
        [
            432.99753,
            -491.36252,
            224.85841,
            -90.162155,
            -1.2693255,
            179.9391
        ],
        [
            432.99774,
            -491.3611,
            224.85681,
            -90.16251,
            -1.2693322,
            179.93929
        ],
        [
            432.99817,
            -491.36176,
            224.85736,
            -90.16245,
            -1.2693144,
            179.93929
        ],
        [
            432.99786,
            -491.36197,
            224.8577,
            -90.16246,
            -1.2692406,
            179.93918
        ],
        [
            432.99817,
            -491.3613,
            224.85591,
            -90.162895,
            -1.2693176,
            179.93939
        ],
        [
            432.99863,
            -491.3624,
            224.85739,
            -90.16266,
            -1.269079,
            179.93933
        ],
        [
            432.9983,
            -491.3628,
            224.8577,
            -90.16273,
            -1.2690549,
            179.9393
        ],
        [
            432.99796,
            -491.3629,
            224.85672,
            -90.16298,
            -1.2690835,
            179.93921
        ],
        [
            432.99808,
            -491.3623,
            224.85597,
            -90.163216,
            -1.2690868,
            179.93929
        ],
        [
            432.998,
            -491.3618,
            224.85594,
            -90.16327,
            -1.2689734,
            179.93945
        ],
        [
            432.99817,
            -491.36243,
            224.85689,
            -90.16325,
            -1.26897,
            179.93936
        ],
        [
            432.9985,
            -491.3626,
            224.8568,
            -90.163216,
            -1.2688916,
            179.9394
        ],
        [
            432.99854,
            -491.36255,
            224.85567,
            -90.163574,
            -1.2689251,
            179.93947
        ],
        [
            432.99863,
            -491.36172,
            224.85461,
            -90.16374,
            -1.2689428,
            179.93951
        ],
        [
            432.99878,
            -491.36258,
            224.85574,
            -90.16358,
            -1.2688563,
            179.93951
        ],
        [
            432.99884,
            -491.36264,
            224.85596,
            -90.163704,
            -1.2687235,
            179.93954
        ],
        [
            432.99918,
            -491.36307,
            224.85579,
            -90.16395,
            -1.2686208,
            179.93959
        ],
        [
            432.9993,
            -491.36288,
            224.85567,
            -90.164,
            -1.2686305,
            179.93965
        ],
        [
            432.9995,
            -491.36252,
            224.85497,
            -90.164314,
            -1.2686992,
            179.93968
        ],
