{
    "CMD": 91,
    "motion_trajectory": [
        [
            434.53986,
            -486.66016,
            225.17996,
            -90.10992,
            -1.2500035,
            179.90996
        ],
        [
            434.54007,
            -486.66043,
            225.18037,
            -90.11,
            -1.2499002,
            179.90997
        ],
        [
            434.53998,
            -486.65997,
            225.17973,
            -90.110016,
            -1.2500128,
            179.91002
        ],
        [
            434.5396,
            -486.66003,
            225.18053,
            -90.10997,
            -1.2499433,
            179.91002
        ],
        [
            434.54013,
            -486.6602,
            225.17995,
            -90.10998,
            -1.249934,
            179.91002
        ],
        [
            434.54053,
            -486.65985,
            225.17986,
            -90.11003,
            -1.2500427,
            179.91006
        ],
        [
            434.53986,
            -486.65982,
            225.18013,
            -90.10996,
            -1.2500128,
            179.91
        ],
        [
            434.5399,
            -486.66052,
            225.17949,
            -90.11003,
            -1.2500485,
            179.90991
        ],
        [
            434.53995,
            -486.66028,
            225.18079,
            -90.10995,
            -1.2499547,
            179.90996
        ],
        [
            434.54025,
            -486.6595,
            225.18004,
            -90.110016,
            -1.2499583,
            179.91006
        ],
        [
            434.54004,
            -486.66043,
            225.18048,
            -90.10995,
            -1.2499547,
            179.90996
        ],
        [
            434.53998,
            -486.65997,
            225.17964,
            -90.11007,
            -1.2500128,
            179.91002
        ],
        [
            434.54,
            -486.66003,
            225.18025,
            -90.10998,
            -1.2499883,
            179.91002
        ],
        [
            434.53995,
            -486.66028,
            225.18079,
            -90.10995,
            -1.2499547,
            179.90996
        ],
        [
            434.5404,
            -486.6597,
            225.18015,
            -90.11003,
            -1.2499883,
            179.91006
        ],
        [
            434.54025,
            -486.65982,
            225.17986,
            -90.10997,
            -1.2500035,
            179.91
        ],
        [
            434.5402,
            -486.65936,
            225.17903,
            -90.1101,
            -1.2499979,
            179.90997
        ],
        [
            434.54016,
            -486.66064,
            225.18079,
            -90.109856,
            -1.2499303,
            179.90996
        ],
        [
            434.54,
            -486.66037,
            225.17998,
            -90.109985,
            -1.2499247,
            179.90996
        ],
        [
            434.5398,
            -486.66006,
            225.18066,
            -90.10993,
            -1.2500335,
            179.90996
        ],
        [
            434.54135,
            -486.66205,
            225.18825,
            -90.10653,
            -1.2497786,
            179.90977
        ],
        [
            434.56677,
            -486.70737,
            225.28967,
            -90.08493,
            -1.2431496,
            179.9077
        ],
        [
            434.5701,
            -486.7117,
            225.31339,
            -90.08114,
            -1.2421043,
            179.90775
        ],
        [
            434.5749,
            -486.71466,
            225.31557,
            -90.0784,
            -1.2418271,
            179.90765
        ],
        [
            434.57187,
            -486.71747,
            225.32191,
            -90.07911,
            -1.2414217,
            179.90738
        ],
        [
            434.57242,
            -486.71725,
            225.3203,
            -90.07958,
            -1.241446,
            179.90749
        ],
        [
            434.57303,
            -486.7141,
            225.3129,
            -90.07994,
            -1.2419488,
            179.9077
        ],
        [
            434.5697,
            -486.7196,
            225.32791,
            -90.077675,
            -1.2439865,
            179.90652
        ],
        [
            434.56927,
            -486.71814,
            225.32832,
            -90.07478,
            -1.2461834,
            179.90617
        ],
        [
            434.5697,
            -486.72043,
            225.33452,
            -90.07423,
            -1.2466147,
            179.90602
        ],
        [
            434.5699,
            -486.71902,
            225.33269,
            -90.07366,
            -1.2468679,
            179.90611
        ],
        [
            434.56973,
            -486.71954,
            225.33467,
            -90.07334,
            -1.2467762,
            179.90598
        ],
        [
            434.56976,
            -486.71927,
            225.33363,
            -90.07342,
            -1.2467799,
            179.90604
        ],
        [
            434.56952,
            -486.71976,
            225.33476,
            -90.07352,
            -1.2467611,
            179.90602
        ],
        [
            434.5697,
            -486.7191,
            225.33372,
            -90.073524,
            -1.2466711,
            179.90605
        ],
        [
            434.56985,
            -486.7193,
            225.33363,
            -90.07365,
            -1.2465923,
            179.90607
        ],
        [
            434.56958,
            -486.71942,
            225.3327,
            -90.0739,
            -1.2465715,
            179.90611
        ],
        [
            434.5694,
            -486.7198,
            225.33264,
            -90.07396,
            -1.2464986,
            179.906
        ],
        [
            434.5698,
            -486.72,
            225.33447,
            -90.07398,
            -1.2461683,
            179.90608
        ],
        [
            434.5694,
            -486.7198,
            225.33255,
            -90.07401,
            -1.246281,
            179.90602
        ],
        [
            434.56985,
            -486.71945,
            225.33194,
            -90.07434,
            -1.2461177,
            179.9061
        ],
        [
            434.5696,
            -486.7196,
            225.33171,
            -90.07444,
            -1.2460183,
            179.90613
        ],
        [
            434.57025,
            -486.7196,
            225.33124,
            -90.074554,
            -1.2458458,
            179.90613
        ],
        [
            434.56982,
            -486.7195,
            225.33221,
            -90.07463,
            -1.2458156,
            179.90622
        ],
        [
            434.57028,
            -486.71887,
            225.33087,
            -90.07486,
            -1.2456017,
            179.90634
        ],
        [
            434.5701,
            -486.71927,
            225.33061,
            -90.075035,
            -1.2454743,
            179.90625
        ],
        [
            434.57,
            -486.72003,
            225.33084,
            -90.075066,
            -1.2452079,
            179.90622
        ],
        [
            434.57016,
            -486.7192,
            225.3293,
            -90.07551,
            -1.2451723,
            179.90631
        ],
        [
            434.57043,
            -486.71927,
            225.3299,
            -90.07548,
            -1.2448064,
            179.90637
        ],
        [
            434.5705,
            -486.71927,
            225.3295,
            -90.07569,
            -1.2446432,
            179.9064
        ],
        [
