{
    "CMD": 90,
    "motion_trajectory": [
        [
            -274.33847,
            -185.45938,
            781.2827,
            -90.21283,
            88.3198,
            86.99784
        ],
        [
            -274.33835,
            -185.45958,
            781.28265,
            -90.214676,
            88.3198,
            86.99604
        ],
        [
            -274.33844,
            -185.45958,
            781.2819,
            -90.21777,
            88.31979,
            86.99294
        ],
        [
            -274.33862,
            -185.45984,
            781.282,
            -90.21753,
            88.31985,
            86.993256
        ],
        [
            -274.3385,
            -185.4596,
            781.2817,
            -90.21748,
            88.31985,
            86.99324
        ],
        [
            -274.33887,
            -185.45956,
            781.2814,
            -90.22088,
            88.31985,
            86.989845
        ],
        [
            -274.3389,
            -185.45964,
            781.2814,
            -90.21877,
            88.31985,
            86.99197
        ],
        [
            -274.33884,
            -185.45961,
            781.28156,
            -90.220924,
            88.31985,
            86.98981
        ],
        [
            -274.33893,
            -185.45956,
            781.281,
            -90.22243,
            88.31985,
            86.9883
        ],
        [
            -274.33908,
            -185.45938,
            781.2807,
            -90.22586,
            88.31985,
            86.98482
        ],
        [
            -274.33972,
            -185.45975,
            781.2793,
            -90.23385,
            88.319786,
            86.97691
        ],
        [
            -274.33997,
            -185.45955,
            781.27875,
            -90.23325,
            88.319786,
            86.97747
        ],
        [
            -274.33954,
            -185.4596,
            781.27905,
            -90.2336,
            88.31978,
            86.977135
        ],
        [
            -274.33978,
            -185.45976,
            781.2791,
            -90.231705,
            88.319786,
            86.979065
        ],
        [
            -274.33963,
            -185.45943,
            781.27936,
            -90.23181,
            88.31989,
            86.9789
        ],
        [
            -274.34326,
            -185.46031,
            781.2563,
            -90.41264,
            88.319595,
            86.79815
        ],
        [
            -274.34595,
            -185.46034,
            781.24524,
            -90.50509,
            88.31949,
            86.70566
        ],
        [
            -274.3447,
            -185.46046,
            781.2462,
            -90.50059,
            88.31966,
            86.71019
        ],
        [
            -274.34555,
            -185.46051,
            781.24445,
            -90.50844,
            88.31949,
            86.70234
        ],
        [
            -274.34546,
            -185.46057,
            781.2451,
            -90.50509,
            88.31949,
            86.7057
        ],
        [
            -274.34558,
            -185.46046,
            781.2453,
            -90.50308,
            88.31965,
            86.7077
        ],
        [
            -274.3457,
            -185.46085,
            781.2449,
            -90.50457,
            88.319595,
            86.7063
        ],
        [
            -274.34586,
            -185.46063,
            781.245,
            -90.50272,
            88.319595,
            86.7081
        ],
        [
            -274.34555,
            -185.4609,
            781.246,
            -90.497826,
            88.319595,
            86.71306
        ],
        [
            -274.34665,
            -185.46098,
            781.2485,
            -90.471375,
            88.31931,
            86.73961
        ],
        [
            -274.3463,
            -185.46083,
            781.24945,
            -90.464645,
            88.319374,
            86.74631
        ],
        [
            -274.34573,
            -185.46106,
            781.25,
            -90.461525,
            88.31927,
            86.74947
        ],
        [
            -274.34637,
            -185.46109,
            781.2501,
            -90.46315,
            88.319374,
            86.74787
        ],
        [
            -274.34616,
            -185.46106,
            781.2496,
            -90.462776,
            88.31926,
            86.74824
        ],
        [
            -274.34695,
            -185.461,
            781.24896,
            -90.46579,
            88.31915,
            86.7452
        ],
        [
            -274.3466,
            -185.46098,
            781.24896,
            -90.467964,
            88.31926,
            86.74302
        ],
        [
            -274.34686,
            -185.46103,
            781.24927,
            -90.46801,
            88.31926,
            86.74299
        ],
        [
            -274.34686,
            -185.46103,
            781.24927,
            -90.46804,
            88.31937,
            86.74296
        ],
        [
            -274.3466,
            -185.46103,
            781.24866,
            -90.47142,
            88.31931,
            86.73958
        ],
        [
            -274.3471,
            -185.46077,
            781.2487,
            -90.46953,
            88.31931,
            86.74141
        ],
        [
            -274.34668,
            -185.46098,
            781.24945,
            -90.466415,
            88.31927,
            86.74457
        ],
        [
            -274.34705,
            -185.46075,
            781.249,
            -90.46981,
            88.31926,
            86.74113
        ],
        [
            -274.34695,
            -185.46098,
            781.2487,
            -90.46951,
            88.31926,
            86.74147
        ],
        [
            -274.34647,
            -185.46103,
            781.2494,
            -90.46835,
            88.31943,
            86.74264
        ],
        [
            -274.34692,
            -185.46101,
            781.24884,
            -90.471436,
            88.31937,
            86.73956
        ],
        [
            -274.34647,
            -185.46101,
            781.2492,
            -90.472046,
            88.31943,
            86.73894
        ],
        [
            -274.34702,
            -185.46078,
            781.2491,
            -90.47175,
            88.31942,
            86.7392
        ],
        [
            -274.3473,
            -185.46095,
            781.24866,
            -90.47325,
            88.31942,
            86.737724
        ],
        [
            -274.34686,
            -185.46118,
            781.24817,
            -90.474785,
            88.31937,
            86.736244
        ],
        [
            -274.34637,
            -185.46118,
            781.249,
            -90.472,
            88.31943,
            86.73901
        ],
        [
            -274.34674,
            -185.46074,
            781.24866,
            -90.47355,
            88.31943,
            86.73738
        ],
        [
            -274.34634,
            -185.46123,
            781.2492,
            -90.47206,
            88.31948,
            86.73897
        ],
        [
            -274.3475,
            -185.46072,
            781.2482,
            -90.47666,
            88.31947,
            86.73427
        ],
        [
            -274.34677,
            -185.46121,
            781.2486,
            -90.47516,
            88.31947,
            86.73588
        ],
        [
            -274.34644,
            -185.46118,
            781.2488,
            -90.4717,
            88.31943,
            86.73932
        ],
        [
            -274.34644,
            -185.46115,
            781.24835,
