{
    "CMD": 91,
    "motion_trajectory": [
        [
            -275.2078,
            -182.74579,
            667.8632,
            -73.66739,
            87.57485,
            103.87871
        ],
        [
            -275.20795,
            -182.74557,
            667.8632,
            -73.66702,
            87.574905,
            103.87902
        ],
        [
            -275.20795,
            -182.74556,
            667.8631,
            -73.66832,
            87.57475,
            103.87773
        ],
        [
            -275.20807,
            -182.74577,
            667.8628,
            -73.66878,
            87.574814,
            103.87732
        ],
        [
            -275.20776,
            -182.74579,
            667.86304,
            -73.667755,
            87.5748,
            103.87835
        ],
        [
            -275.20746,
            -182.7458,
            667.8628,
            -73.66934,
            87.57476,
            103.876755
        ],
        [
            -275.20804,
            -182.74577,
            667.86237,
            -73.6714,
            87.57479,
            103.874695
        ],
        [
            -275.20786,
            -182.74557,
            667.86237,
            -73.67038,
            87.574776,
            103.87568
        ],
        [
            -275.20807,
            -182.74577,
            667.8628,
            -73.66842,
            87.57487,
            103.87768
        ],
        [
            -275.20822,
            -182.74556,
            667.86273,
            -73.67001,
            87.57483,
            103.87604
        ],
        [
            -275.20776,
            -182.74579,
            667.86273,
            -73.66965,
            87.57488,
            103.87645
        ],
        [
            -275.20758,
            -182.74559,
            667.86285,
            -73.66739,
            87.57485,
            103.87866
        ],
        [
            -275.2078,
            -182.74579,
            667.8631,
            -73.66862,
            87.57487,
            103.87747
        ],
        [
            -275.2075,
            -182.74579,
            667.86304,
            -73.66919,
            87.574814,
            103.87691
        ],
        [
            -275.20758,
            -182.74557,
            667.8625,
            -73.67022,
            87.57483,
            103.87583
        ],
        [
            -275.20804,
            -182.7462,
            667.8621,
            -73.672066,
            87.57485,
            103.87412
        ],
        [
            -275.20126,
            -182.7558,
            667.86115,
            -73.67477,
            87.57466,
            103.87344
        ],
        [
            -275.19855,
            -182.75952,
            667.8615,
            -73.674095,
            87.57459,
            103.87488
        ],
        [
            -275.19916,
            -182.75949,
            667.86163,
            -73.67446,
            87.57455,
            103.87452
        ],
        [
            -275.1991,
            -182.75906,
            667.86084,
            -73.677086,
            87.57452,
            103.8718
        ],
        [
            -275.1997,
            -182.75862,
            667.8611,
            -73.67585,
            87.5745,
            103.87295
        ],
        [
            -275.1997,
            -182.75862,
            667.86115,
            -73.67708,
            87.57452,
            103.87171
        ],
        [
            -275.20004,
            -182.75818,
            667.8615,
            -73.67605,
            87.57451,
            103.87265
        ],
        [
            -275.2004,
            -182.75784,
            667.8586,
            -73.69607,
            87.574814,
            103.852615
        ],
        [
            -275.20038,
            -182.75806,
            667.8597,
            -73.69263,
            87.57483,
            103.8561
        ],
        [
            -275.2004,
            -182.75804,
            667.8601,
            -73.69217,
            87.57476,
            103.85656
        ],
        [
            -275.20032,
            -182.75827,
            667.86053,
            -73.689545,
            87.57479,
            103.85923
        ],
        [
            -275.20032,
            -182.75827,
            667.86096,
            -73.68744,
            87.57471,
            103.861336
        ],
        [
            -275.20044,
            -182.75804,
            667.86053,
            -73.69027,
            87.574684,
            103.85846
        ],
        [
            -275.20062,
            -182.75827,
            667.8607,
            -73.687744,
            87.57482,
            103.86103
        ],
        [
            -275.20004,
            -182.75829,
            667.8613,
            -73.685745,
            87.57463,
            103.86303
        ],
        [
            -275.20068,
            -182.75826,
            667.86127,
            -73.688156,
            87.57483,
            103.86062
        ],
        [
            -275.20053,
            -182.75804,
            667.86127,
            -73.68785,
            87.57471,
            103.86088
        ],
        [
            -275.2005,
            -182.75806,
            667.8613,
            -73.68641,
            87.57469,
            103.86232
        ],
        [
            -275.20035,
            -182.75827,
            667.8613,
            -73.68677,
            87.57464,
            103.862
        ],
        [
            -275.20044,
            -182.75806,
            667.8608,
            -73.68708,
            87.57476,
            103.86165
        ],
        [
            -275.2005,
            -182.75806,
            667.8613,
            -73.68641,
            87.57469,
            103.86232
        ],
        [
            -275.20035,
            -182.75827,
            667.8613,
            -73.68519,
            87.57468,
            103.863594
        ],
        [
            -275.20035,
            -182.75829,
            667.8612,
            -73.68555,
            87.57462,
            103.863235
        ],
        [
            -275.2004,
            -182.75829,
            667.86194,
            -73.68385,
            87.57455,
            103.86493
        ],
        [
            -275.20035,
            -182.7583,
            667.8617,
            -73.68149,
            87.57463,
            103.867294
        ],
        [
            -275.2002,
            -182.75809,
            667.86163,
            -73.68242,
            87.57453,
            103.866325
        ],
        [
            -275.20035,
            -182.75829,
            667.8613,
            -73.68533,
            87.57462,
            103.86344
        ],
        [
            -275.20053,
            -182.75807,
            667.86194,
            -73.68205,
            87.57458,
            103.866684
        ],
        [
            -275.19977,
            -182.75832,
            667.86194,
            -73.68225,
            87.574585,
            103.86652
        ],
        [
            -275.20053,
            -182.75807,
            667.8622,
            -73.6824,
            87.57453,
            103.866325
        ],
        [
            -275.20038,
            -182.7583,
            667.86206,
            -73.681175,
            87.57452,
            103.8676
        ],
        [
            -275.20032,
            -182.7583,
            667.86127,
            -73.684105,
            87.57461,
            103.86468
        ],
        [
            -275.20016,
            -182.7581,
            667.8616,
            -73.68256,
            87.57447,
            103.866165
        ],
        [
            -275.20026,
            -182.75809,
            667.86237,
            -73.68066,
            87.57462,
            103.86807
        ],
        [
            -275.2005,
