{
    "CMD": 91,
    "motion_trajectory": [
        [
            385.43768,
            248.34062,
            567.09174,
            89.83029,
            -178.81998,
            90.0
        ],
        [
            385.43768,
            248.34044,
            567.0922,
            89.83033,
            -178.81996,
            90.00001
        ],
        [
            385.4378,
            248.34033,
            567.09235,
            89.83032,
            -178.82005,
            89.99997
        ],
        [
            385.43814,
            248.3403,
            567.092,
            89.830215,
            -178.82002,
            89.99995
        ],
        [
            385.43808,
            248.34015,
            567.092,
            89.830345,
            -178.81995,
            89.99995
        ],
        [
            385.43735,
            248.34071,
            567.09186,
            89.83029,
            -178.81995,
            90.00005
        ],
        [
            385.43762,
            248.3404,
            567.09296,
            89.830475,
            -178.81998,
            89.999985
        ],
        [
            385.43814,
            248.34027,
            567.0921,
            89.83027,
            -178.82008,
            89.99993
        ],
        [
            385.43774,
            248.34007,
            567.092,
            89.830345,
            -178.82,
            89.99995
        ],
        [
            385.43787,
            248.34013,
            567.0922,
            89.83033,
            -178.82,
            89.99996
        ],
        [
            385.43832,
            248.33992,
            567.0923,
            89.830376,
            -178.82011,
            89.99997
        ],
        [
            385.4382,
            248.34007,
            567.092,
            89.83028,
            -178.8201,
            89.99992
        ],
        [
            385.43826,
            248.33974,
            567.0917,
            89.83024,
            -178.81998,
            89.99988
        ],
        [
            385.43835,
            248.3401,
            567.0923,
            89.83032,
            -178.81999,
            89.99992
        ],
        [
            385.43903,
            248.33977,
            567.0924,
            89.830315,
            -178.81999,
            89.99984
        ],
        [
            385.4382,
            248.34012,
            567.0918,
            89.83018,
            -178.81999,
            89.999954
        ],
        [
            385.4384,
            248.33965,
            567.0918,
            89.83023,
            -178.82002,
            89.99985
        ],
        [
            385.4382,
            248.33995,
            567.0918,
            89.83023,
            -178.82002,
            89.99989
        ],
        [
            385.43875,
            248.33984,
            567.092,
            89.83028,
            -178.82004,
            89.99988
        ],
        [
            385.43835,
            248.33986,
            567.092,
            89.83057,
            -178.8199,
            89.99987
        ],
        [
            385.43887,
            248.33945,
            567.0926,
            89.83059,
            -178.82011,
            89.99971
        ],
        [
            385.43954,
            248.33925,
            567.0929,
            89.830635,
            -178.82013,
            89.999664
        ],
        [
            385.4387,
            248.33966,
            567.0933,
            89.83074,
            -178.82007,
            89.99978
        ],
        [
            385.44122,
            248.33775,
            567.09814,
            89.83197,
            -178.82008,
            89.998924
        ],
        [
            385.4452,
            248.33449,
            567.1067,
            89.83391,
            -178.81978,
            89.99738
        ],
        [
            385.44974,
            248.33037,
            567.112,
            89.834236,
            -178.82059,
            89.99586
        ],
        [
            385.45184,
            248.32889,
            567.11365,
            89.834175,
            -178.82114,
            89.9953
        ],
        [
            385.4519,
            248.3288,
            567.1143,
            89.8342,
            -178.82114,
            89.99528
        ],
        [
            385.45184,
            248.32915,
            567.1129,
            89.83397,
            -178.82126,
            89.99534
        ],
        [
            385.45178,
            248.32916,
            567.11346,
            89.83401,
            -178.82117,
            89.995346
        ],
        [
            385.45145,
            248.32921,
            567.1137,
            89.83406,
            -178.8212,
            89.995384
        ],
        [
            385.45178,
            248.32956,
            567.1129,
            89.833855,
            -178.82127,
            89.99542
        ],
        [
            385.4514,
            248.32954,
            567.11273,
            89.83382,
            -178.82117,
            89.99551
        ],
        [
            385.45175,
            248.32942,
            567.11316,
            89.83386,
            -178.8212,
            89.995514
        ],
        [
            385.45117,
            248.32933,
            567.11176,
            89.83363,
            -178.82121,
            89.99553
        ],
        [
            385.45142,
            248.3297,
            567.1115,
            89.833534,
            -178.82114,
            89.995636
        ],
        [
            385.45126,
            248.32991,
            567.1122,
            89.833565,
            -178.8212,
            89.99566
        ],
        [
            385.45117,
            248.33012,
            567.1111,
            89.83339,
            -178.82114,
            89.9958
        ],
        [
            385.45105,
            248.33018,
            567.1111,
            89.83345,
            -178.82109,
            89.99582
        ],
        [
            385.45044,
            248.33063,
            567.1099,
            89.83316,
            -178.82109,
            89.99596
        ],
        [
            385.4505,
            248.33014,
            567.1098,
            89.83305,
            -178.82117,
            89.99594
        ],
        [
            385.4502,
            248.3307,
            567.1098,
            89.83306,
            -178.82115,
            89.99607
        ],
        [
            385.45016,
            248.3306,
            567.1095,
            89.83296,
            -178.82118,
            89.99605
        ],
        [
            385.44934,
            248.33153,
            567.10913,
            89.83305,
            -178.82101,
            89.99631
        ],
        [
            385.44955,
            248.33168,
            567.1083,
            89.83275,
            -178.821,
            89.996376
        ],
        [
            385.44962,
            248.33159,
            567.10895,
            89.83277,
            -178.82117,
            89.99635
        ],
        [
            385.44925,
            248.33171,
            567.1073,
            89.832565,
            -178.82098,
            89.996475
        ],
        [
            385.44858,
            248.33191,
            567.10736,
            89.83246,
            -178.82108,
            89.996605
        ],
        [
            385.44876,
            248.33199,
            567.10693,
            89.83237,
            -178.82112,
            89.99661
        ],
        [
            385.4484,
            248.33243,
            567.1066,
            89.83239,
            -178.82103,
            89.99677
        ],
        [
            385.44788,
            248.33276,
            567.10565,
            89.832214,
            -178.82095,
            89.99692
        ],
