{
    "CMD": 91,
    "motion_trajectory": [
        [
            -275.20758,
            -182.746,
            667.86237,
            -73.67067,
            87.57489,
            103.875465
        ],
        [
            -275.20804,
            -182.74577,
            667.86255,
            -73.67067,
            87.57489,
            103.87542
        ],
        [
            -275.2077,
            -182.74579,
            667.86194,
            -73.672935,
            87.57492,
            103.87316
        ],
        [
            -275.2077,
            -182.74579,
            667.862,
            -73.67134,
            87.57496,
            103.874756
        ],
        [
            -275.20773,
            -182.74579,
            667.86255,
            -73.6703,
            87.57494,
            103.875786
        ],
        [
            -275.20767,
            -182.74579,
            667.86176,
            -73.672935,
            87.57492,
            103.87316
        ],
        [
            -275.20782,
            -182.74557,
            667.8618,
            -73.67171,
            87.574905,
            103.87435
        ],
        [
            -275.20782,
            -182.74557,
            667.862,
            -73.6717,
            87.574905,
            103.87435
        ],
        [
            -275.20798,
            -182.74579,
            667.86176,
            -73.672935,
            87.57492,
            103.87316
        ],
        [
            -275.2077,
            -182.74579,
            667.8623,
            -73.66981,
            87.57482,
            103.87629
        ],
        [
            -275.20804,
            -182.74577,
            667.86237,
            -73.67104,
            87.57484,
            103.87506
        ],
        [
            -275.20786,
            -182.74599,
            667.862,
            -73.67171,
            87.574905,
            103.874435
        ],
        [
            -275.20798,
            -182.74577,
            667.8618,
            -73.67237,
            87.57497,
            103.873726
        ],
        [
            -275.20767,
            -182.74579,
            667.86176,
            -73.672935,
            87.57492,
            103.87316
        ],
        [
            -275.208,
            -182.74577,
            667.86224,
            -73.67047,
            87.57489,
            103.875626
        ],
        [
            -275.2082,
            -182.74556,
            667.86255,
            -73.67067,
            87.57489,
            103.875374
        ],
        [
            -275.20782,
            -182.74557,
            667.8618,
            -73.67243,
            87.5748,
            103.87363
        ],
        [
            -275.20435,
            -182.75165,
            667.8612,
            -73.67455,
            87.57466,
            103.87279
        ],
        [
            -275.2012,
            -182.75623,
            667.86,
            -73.67894,
            87.57455,
            103.86937
        ],
        [
            -275.19843,
            -182.75954,
            667.86053,
            -73.67601,
            87.57445,
            103.87298
        ],
        [
            -275.1986,
            -182.75972,
            667.8603,
            -73.6795,
            87.57449,
            103.86953
        ],
        [
            -275.19885,
            -182.75972,
            667.85986,
            -73.679596,
            87.57461,
            103.86943
        ],
        [
            -275.19897,
            -182.75908,
            667.86,
            -73.67807,
            87.57448,
            103.870834
        ],
        [
            -275.19934,
            -182.75906,
            667.86017,
            -73.67893,
            87.57455,
            103.86996
        ],
        [
            -275.1996,
            -182.75862,
            667.85974,
            -73.68089,
            87.574455,
            103.86791
        ],
        [
            -275.19995,
            -182.7583,
            667.8572,
            -73.695564,
            87.57492,
            103.85353
        ],
        [
            -275.20035,
            -182.75829,
            667.858,
            -73.694016,
            87.57501,
            103.85477
        ],
        [
            -275.20035,
            -182.75829,
            667.8579,
            -73.69336,
            87.57495,
            103.85544
        ],
        [
            -275.19992,
            -182.75851,
            667.85834,
            -73.691605,
            87.57504,
            103.85723
        ],
        [
            -275.1999,
            -182.75851,
            667.85767,
            -73.694595,
            87.57497,
            103.85425
        ],
        [
            -275.20023,
            -182.7585,
            667.8582,
            -73.693565,
            87.57495,
            103.85527
        ],
        [
            -275.1999,
            -182.75851,
            667.85767,
            -73.69387,
            87.57507,
            103.854965
        ],
        [
            -275.19992,
            -182.75851,
            667.85834,
            -73.69233,
            87.574936,
            103.85651
        ],
        [
            -275.20023,
            -182.7585,
            667.8582,
            -73.693565,
            87.57495,
            103.85527
        ],
        [
            -275.19995,
            -182.75851,
            667.8588,
            -73.689705,
            87.57496,
            103.85913
        ],
        [
            -275.2001,
            -182.75873,
            667.8587,
            -73.68951,
            87.57496,
            103.85938
        ],
        [
            -275.19934,
            -182.75854,
            667.8586,
            -73.69028,
            87.57491,
            103.85856
        ],
        [
            -275.20044,
            -182.7583,
            667.85913,
            -73.68761,
            87.574875,
            103.86119
        ],
        [
            -275.2,
            -182.75851,
            667.85944,
            -73.68751,
            87.57476,
            103.861336
        ],
        [
            -275.20013,
            -182.75873,
            667.8589,
            -73.68914,
            87.57501,
            103.85974
        ],
        [
            -275.2003,
            -182.7585,
            667.85876,
            -73.69109,
            87.57492,
            103.85774
        ],
        [
            -275.20026,
            -182.7585,
            667.8586,
            -73.69146,
            87.57487,
            103.85738
        ],
        [
            -275.19983,
            -182.75874,
            667.8589,
            -73.688835,
            87.57489,
            103.86005
        ],
        [
            -275.2005,
            -182.75874,
            667.85846,
            -73.69109,
            87.57492,
            103.85779
        ],
        [
            -275.2002,
            -182.75851,
            667.85815,
            -73.69126,
            87.57487,
            103.85759
        ],
        [
            -275.19955,
            -182.75833,
            667.8595,
            -73.686775,
            87.57487,
            103.86201
        ],
        [
            -275.20023,
            -182.75851,
            667.85864,
            -73.69002,
            87.57485,
            103.85882
        ],
        [
            -275.19992,
            -182.75853,
            667.8585,
            -73.69058,
            87.57481,
            103.85825
        ],
        [
            -275.2,
            -182.75853,
            667.85956,
            -73.68657,
            87.57487,
            103.85882
        ],
        [
            -275.19995,
            -182.75853,
            667.8589,
            -73.68992,
            87.57474,
            103.85892
        ],
        [
            -275.2003,
