{
    "CMD": 91,
    "motion_trajectory": [
        [
            505.00113,
            247.78033,
            266.54,
            89.7303,
            -178.71028,
            90.019684
        ],
        [
            505.00055,
            247.78056,
            266.5393,
            89.73016,
            -178.71027,
            90.019684
        ],
        [
            505.00064,
            247.78099,
            266.5399,
            89.730255,
            -178.71028,
            90.01972
        ],
        [
            505.0006,
            247.78056,
            266.53995,
            89.73015,
            -178.71028,
            90.019684
        ],
        [
            505.00082,
            247.7806,
            266.53937,
            89.730156,
            -178.71028,
            90.019684
        ],
        [
            505.0003,
            247.78053,
            266.53958,
            89.73016,
            -178.71022,
            90.019684
        ],
        [
            505.00076,
            247.78017,
            266.53973,
            89.73021,
            -178.71022,
            90.01964
        ],
        [
            505.00043,
            247.78067,
            266.54013,
            89.730255,
            -178.71022,
            90.01973
        ],
        [
            505.00085,
            247.7806,
            266.5398,
            89.7302,
            -178.71024,
            90.019684
        ],
        [
            505.00064,
            247.7807,
            266.53934,
            89.730156,
            -178.71027,
            90.01974
        ],
        [
            505.00107,
            247.7802,
            266.5403,
            89.7303,
            -178.71024,
            90.01963
        ],
        [
            505.00046,
            247.78079,
            266.53973,
            89.7302,
            -178.7102,
            90.01979
        ],
        [
            505.00076,
            247.78017,
            266.53973,
            89.73021,
            -178.71022,
            90.01964
        ],
        [
            505.00034,
            247.78023,
            266.53986,
            89.730156,
            -178.71022,
            90.01969
        ],
        [
            505.00006,
            247.78049,
            266.53995,
            89.730225,
            -178.71033,
            90.01968
        ],
        [
            505.00015,
            247.78033,
            266.53992,
            89.73022,
            -178.71014,
            90.019745
        ],
        [
            504.9995,
            247.78079,
            266.53964,
            89.73012,
            -178.71024,
            90.019844
        ],
        [
            504.9999,
            247.7803,
            266.5402,
            89.73022,
            -178.71031,
            90.01974
        ],
        [
            505.00015,
            247.7799,
            266.54062,
            89.73026,
            -178.7102,
            90.01969
        ],
        [
            505.00012,
            247.7802,
            266.54013,
            89.730156,
            -178.71027,
            90.01969
        ],
        [
            504.99994,
            247.78,
            266.54007,
            89.73016,
            -178.71025,
            90.01975
        ],
        [
            504.99976,
            247.7807,
            266.5405,
            89.7302,
            -178.7102,
            90.01979
        ],
        [
            505.00012,
            247.77989,
            266.5402,
            89.73022,
            -178.7102,
            90.0197
        ],
        [
            505.00006,
            247.77989,
            266.53915,
            89.73002,
            -178.71019,
            90.01971
        ],
        [
            504.9998,
            247.78041,
            266.5409,
            89.730255,
            -178.71014,
            90.0198
        ],
        [
            504.9978,
            247.77895,
            266.54053,
            89.73079,
            -178.71228,
            90.018974
        ],
        [
            504.9961,
            247.7764,
            266.54105,
            89.73148,
            -178.71545,
            90.017944
        ],
        [
            504.99655,
            247.77634,
            266.54123,
            89.73153,
            -178.71553,
            90.01789
        ],
        [
            504.99692,
            247.77643,
            266.54144,
            89.731575,
            -178.71556,
            90.01777
        ],
        [
            504.99707,
            247.77603,
            266.54102,
            89.73153,
            -178.7155,
            90.01773
        ],
        [
            504.9972,
            247.7755,
            266.54102,
            89.73154,
            -178.71545,
            90.017624
        ],
        [
            504.9974,
            247.7757,
            266.5415,
            89.73158,
            -178.71553,
            90.01756
        ],
        [
            504.99802,
            247.7762,
            266.54196,
            89.73172,
            -178.71544,
            90.01761
        ],
        [
            504.9977,
            247.77586,
            266.54135,
            89.73163,
            -178.71536,
            90.01762
        ],
        [
            504.99792,
            247.77577,
            266.5415,
            89.73151,
            -178.71533,
            90.01757
        ],
        [
            504.99783,
            247.776,
            266.5418,
            89.73167,
            -178.71526,
            90.01767
        ],
        [
            504.998,
            247.7756,
            266.54138,
            89.73162,
            -178.71526,
            90.01763
        ],
        [
            504.99808,
            247.77634,
            266.542,
            89.73171,
            -178.71516,
            90.01766
        ],
        [
            504.99792,
            247.77614,
            266.54214,
            89.73165,
            -178.7151,
            90.01773
        ],
        [
            504.9978,
            247.776,
            266.5413,
            89.73157,
            -178.71504,
            90.01768
        ],
        [
            504.99786,
            247.77644,
            266.54123,
            89.73151,
            -178.71498,
            90.01773
        ],
        [
            504.99768,
            247.77611,
            266.54218,
            89.73171,
            -178.71494,
            90.01772
        ],
        [
            504.998,
            247.77658,
            266.54187,
            89.73165,
            -178.71483,
            90.01778
        ],
        [
            504.9979,
            247.77614,
            266.5413,
            89.73156,
            -178.71475,
            90.01773
        ],
        [
            504.9981,
            247.77617,
            266.54105,
            89.73156,
            -178.71475,
            90.01773
        ],
        [
            504.99835,
            247.77608,
            266.54193,
            89.73164,
            -178.71472,
            90.01768
        ],
        [
            504.99777,
            247.77638,
            266.5412,
            89.7315,
            -178.71452,
            90.017845
        ],
        [
            504.99805,
            247.77672,
            266.54172,
            89.73153,
            -178.71439,
            90.01784
        ],
        [
            504.99783,
            247.77681,
            266.54126,
            89.73149,
            -178.71442,
            90.01789
        ],
        [
            504.99796,
            247.77696,
            266.5415,
            89.731415,
            -178.71416,
            90.01795
        ],
        [
            504.9975,
            247.77702,
            266.5414,
            89.73143,
            -178.71408,
            90.018005
