{
    "CMD": 90,
    "motion_trajectory": [
        [
            447.97766,
            -656.3726,
            267.93152,
            89.97978,
            -178.50964,
            90.00028
        ],
        [
            447.978,
            -656.3724,
            267.93173,
            89.97988,
            -178.50969,
            90.00033
        ],
        [
            447.97733,
            -656.3731,
            267.93283,
            89.97986,
            -178.50958,
            90.00012
        ],
        [
            447.9781,
            -656.37244,
            267.9315,
            89.9799,
            -178.5097,
            90.00016
        ],
        [
            447.97766,
            -656.37244,
            267.9316,
            89.9798,
            -178.5097,
            90.00017
        ],
        [
            447.97867,
            -656.37213,
            267.9318,
            89.97992,
            -178.50977,
            90.00026
        ],
        [
            447.9779,
            -656.37244,
            267.932,
            89.97987,
            -178.50969,
            90.00022
        ],
        [
            447.97778,
            -656.37213,
            267.93268,
            89.97987,
            -178.50969,
            90.00022
        ],
        [
            447.97778,
            -656.37213,
            267.93268,
            89.97987,
            -178.50969,
            90.00022
        ],
        [
            447.97723,
            -656.37256,
            267.93204,
            89.97984,
            -178.50972,
            90.00012
        ],
        [
            447.97784,
            -656.37195,
            267.9312,
            89.97985,
            -178.50978,
            90.00016
        ],
        [
            447.9775,
            -656.372,
            267.93164,
            89.97978,
            -178.5098,
            90.00023
        ],
        [
            447.9776,
            -656.3723,
            267.93195,
            89.9798,
            -178.5097,
            90.00017
        ],
        [
            447.9777,
            -656.3721,
            267.93173,
            89.97982,
            -178.50977,
            90.00017
        ],
        [
            447.97787,
            -656.37146,
            267.93164,
            89.97975,
            -178.50984,
            90.00021
        ],
        [
            447.9782,
            -656.37195,
            267.93234,
            89.979836,
            -178.50967,
            90.0001
        ],
        [
            447.9779,
            -656.3717,
            267.93225,
            89.97977,
            -178.50969,
            90.00011
        ],
        [
            447.9779,
            -656.37164,
            267.93228,
            89.979774,
            -178.50969,
            90.00016
        ],
        [
            447.97806,
            -656.3714,
            267.93176,
            89.979805,
            -178.50975,
            90.00021
        ],
        [
            447.9779,
            -656.3715,
            267.93228,
            89.979774,
            -178.50969,
            90.00021
        ],
        [
            447.97757,
            -656.3713,
            267.93158,
            89.97968,
            -178.50975,
            90.00022
        ],
        [
            447.97873,
            -656.37115,
            267.93182,
            89.97978,
            -178.50975,
            89.99999
        ],
        [
            447.97833,
            -656.3717,
            267.93246,
            89.97974,
            -178.50957,
            90.00011
        ],
        [
            447.97827,
            -656.3711,
            267.93228,
            89.979744,
            -178.50974,
            90.00015
        ],
        [
            447.97137,
            -656.3733,
            267.92944,
            89.97827,
            -178.51138,
            90.00139
        ],
        [
            447.96332,
            -656.3764,
            267.9261,
            89.97603,
            -178.51103,
            90.00203
        ],
        [
            447.96213,
            -656.3766,
            267.9248,
            89.975685,
            -178.51096,
            90.00223
        ],
        [
            447.9618,
            -656.3765,
            267.924,
            89.97559,
            -178.51102,
            90.002235
        ],
        [
            447.9618,
            -656.37665,
            267.924,
            89.97557,
            -178.511,
            90.0023
        ],
        [
            447.96204,
            -656.37634,
            267.9245,
            89.97567,
            -178.51094,
            90.00229
        ],
        [
            447.96194,
            -656.3766,
            267.9247,
            89.97564,
            -178.51082,
            90.00229
        ],
        [
            447.9622,
            -656.37683,
            267.92447,
            89.97568,
            -178.5109,
            90.002174
        ],
        [
            447.96262,
            -656.3761,
            267.92355,
            89.97565,
            -178.51088,
            90.002335
        ],
        [
            447.96265,
            -656.3762,
            267.9242,
            89.97566,
            -178.51077,
            90.00228
        ],
        [
            447.96243,
            -656.3763,
            267.92377,
            89.975746,
            -178.51086,
            90.00227
        ],
        [
            447.96237,
            -656.3763,
            267.9247,
            89.97576,
            -178.51077,
            90.00222
        ],
        [
            447.96262,
            -656.37634,
            267.92447,
            89.97581,
            -178.51074,
            90.00221
        ],
        [
            447.96255,
            -656.3762,
            267.9248,
            89.97581,
            -178.51064,
            90.00221
        ],
        [
            447.96243,
            -656.37726,
            267.92514,
            89.97588,
            -178.51053,
            90.002
        ],
        [
            447.96313,
            -656.37634,
            267.92474,
            89.975945,
            -178.5106,
            90.00209
        ],
        [
            447.9633,
            -656.3762,
            267.92484,
            89.97599,
            -178.51051,
            90.00208
        ],
        [
            447.96304,
            -656.37616,
            267.92474,
            89.976074,
            -178.51054,
            90.00208
        ],
        [
            447.96426,
            -656.37555,
            267.9261,
            89.97616,
            -178.51039,
            90.00211
        ],
        [
            447.96396,
            -656.37604,
            267.92523,
            89.97618,
            -178.51035,
            90.00201
        ],
        [
            447.96432,
            -656.376,
            267.92603,
            89.976295,
            -178.51035,
            90.001945
        ],
        [
            447.96432,
            -656.3758,
            267.9251,
            89.97625,
            -178.51044,
            90.001945
        ],
        [
            447.96442,
            -656.3757,
            267.92584,
            89.976326,
            -178.51036,
            90.00199
        ],
        [
            447.96472,
            -656.3755,
            267.9254,
            89.9764,
            -178.51035,
            90.00198
        ],
        [
            447.96558,
            -656.3752,
            267.9256,
            89.97649,
            -178.51039,
            90.00191
        ],
        [
            447.96524,
            -656.37537,
            267.9257,
            89.97654,
            -178.51031,
            90.001915
        ],
        [
            447.966,
            -656.375,
            267.92557,
            89.9766,
            -178.51028,
