{
    "CMD": 1000,
    "motion_trajectory": [
        [
            246.0494,
            10.835191,
            465.197,
            90.08209,
            179.96849,
            39.973053
        ],
        [
            246.0492,
            10.835427,
            465.1968,
            90.08209,
            179.96855,
            39.973053
        ],
        [
            246.04889,
            10.83515,
            465.19525,
            90.08105,
            179.96725,
            39.972797
        ],
        [
            246.04945,
            10.835824,
            465.19586,
            90.0811,
            179.967,
            39.973076
        ],
        [
            246.0566,
            10.840132,
            465.19293,
            90.07995,
            179.96645,
            39.976105
        ],
        [
            246.13564,
            10.940206,
            465.1805,
            90.07856,
            179.95938,
            40.022114
        ],
        [
            246.26558,
            11.18112,
            465.19034,
            90.08071,
            179.941,
            40.11483
        ],
        [
            246.3613,
            11.342957,
            465.20572,
            90.0809,
            179.9248,
            40.178543
        ],
        [
            246.43703,
            11.473215,
            465.2198,
            90.08161,
            179.91153,
            40.229343
        ],
        [
            246.53996,
            11.636341,
            465.2403,
            90.08177,
            179.89305,
            40.294735
        ],
        [
            246.66,
            11.821766,
            465.26797,
            90.08363,
            179.87112,
            40.369675
        ],
        [
            246.93547,
            12.249759,
            465.3164,
            90.08464,
            179.82295,
            40.542255
        ],
        [
            247.17014,
            12.602216,
            465.3604,
            90.08394,
            179.78033,
            40.685345
        ],
        [
            247.51257,
            13.139703,
            465.43158,
            90.087135,
            179.71768,
            40.89892
        ],
        [
            247.9369,
            13.807663,
            465.5094,
            90.09341,
            179.64256,
            41.163425
        ],
        [
            248.24706,
            14.2872305,
            465.55402,
            90.094185,
            179.58803,
            41.353874
        ],
        [
            248.76936,
            15.142166,
            465.61835,
            90.09516,
            179.49696,
            41.684574
        ],
        [
            249.33253,
            16.066736,
            465.6683,
            90.09044,
            179.39964,
            42.0392
        ],
        [
            249.95992,
            17.072886,
            465.70197,
            90.08144,
            179.2926,
            42.425396
        ],
        [
            250.55316,
            18.036005,
            465.72263,
            90.07347,
            179.18983,
            42.79001
        ],
        [
            251.25919,
            19.259527,
            465.75992,
            90.07578,
            179.06697,
            43.238995
        ],
        [
            251.89761,
            20.386202,
            465.76514,
            90.0755,
            178.96014,
            43.647217
        ],
        [
            252.33961,
            21.165157,
            465.74817,
            90.07071,
            178.88678,
            43.92899
        ],
        [
            252.75311,
            21.865206,
            465.7308,
            90.06465,
            178.82013,
            44.181694
        ],
        [
            253.18994,
            22.624338,
            465.71573,
            90.057785,
            178.7463,
            44.452152
        ],
        [
            254.0793,
            24.174511,
            465.68298,
            90.05189,
            178.60043,
            45.0001
        ],
        [
            254.8081,
            25.486742,
            465.62378,
            90.04859,
            178.48666,
            45.455856
        ],
        [
            255.46112,
            26.672976,
            465.54782,
            90.04034,
            178.38667,
            45.862972
        ],
        [
            256.4417,
            28.485985,
            465.4177,
            90.028786,
            178.23888,
            46.47558
        ],
        [
            257.0361,
            29.611853,
            465.34305,
            90.026566,
            178.14859,
            46.849033
        ],
        [
            258.0207,
            31.48166,
            465.18814,
            90.0231,
            178.00183,
            47.46225
        ],
        [
            259.22543,
            33.78758,
            464.94812,
            90.00768,
            177.82607,
            48.20514
        ],
        [
            260.5241,
            36.33751,
            464.62506,
            89.98954,
            177.6449,
            49.00851
        ],
        [
            261.60852,
            38.51534,
            464.3414,
            89.98022,
            177.49153,
            49.67784
        ],
        [
            262.82913,
            41.08145,
            463.96738,
            89.966515,
            177.3268,
            50.44754
        ],
        [
            264.05923,
            43.798126,
            463.51266,
            89.9565,
            177.16785,
            51.241745
        ],
        [
            265.46347,
            46.83731,
            462.93958,
            89.93486,
            176.99176,
            52.115276
        ],
        [
            266.68997,
            49.71009,
            462.37186,
            89.919685,
            176.84023,
            52.913723
        ],
        [
            268.04596,
            52.998077,
            461.68692,
            89.90667,
            176.67699,
            53.80453
        ],
        [
            269.34012,
            56.220783,
            460.9391,
            89.884544,
            176.52751,
            54.65605
        ],
        [
            270.6983,
            59.79513,
            460.02783,
            89.85761,
            176.38284,
            55.577206
        ],
        [
            271.97842,
            63.36716,
            459.09988,
            89.83888,
            176.24559,
            56.470043
        ],
        [
            272.9025,
            66.152115,
            458.3628,
            89.82801,
            176.14963,
            57.148613
        ],
        [
            273.87427,
            69.105385,
            457.48392,
            89.79912,
            176.05597,
            57.856297
        ],
        [
            274.92218,
            72.38219,
            456.50146,
            89.78085,
            175.95787,
            58.624428
        ],
        [
            275.89072,
            75.84238,
            455.47476,
            89.766754,
            175.86916,
            59.415886
        ],
        [
            276.57953,
            78.36609,
            454.6644,
            89.75258,
            175.81087,
            59.989323
        ],
        [
            277.60837,
            82.2354,
            453.36148,
            89.72391,
            175.73088,
            60.836308
        ],
        [
            278.06168,
            84.075485,
            452.74472,
            89.71113,
            175.69682,
            61.235138
        ],
        [
            278.60666,
            86.52511,
            451.91257,
            89.69791,
            175.65755,
            61.759045
        ],
        [
            279.5415,
            90.82774,
            450.42313,
            89.68368,
            175.59377,
            62.662296
        ],
        [
