{
    "CMD": 1000,
    "motion_trajectory": [
        [
            246.0493,
            10.834937,
            465.19678,
            90.0821,
            179.96843,
            39.97296
        ],
        [
            246.04929,
            10.835133,
            465.1969,
            90.08215,
            179.96849,
            39.973007
        ],
        [
            246.04926,
            10.835267,
            465.19666,
            90.0821,
            179.96854,
            39.97304
        ],
        [
            246.04906,
            10.8354,
            465.19565,
            90.08123,
            179.9671,
            39.972897
        ],
        [
            246.05507,
            10.83905,
            465.19287,
            90.08036,
            179.96672,
            39.975475
        ],
        [
            246.07027,
            10.851781,
            465.1877,
            90.079544,
            179.96587,
            39.98283
        ],
        [
            246.09595,
            10.878512,
            465.18192,
            90.07897,
            179.96397,
            39.99648
        ],
        [
            246.1397,
            10.94897,
            465.1828,
            90.080315,
            179.9589,
            40.025375
        ],
        [
            246.2087,
            11.0778675,
            465.1852,
            90.08109,
            179.94983,
            40.075012
        ],
        [
            246.3437,
            11.321459,
            465.2037,
            90.082504,
            179.92828,
            40.169003
        ],
        [
            246.43907,
            11.484335,
            465.22156,
            90.0831,
            179.91106,
            40.233562
        ],
        [
            246.6236,
            11.7683325,
            465.25912,
            90.08378,
            179.87819,
            40.347767
        ],
        [
            246.94737,
            12.266029,
            465.31494,
            90.084145,
            179.82153,
            40.54931
        ],
        [
            247.18942,
            12.625088,
            465.3581,
            90.08253,
            179.77782,
            40.69582
        ],
        [
            247.3698,
            12.91164,
            465.39468,
            90.083855,
            179.74486,
            40.809273
        ],
        [
            247.554,
            13.199356,
            465.4366,
            90.08682,
            179.71068,
            40.923508
        ],
        [
            247.9777,
            13.878189,
            465.51273,
            90.093025,
            179.63536,
            41.19249
        ],
        [
            248.4147,
            14.567028,
            465.58148,
            90.09597,
            179.55759,
            41.461353
        ],
        [
            248.72852,
            15.079912,
            465.6131,
            90.09456,
            179.50317,
            41.659813
        ],
        [
            249.2691,
            15.960364,
            465.66556,
            90.091125,
            179.40816,
            41.998455
        ],
        [
            249.62859,
            16.533276,
            465.688,
            90.08488,
            179.34573,
            42.219173
        ],
        [
            250.20946,
            17.473238,
            465.7082,
            90.07603,
            179.24664,
            42.577515
        ],
        [
            250.6254,
            18.163645,
            465.72302,
            90.0728,
            179.17627,
            42.836815
        ],
        [
            251.08107,
            18.949017,
            465.75262,
            90.075615,
            179.09735,
            43.12573
        ],
        [
            251.60449,
            19.861713,
            465.76746,
            90.07619,
            179.00871,
            43.458385
        ],
        [
            252.02554,
            20.606373,
            465.75748,
            90.073944,
            178.93988,
            43.727577
        ],
        [
            252.44476,
            21.326344,
            465.7433,
            90.07029,
            178.87152,
            43.988773
        ],
        [
            252.96085,
            22.22285,
            465.72342,
            90.06285,
            178.78563,
            44.310085
        ],
        [
            253.3933,
            22.972584,
            465.70874,
            90.055984,
            178.71297,
            44.576733
        ],
        [
            254.30872,
            24.593313,
            465.671,
            90.05264,
            178.56448,
            45.145493
        ],
        [
            255.29416,
            26.35538,
            465.5765,
            90.04348,
            178.4125,
            45.75578
        ],
        [
            255.81433,
            27.305475,
            465.50174,
            90.034904,
            178.3346,
            46.079967
        ],
        [
            256.61496,
            28.804796,
            465.39468,
            90.02652,
            178.21333,
            46.582737
        ],
        [
            257.19043,
            29.893394,
            465.3211,
            90.02429,
            178.12543,
            46.9428
        ],
        [
            257.75842,
            30.967308,
            465.2307,
            90.0221,
            178.04167,
            47.295826
        ],
        [
            258.87097,
            33.081432,
            465.0272,
            90.01213,
            177.87703,
            47.981064
        ],
        [
            259.9545,
            35.232166,
            464.77713,
            89.99782,
            177.72426,
            48.661354
        ],
        [
            260.5044,
            36.309494,
            464.63504,
            89.991585,
            177.64792,
            48.99917
        ],
        [
            261.70035,
            38.70316,
            464.319,
            89.98079,
            177.47963,
            49.735268
        ],
        [
            262.41687,
            40.20285,
            464.11697,
            89.97554,
            177.38109,
            50.185978
        ],
        [
            263.19894,
            41.930176,
            463.829,
            89.96307,
            177.27852,
            50.69682
        ],
        [
            264.11932,
            43.919884,
            463.48212,
            89.95422,
            177.1615,
            51.27761
        ],
        [
            265.43338,
            46.77493,
            462.94943,
            89.93463,
            176.99596,
            52.097225
        ],
        [
            266.0975,
            48.296528,
            462.65387,
            89.9249,
            176.91306,
            52.523453
        ],
        [
            266.73453,
            49.839756,
            462.3511,
            89.9203,
            176.83481,
            52.948315
        ],
        [
            268.0847,
            53.10111,
            461.65628,
            89.904144,
            176.673,
            53.831635
        ],
        [
            268.73947,
            54.72332,
            461.28006,
            89.89124,
            176.59593,
            54.262207
        ],
        [
            269.47998,
            56.589584,
            460.83875,
            89.87926,
            176.5118,
            54.75161
        ],
        [
            270.44464,
            59.147144,
            460.19168,
            89.860535,
            176.4083,
            55.41039
        ],
        [
            271.3724,
            61.690437,
            459.5286,
            89.8439,
            176.30917,
            56.05254
        ],
        [
            272.69388,
            65.505745,
            458.52948,
            89.82973,
            176.1706,
            56.991596
        ],
        [
