{
    "CMD": 1000,
    "motion_trajectory": [
        [
            246.04886,
            10.835579,
            465.1967,
            90.08184,
            179.96794,
            39.97291
        ],
        [
            246.04857,
            10.835916,
            465.19662,
            90.08189,
            179.96794,
            39.97291
        ],
        [
            246.04822,
            10.837227,
            465.19562,
            90.08213,
            179.96866,
            39.973198
        ],
        [
            246.04822,
            10.837857,
            465.19543,
            90.08244,
            179.96912,
            39.973392
        ],
        [
            246.0507,
            10.8428135,
            465.20007,
            90.08507,
            179.96892,
            39.975273
        ],
        [
            246.05765,
            10.861892,
            465.2061,
            90.08952,
            179.96858,
            39.981926
        ],
        [
            246.10281,
            10.934045,
            465.209,
            90.093765,
            179.96442,
            40.011875
        ],
        [
            246.15259,
            11.011646,
            465.211,
            90.09357,
            179.95718,
            40.04376
        ],
        [
            246.29663,
            11.22949,
            465.22305,
            90.08864,
            179.93341,
            40.13356
        ],
        [
            246.45973,
            11.481113,
            465.24588,
            90.08585,
            179.90512,
            40.23591
        ],
        [
            246.68803,
            11.831129,
            465.28305,
            90.08544,
            179.86577,
            40.378345
        ],
        [
            246.97101,
            12.2691965,
            465.33047,
            90.08559,
            179.81656,
            40.55518
        ],
        [
            247.16286,
            12.562097,
            465.36694,
            90.08566,
            179.78174,
            40.673317
        ],
        [
            247.51381,
            13.11919,
            465.44278,
            90.088585,
            179.71642,
            40.89346
        ],
        [
            247.82304,
            13.609322,
            465.4999,
            90.0931,
            179.66188,
            41.08719
        ],
        [
            248.18825,
            14.187141,
            465.5528,
            90.09466,
            179.59767,
            41.31485
        ],
        [
            248.69615,
            15.003569,
            465.61752,
            90.096565,
            179.5081,
            41.63291
        ],
        [
            249.0426,
            15.577937,
            465.6484,
            90.0951,
            179.44809,
            41.85326
        ],
        [
            249.5819,
            16.45553,
            465.68658,
            90.08676,
            179.35175,
            42.189045
        ],
        [
            250.19902,
            17.472517,
            465.70187,
            90.076035,
            179.24599,
            42.574295
        ],
        [
            250.82121,
            18.511402,
            465.7255,
            90.07265,
            179.13968,
            42.962856
        ],
        [
            251.62012,
            19.90746,
            465.756,
            90.07481,
            179.00208,
            43.47187
        ],
        [
            252.38103,
            21.255405,
            465.73557,
            90.07089,
            178.87851,
            43.957775
        ],
        [
            253.18721,
            22.643242,
            465.70914,
            90.05866,
            178.74434,
            44.456028
        ],
        [
            254.00616,
            24.05847,
            465.67035,
            90.050644,
            178.61195,
            44.9584
        ],
        [
            254.65411,
            25.211428,
            465.62445,
            90.0493,
            178.51059,
            45.360813
        ],
        [
            255.5683,
            26.874567,
            465.53268,
            90.040245,
            178.36955,
            45.931496
        ],
        [
            256.57755,
            28.745964,
            465.40182,
            90.02975,
            178.21765,
            46.562214
        ],
        [
            257.62024,
            30.690912,
            465.2574,
            90.02404,
            178.06062,
            47.206604
        ],
        [
            258.71286,
            32.755924,
            465.07144,
            90.017,
            177.89897,
            47.87827
        ],
        [
            259.82544,
            34.94722,
            464.82428,
            90.00193,
            177.7396,
            48.573517
        ],
        [
            260.98245,
            37.210274,
            464.52274,
            89.98729,
            177.57881,
            49.28132
        ],
        [
            261.60065,
            38.45847,
            464.35364,
            89.98134,
            177.49316,
            49.663708
        ],
        [
            262.91113,
            41.266365,
            463.9507,
            89.96952,
            177.31541,
            50.502243
        ],
        [
            264.13208,
            43.962288,
            463.4926,
            89.95878,
            177.1569,
            51.28889
        ],
        [
            265.45026,
            46.81195,
            462.94647,
            89.93643,
            176.99168,
            52.10743
        ],
        [
            266.71936,
            49.779415,
            462.35477,
            89.91904,
            176.8364,
            52.932793
        ],
        [
            268.11206,
            53.172955,
            461.652,
            89.906265,
            176.66747,
            53.850235
        ],
        [
            269.4097,
            56.43283,
            460.87656,
            89.88219,
            176.51826,
            54.709827
        ],
        [
            270.74362,
            59.96981,
            459.96667,
            89.85228,
            176.37555,
            55.619232
        ],
        [
            271.95,
            63.355473,
            459.09985,
            89.8393,
            176.24611,
            56.464573
        ],
        [
            273.21426,
            67.16323,
            458.0641,
            89.81823,
            176.11644,
            57.390198
        ],
        [
            273.96872,
            69.441185,
            457.3871,
            89.79722,
            176.04323,
            57.933327
        ],
        [
            274.95575,
            72.52556,
            456.45703,
            89.780495,
            175.9519,
            58.656094
        ],
        [
            275.53674,
            74.54859,
            455.86108,
            89.772316,
            175.89908,
            59.121258
        ],
        [
            276.17072,
            76.850746,
            455.14722,
            89.758766,
            175.84343,
            59.642857
        ],
        [
            277.11383,
            80.39717,
            453.99475,
            89.74221,
            175.76848,
            60.433815
        ],
        [
            277.5999,
            82.27398,
            453.35492,
            89.724304,
            175.72914,
            60.844154
        ],
        [
            278.63257,
            86.61032,
            451.8699,
            89.6953,
            175.65434,
            61.777134
        ],
        [
            279.4938,
            90.53936,
            450.5092,
            89.68215,
            175.59831,
            62.602535
        ],
        [
            280.32382,
            94.81594,
            448.97113,
            89.65894,
            175.55034,
            63.48219
        ],
        [
