{
    "CMD": 1000,
    "motion_trajectory": [
        [
            246.04953,
            10.83533,
            465.19586,
            90.08192,
            179.96861,
            39.973156
        ],
        [
            246.04922,
            10.835399,
            465.19604,
            90.08197,
            179.96849,
            39.973053
        ],
        [
            246.04924,
            10.835264,
            465.19598,
            90.08186,
            179.9684,
            39.97302
        ],
        [
            246.04959,
            10.835311,
            465.19577,
            90.08114,
            179.96689,
            39.973034
        ],
        [
            246.05243,
            10.839884,
            465.19513,
            90.08088,
            179.96652,
            39.974895
        ],
        [
            246.06038,
            10.848932,
            465.19394,
            90.081024,
            179.96588,
            39.97931
        ],
        [
            246.10075,
            10.897337,
            465.18814,
            90.080925,
            179.96236,
            40.002205
        ],
        [
            246.19785,
            11.07602,
            465.19272,
            90.08292,
            179.94978,
            40.071434
        ],
        [
            246.26309,
            11.195573,
            465.20285,
            90.08421,
            179.93944,
            40.117344
        ],
        [
            246.40652,
            11.434264,
            465.22684,
            90.0844,
            179.9148,
            40.21176
        ],
        [
            246.57092,
            11.693763,
            465.25464,
            90.08424,
            179.88623,
            40.316235
        ],
        [
            246.82515,
            12.093366,
            465.30304,
            90.08727,
            179.84196,
            40.4769
        ],
        [
            247.0335,
            12.409235,
            465.3385,
            90.08633,
            179.80484,
            40.60508
        ],
        [
            247.35175,
            12.886544,
            465.40125,
            90.08649,
            179.74641,
            40.798492
        ],
        [
            247.71928,
            13.459385,
            465.47314,
            90.08994,
            179.68008,
            41.026344
        ],
        [
            247.96164,
            13.845285,
            465.51428,
            90.093185,
            179.63693,
            41.18049
        ],
        [
            248.23804,
            14.270343,
            465.55096,
            90.092735,
            179.58868,
            41.347557
        ],
        [
            248.58405,
            14.836284,
            465.5991,
            90.094284,
            179.52739,
            41.56667
        ],
        [
            248.94789,
            15.4411745,
            465.63318,
            90.09307,
            179.46542,
            41.798813
        ],
        [
            249.3308,
            16.063473,
            465.6709,
            90.090546,
            179.39821,
            42.03774
        ],
        [
            249.85704,
            16.912546,
            465.7013,
            90.0832,
            179.30786,
            42.36317
        ],
        [
            250.20293,
            17.466513,
            465.71448,
            90.077515,
            179.24768,
            42.574528
        ],
        [
            250.57675,
            18.086416,
            465.72394,
            90.0733,
            179.18396,
            42.807293
        ],
        [
            251.24942,
            19.256819,
            465.75464,
            90.07523,
            179.0672,
            43.236137
        ],
        [
            251.77959,
            20.186686,
            465.76294,
            90.07527,
            178.9781,
            43.573975
        ],
        [
            252.5388,
            21.50879,
            465.7345,
            90.06786,
            178.85487,
            44.05194
        ],
        [
            253.41594,
            22.998781,
            465.70132,
            90.053246,
            178.7091,
            44.58737
        ],
        [
            254.0946,
            24.176804,
            465.6742,
            90.04945,
            178.59915,
            45.003967
        ],
        [
            254.55968,
            25.02371,
            465.63608,
            90.04702,
            178.52664,
            45.297585
        ],
        [
            255.64665,
            27.013569,
            465.52417,
            90.037964,
            178.35896,
            45.979145
        ],
        [
            256.4643,
            28.532627,
            465.41785,
            90.02935,
            178.23526,
            46.490837
        ],
        [
            257.64133,
            30.748774,
            465.24326,
            90.02286,
            178.05872,
            47.224037
        ],
        [
            258.64926,
            32.663425,
            465.06775,
            90.0154,
            177.91039,
            47.846455
        ],
        [
            260.0308,
            35.376907,
            464.7622,
            89.99868,
            177.71277,
            48.706966
        ],
        [
            260.92752,
            37.145596,
            464.5248,
            89.9872,
            177.58772,
            49.25826
        ],
        [
            261.67664,
            38.659714,
            464.32187,
            89.9798,
            177.48213,
            49.722855
        ],
        [
            262.815,
            41.069736,
            463.97876,
            89.969025,
            177.32811,
            50.442924
        ],
        [
            263.49316,
            42.571304,
            463.72943,
            89.96319,
            177.24002,
            50.883453
        ],
        [
            264.10132,
            43.910416,
            463.49924,
            89.958046,
            177.16216,
            51.27313
        ],
        [
            265.55615,
            47.070297,
            462.8997,
            89.93399,
            176.97937,
            52.179573
        ],
        [
            266.74466,
            49.86042,
            462.33945,
            89.91894,
            176.83264,
            52.962357
        ],
        [
            267.41644,
            51.506485,
            462.00488,
            89.91441,
            176.75304,
            53.401917
        ],
        [
            268.699,
            54.62458,
            461.2972,
            89.89074,
            176.6011,
            54.23633
        ],
        [
            270.0521,
            58.139236,
            460.45068,
            89.86916,
            176.45004,
            55.151566
        ],
        [
            271.33536,
            61.585342,
            459.56213,
            89.845406,
            176.31306,
            56.0266
        ],
        [
            272.599,
            65.231865,
            458.61163,
            89.832954,
            176.18,
            56.92466
        ],
        [
            273.63293,
            68.39412,
            457.6999,
            89.806435,
            176.0784,
            57.68612
        ],
        [
            274.7907,
            71.9646,
            456.6199,
            89.78065,
            175.97092,
            58.527615
        ],
        [
            275.84073,
            75.66098,
            455.53198,
            89.76836,
            175.87317,
            59.374718
        ],
        [
            277.30902,
            81.10771,
            453.7502,
            89.73543,
            175.75316,
            60.59027
        ],
        [
            279.66696,
            91.36499,
            450.23083,
            89.68067,
            175.58609,
            62.77335
        ],
