{
    "CMD": 1000,
    "motion_trajectory": [
        [
            246.0498,
            10.834229,
            465.19717,
            90.082054,
            179.9684,
            39.972927
        ],
        [
            246.0495,
            10.834701,
            465.19687,
            90.08205,
            179.96843,
            39.97296
        ],
        [
            246.04938,
            10.83448,
            465.19577,
            90.08109,
            179.96735,
            39.972786
        ],
        [
            246.04993,
            10.836749,
            465.19662,
            90.081375,
            179.96703,
            39.97346
        ],
        [
            246.06241,
            10.847018,
            465.19254,
            90.080536,
            179.96622,
            39.979458
        ],
        [
            246.08284,
            10.867165,
            465.18652,
            90.07997,
            179.96504,
            39.99008
        ],
        [
            246.1524,
            10.9705105,
            465.18585,
            90.0807,
            179.95686,
            40.033882
        ],
        [
            246.28769,
            11.2114725,
            465.20032,
            90.08264,
            179.93675,
            40.127712
        ],
        [
            246.38596,
            11.382379,
            465.21524,
            90.082245,
            179.9198,
            40.195217
        ],
        [
            246.60669,
            11.7352,
            465.25684,
            90.082924,
            179.88072,
            40.335335
        ],
        [
            246.81639,
            12.06815,
            465.30185,
            90.08706,
            179.84389,
            40.46857
        ],
        [
            247.0628,
            12.438689,
            465.34146,
            90.08489,
            179.80019,
            40.61943
        ],
        [
            247.37251,
            12.910488,
            465.39935,
            90.08492,
            179.744,
            40.809532
        ],
        [
            247.7368,
            13.492376,
            465.4698,
            90.0897,
            179.67902,
            41.03897
        ],
        [
            248.36853,
            14.494465,
            465.57513,
            90.09613,
            179.56726,
            41.432953
        ],
        [
            248.87524,
            15.320103,
            465.62845,
            90.09552,
            179.47873,
            41.75261
        ],
        [
            249.66348,
            16.593046,
            465.69287,
            90.08729,
            179.3406,
            42.24195
        ],
        [
            250.28764,
            17.600891,
            465.7146,
            90.07677,
            179.23367,
            42.625874
        ],
        [
            250.99742,
            18.806644,
            465.7513,
            90.07656,
            179.11166,
            43.07325
        ],
        [
            252.13112,
            20.789585,
            465.75266,
            90.072075,
            178.92218,
            43.793827
        ],
        [
            252.95541,
            22.202955,
            465.726,
            90.06254,
            178.78629,
            44.303905
        ],
        [
            253.78716,
            23.665176,
            465.70074,
            90.05507,
            178.64767,
            44.820915
        ],
        [
            254.68407,
            25.264063,
            465.6389,
            90.05134,
            178.50587,
            45.37885
        ],
        [
            255.85693,
            27.388433,
            465.4983,
            90.03539,
            178.3282,
            46.10766
        ],
        [
            256.73645,
            29.032036,
            465.38007,
            90.026505,
            178.19498,
            46.65843
        ],
        [
            257.9194,
            31.266533,
            465.20102,
            90.021126,
            178.01726,
            47.394077
        ],
        [
            258.88278,
            33.114475,
            465.0319,
            90.01523,
            177.87547,
            47.990955
        ],
        [
            259.46506,
            34.254192,
            464.8985,
            90.00608,
            177.79236,
            48.353725
        ],
        [
            260.7768,
            36.830147,
            464.56403,
            89.98759,
            177.6091,
            49.161995
        ],
        [
            261.81073,
            38.92437,
            464.29584,
            89.98113,
            177.46446,
            49.802612
        ],
        [
            263.01102,
            41.50448,
            463.90408,
            89.96655,
            177.30365,
            50.571465
        ],
        [
            264.1863,
            44.063705,
            463.46524,
            89.955185,
            177.15211,
            51.319233
        ],
        [
            265.41995,
            46.749523,
            462.9593,
            89.93602,
            176.9963,
            52.08966
        ],
        [
            266.29056,
            48.768784,
            462.5743,
            89.926414,
            176.88777,
            52.653503
        ],
        [
            268.38388,
            53.843796,
            461.49124,
            89.90022,
            176.63687,
            54.02928
        ],
        [
            269.60706,
            56.930305,
            460.74652,
            89.876305,
            176.49774,
            54.839783
        ],
        [
            270.7272,
            59.913944,
            459.98883,
            89.85418,
            176.37787,
            55.605515
        ],
        [
            272.13736,
            63.86165,
            458.97003,
            89.83748,
            176.22745,
            56.590107
        ],
        [
            272.93036,
            66.26525,
            458.32855,
            89.82738,
            176.14552,
            57.174824
        ],
        [
            273.9816,
            69.432686,
            457.3829,
            89.79707,
            176.04468,
            57.93322
        ],
        [
            274.59778,
            71.34967,
            456.79553,
            89.78384,
            175.98859,
            58.38454
        ],
        [
            275.1891,
            73.298935,
            456.22,
            89.77481,
            175.93248,
            58.83548
        ],
        [
            275.82443,
            75.6104,
            455.54553,
            89.768745,
            175.87434,
            59.3633
        ],
        [
            276.50656,
            78.14154,
            454.74557,
            89.75632,
            175.81573,
            59.932198
        ],
        [
            277.27197,
            80.96957,
            453.8013,
            89.737495,
            175.75629,
            60.55965
        ],
        [
            278.24844,
            84.91273,
            452.46362,
            89.706635,
            175.6822,
            61.41562
        ],
        [
            279.21655,
            89.252815,
            450.95822,
            89.69022,
            175.61382,
            62.3413
        ],
        [
            280.0129,
            93.16164,
            449.59274,
            89.6715,
            175.56462,
            63.143517
        ],
        [
            280.74625,
            97.12627,
            448.10168,
            89.64361,
            175.53061,
            63.949463
        ],
        [
            281.43555,
            101.19243,
            446.5611,
            89.62193,
            175.50185,
            64.758995
        ],
        [
            282.0077,
            105.40272,
            444.97083,
            89.611565,
            175.48433,
            65.58165
        ],
        [
