{
    "CMD": 100,
    "motion_trajectory": [
        [
            -9.11112,
            -395.74106,
            428.89993,
            77.76417,
            -89.22011,
            13.605602
        ],
        [
            -9.110992,
            -395.74127,
            428.9001,
            77.765724,
            -89.22003,
            13.604055
        ],
        [
            -9.108382,
            -395.7412,
            428.90295,
            77.69347,
            -89.21715,
            13.677757
        ],
        [
            -9.098032,
            -395.7397,
            428.90475,
            77.64715,
            -89.21723,
            13.725485
        ],
        [
            -9.020632,
            -395.73288,
            428.91855,
            77.341576,
            -89.228355,
            14.035847
        ],
        [
            -8.780225,
            -395.70306,
            428.97012,
            76.19233,
            -89.26644,
            15.197965
        ],
        [
            -8.260946,
            -395.6126,
            429.08038,
            73.571495,
            -89.33712,
            17.852348
        ],
        [
            -7.550566,
            -395.4546,
            429.24896,
            69.11735,
            -89.42221,
            22.354126
        ],
        [
            -7.1203265,
            -395.3513,
            429.3476,
            65.82867,
            -89.47227,
            25.670872
        ],
        [
            -6.411529,
            -395.18723,
            429.50467,
            59.020847,
            -89.54902,
            32.525074
        ],
        [
            -5.6350837,
            -395.0029,
            429.68,
            48.500187,
            -89.62302,
            43.09494
        ],
        [
            -4.5560155,
            -394.74872,
            429.89673,
            26.144281,
            -89.701004,
            65.51578
        ],
        [
            -3.4497216,
            -394.4808,
            430.1021,
            -4.7848697,
            -89.71462,
            96.51163
        ],
        [
            -2.3507717,
            -394.217,
            430.2985,
            -31.243937,
            -89.65059,
            123.30811
        ],
        [
            -0.94241536,
            -393.86838,
            430.5641,
            -49.89312,
            -89.50473,
            141.76857
        ],
        [
            0.3232244,
            -393.5495,
            430.8063,
            -58.518505,
            -89.35323,
            150.47069
        ],
        [
            2.8189988,
            -392.89987,
            431.28455,
            -67.22158,
            -89.02915,
            159.32599
        ],
        [
            4.6537123,
            -392.41864,
            431.63782,
            -70.66873,
            -88.778564,
            162.88387
        ],
        [
            6.0962334,
            -392.02774,
            431.90454,
            -72.5552,
            -88.5803,
            164.86055
        ],
        [
            7.8709307,
            -391.53964,
            432.23584,
            -74.26677,
            -88.33262,
            166.68103
        ],
        [
            9.777625,
            -391.00702,
            432.5803,
            -75.691414,
            -88.06032,
            168.22287
        ],
        [
            11.831871,
            -390.41293,
            432.94455,
            -76.81999,
            -87.77031,
            169.48224
        ],
        [
            13.980695,
            -389.79523,
            433.3389,
            -77.67282,
            -87.4689,
            170.47154
        ],
        [
            15.996431,
            -389.19962,
            433.70862,
            -78.307396,
            -87.184395,
            171.23575
        ],
        [
            18.522865,
            -388.44333,
            434.1801,
            -78.92335,
            -86.82479,
            172.01514
        ],
        [
            20.43959,
            -387.85645,
            434.53314,
            -79.33369,
            -86.54872,
            172.54836
        ],
        [
            23.032999,
            -387.04868,
            435.02985,
            -79.75311,
            -86.178,
            173.13394
        ],
        [
            28.38952,
            -385.32858,
            436.08264,
            -80.3505,
            -85.408264,
            174.07863
        ],
        [
            33.342396,
            -383.64603,
            437.03937,
            -80.78396,
            -84.68373,
            174.83571
        ],
        [
            36.703236,
            -382.45285,
            437.66354,
            -81.06726,
            -84.18761,
            175.33907
        ],
        [
            39.077106,
            -381.59082,
            438.10226,
            -81.243,
            -83.83431,
            175.67207
        ],
        [
            43.401516,
            -379.98346,
            438.89398,
            -81.51913,
            -83.19503,
            176.24141
        ],
        [
            49.050083,
            -377.81216,
            439.9466,
            -81.80962,
            -82.351746,
            176.91512
        ],
        [
            55.089203,
            -375.35178,
            441.09293,
            -82.07112,
            -81.43416,
            177.58548
        ],
        [
            58.431686,
            -373.93723,
            441.7238,
            -82.19892,
            -80.92027,
            177.94173
        ],
        [
            63.638058,
            -371.64896,
            442.67117,
            -82.40246,
            -80.116264,
            178.50539
        ],
        [
            68.47518,
            -369.4605,
            443.53607,
            -82.57694,
            -79.36939,
            179.02286
        ],
        [
            73.86555,
            -366.93613,
            444.52747,
            -82.73019,
            -78.52155,
            179.56142
        ],
        [
            79.215546,
            -364.30914,
            445.53043,
            97.13139,
            -102.33628,
            0.08145951
        ],
        [
            83.30206,
            -362.21198,
            446.28778,
            97.028366,
            -102.99459,
            0.4787414
        ],
        [
            87.22154,
            -360.1422,
            447.00842,
            96.94103,
            -103.62869,
            0.8552627
        ],
        [
            90.92194,
            -358.15585,
            447.68182,
            96.85755,
            -104.23505,
            1.2163751
        ],
        [
            95.213036,
            -355.78833,
            448.44086,
            96.75057,
            -104.9427,
            1.6476666
        ],
        [
            100.60613,
            -352.6603,
            449.43878,
            96.63612,
            -105.85782,
            2.174421
        ],
        [
            106.28333,
            -349.27295,
            450.44467,
            96.50566,
            -106.813,
            2.7335062
        ],
        [
            110.82345,
            -346.4465,
            451.26056,
            96.41481,
            -107.59504,
            3.1815536
        ],
        [
            115.05128,
            -343.76074,
            452.01367,
            96.3256,
            -108.33788,
            3.6051311
        ],
        [
            119.51905,
            -340.84003,
            452.80728,
            96.23574,
            -109.12656,
            4.0532646
        ],
        [
            124.11522,
            -337.6924,
            453.61264,
            96.137505,
            -109.9503,
            4.523146
        ],
        [
            128.70555,
            -334.41418,
            454.42212,
            96.045685,
            -110.790184,
            4.9926972
        ],
        [
            134.6567,
