{
    "CMD": 100,
    "motion_trajectory": [
        [
            -9.111325,
            -395.74225,
            428.90054,
            77.75393,
            -89.22006,
            13.615885
        ],
        [
            -9.103295,
            -395.74164,
            428.9042,
            77.616425,
            -89.21753,
            13.75594
        ],
        [
            -9.080244,
            -395.73514,
            428.90353,
            77.596405,
            -89.22015,
            13.777979
        ],
        [
            -8.967868,
            -395.72086,
            428.91965,
            77.18104,
            -89.23769,
            14.199542
        ],
        [
            -8.788542,
            -395.69724,
            428.95398,
            76.334435,
            -89.268135,
            15.055331
        ],
        [
            -8.450953,
            -395.64243,
            429.0223,
            74.69228,
            -89.31637,
            16.71861
        ],
        [
            -7.409699,
            -395.42236,
            429.25775,
            68.326324,
            -89.441895,
            23.155228
        ],
        [
            -5.8281174,
            -395.05063,
            429.61102,
            51.547398,
            -89.610855,
            40.03628
        ],
        [
            -4.5367985,
            -394.7398,
            429.87338,
            25.623857,
            -89.70604,
            66.0381
        ],
        [
            -2.978247,
            -394.36533,
            430.16663,
            -18.005608,
            -89.69701,
            109.760475
        ],
        [
            -1.896355,
            -394.09897,
            430.3726,
            -39.490177,
            -89.60639,
            131.30923
        ],
        [
            0.46877378,
            -393.50967,
            430.8187,
            -59.444473,
            -89.334724,
            151.40596
        ],
        [
            2.1621969,
            -393.0706,
            431.1479,
            -65.65544,
            -89.11521,
            157.71954
        ],
        [
            5.180938,
            -392.27713,
            431.74564,
            -71.44379,
            -88.700554,
            163.69232
        ],
        [
            8.672162,
            -391.31207,
            432.37564,
            -74.92265,
            -88.21895,
            167.38643
        ],
        [
            12.261741,
            -390.2891,
            433.03,
            -76.985916,
            -87.70937,
            169.69019
        ],
        [
            16.315096,
            -389.0992,
            433.77164,
            -78.402214,
            -87.13589,
            171.349
        ],
        [
            20.293447,
            -387.90207,
            434.5084,
            -79.312996,
            -86.567604,
            172.5171
        ],
        [
            24.82717,
            -386.48386,
            435.36804,
            -80.01199,
            -85.91988,
            173.50908
        ],
        [
            27.330687,
            -385.67197,
            435.86215,
            -80.27135,
            -85.560036,
            173.93091
        ],
        [
            31.475294,
            -384.2789,
            436.67404,
            -80.653046,
            -84.95503,
            174.58136
        ],
        [
            36.180607,
            -382.63107,
            437.5641,
            -81.03486,
            -84.263824,
            175.2719
        ],
        [
            42.903812,
            -380.16147,
            438.7987,
            -81.49493,
            -83.27011,
            176.18329
        ],
        [
            46.38137,
            -378.84247,
            439.4433,
            -81.68181,
            -82.75401,
            176.6064
        ],
        [
            51.92425,
            -376.65543,
            440.48004,
            -81.95144,
            -81.91758,
            177.25235
        ],
        [
            54.557945,
            -375.5721,
            440.9806,
            -82.06103,
            -81.51691,
            177.54045
        ],
        [
            58.679867,
            -373.82452,
            441.76193,
            -82.2163,
            -80.88214,
            177.97612
        ],
        [
            65.42217,
            -370.84714,
            442.9973,
            -82.45819,
            -79.844734,
            178.6884
        ],
        [
            70.40625,
            -368.5731,
            443.9028,
            -82.622925,
            -79.06914,
            179.20761
        ],
        [
            80.549706,
            -363.64032,
            445.77832,
            97.0941,
            -102.55299,
            0.21343367
        ],
        [
            88.02732,
            -359.7247,
            447.16016,
            96.92571,
            -103.76119,
            0.9300809
        ],
        [
            97.047485,
            -354.75824,
            448.77505,
            96.71275,
            -105.24919,
            1.8245317
        ],
        [
            103.11716,
            -351.20987,
            449.87335,
            96.57854,
            -106.27146,
            2.4196196
        ],
        [
            107.66598,
            -348.4244,
            450.67853,
            96.46924,
            -107.05322,
            2.878424
        ],
        [
            111.43919,
            -346.0669,
            451.36282,
            96.398346,
            -107.70332,
            3.247268
        ],
        [
            120.76909,
            -340.00262,
            453.01672,
            96.20692,
            -109.34907,
            4.184101
        ],
        [
            128.14223,
            -334.8234,
            454.3153,
            96.05402,
            -110.68717,
            4.938483
        ],
        [
            135.91222,
            -329.1114,
            455.71716,
            95.92394,
            -112.12986,
            5.722556
        ],
        [
            140.96362,
            -325.2327,
            456.5795,
            95.82262,
            -113.0808,
            6.2613325
        ],
        [
            149.16684,
            -318.55173,
            457.9854,
            95.66245,
            -114.67636,
            7.147295
        ],
        [
            154.59966,
            -313.96362,
            458.9709,
            95.58026,
            -115.76605,
            7.7197804
        ],
        [
            161.07526,
            -308.20056,
            460.05963,
            95.453606,
            -117.09144,
            8.451689
        ],
        [
            169.16798,
            -300.5136,
            461.45776,
            95.31573,
            -118.80837,
            9.368996
        ],
        [
            176.17506,
            -293.4855,
            462.6429,
            95.18635,
            -120.352425,
            10.199868
        ],
        [
            181.62576,
            -287.71124,
            463.5326,
            95.07949,
            -121.585,
            10.873098
        ],
        [
            186.69102,
            -282.11823,
            464.43,
            94.996284,
            -122.790855,
            11.490229
        ],
        [
            191.43585,
            -276.62976,
            465.1948,
            94.89436,
            -123.9415,
            12.110581
        ],
        [
            196.74835,
            -270.16852,
            466.05518,
            94.79183,
            -125.256355,
            12.820972
        ],
        [
            199.77036,
            -266.33975,
            466.57413,
            94.74008,
            -126.04117,
            13.225847
        ],
        [
            205.61575,
            -258.55957,
            467.50433,
            94.61671,
            -127.6046,
            14.055445
        ],
        [
            211.05287,
