{
    "CMD": 100,
    "motion_trajectory": [
        [
            -9.111161,
            -395.7414,
            428.9004,
            77.75635,
            -89.2201,
            13.613416
        ],
        [
            -9.111111,
            -395.74146,
            428.90146,
            77.742676,
            -89.21897,
            13.627613
        ],
        [
            -9.103899,
            -395.74036,
            428.90372,
            77.66621,
            -89.21665,
            13.705826
        ],
        [
            -9.048249,
            -395.72092,
            428.895,
            77.691185,
            -89.223854,
            13.684605
        ],
        [
            -8.820646,
            -395.67355,
            428.91013,
            77.03588,
            -89.26117,
            14.351056
        ],
        [
            -8.56365,
            -395.62903,
            428.95352,
            75.929855,
            -89.30001,
            15.472262
        ],
        [
            -8.243019,
            -395.57007,
            429.0147,
            74.38174,
            -89.343376,
            17.041515
        ],
        [
            -6.8838987,
            -395.26276,
            429.32584,
            64.903564,
            -89.50605,
            26.608768
        ],
        [
            -5.3048553,
            -394.89066,
            429.68857,
            43.29751,
            -89.662094,
            48.314953
        ],
        [
            -3.4283202,
            -394.44525,
            430.05447,
            -6.4326854,
            -89.72182,
            98.15729
        ],
        [
            -2.12485,
            -394.13437,
            430.3007,
            -36.274208,
            -89.63319,
            128.07608
        ],
        [
            0.4311254,
            -393.49622,
            430.7844,
            -59.66068,
            -89.34038,
            151.61818
        ],
        [
            3.5644166,
            -392.68787,
            431.40848,
            -69.04486,
            -88.924904,
            161.19243
        ],
        [
            6.4152193,
            -391.93127,
            431.9507,
            -72.994316,
            -88.53433,
            165.3185
        ],
        [
            10.038333,
            -390.93213,
            432.6069,
            -75.94404,
            -88.022,
            168.49228
        ],
        [
            12.300248,
            -390.27957,
            433.02435,
            -77.07541,
            -87.70074,
            169.76636
        ],
        [
            14.554133,
            -389.62442,
            433.42944,
            -77.95248,
            -87.38221,
            170.78647
        ],
        [
            20.85469,
            -387.731,
            434.60315,
            -79.444984,
            -86.486435,
            172.68585
        ],
        [
            25.426128,
            -386.289,
            435.48416,
            -80.08704,
            -85.83383,
            173.62248
        ],
        [
            30.541342,
            -384.60275,
            436.49698,
            -80.57308,
            -85.09069,
            174.43953
        ],
        [
            35.411728,
            -382.91162,
            437.41534,
            -80.98432,
            -84.37629,
            175.17061
        ],
        [
            40.48928,
            -381.06757,
            438.342,
            -81.36272,
            -83.625336,
            175.8883
        ],
        [
            48.33787,
            -378.08218,
            439.80612,
            -81.77834,
            -82.4605,
            176.83604
        ],
        [
            54.542645,
            -375.57138,
            440.9826,
            -82.051094,
            -81.515656,
            177.52878
        ],
        [
            61.316284,
            -372.6813,
            442.2498,
            -82.31044,
            -80.47158,
            178.25212
        ],
        [
            68.2602,
            -369.56287,
            443.49777,
            -82.56749,
            -79.40203,
            178.99843
        ],
        [
            75.00801,
            -366.39172,
            444.7528,
            -82.753494,
            -78.337326,
            179.665
        ],
        [
            81.43539,
            -363.18173,
            445.95248,
            97.07739,
            -102.69526,
            0.29349074
        ],
        [
            86.87785,
            -360.32785,
            446.95413,
            96.9545,
            -103.571754,
            0.8159601
        ],
        [
            94.02834,
            -356.44864,
            448.2323,
            96.77767,
            -104.74833,
            1.5294595
        ],
        [
            101.54871,
            -352.1431,
            449.58932,
            96.60879,
            -106.00916,
            2.268223
        ],
        [
            109.108604,
            -347.48282,
            450.95538,
            96.440834,
            -107.31211,
            3.0233035
        ],
        [
            116.71004,
            -342.64194,
            452.31317,
            96.28644,
            -108.64339,
            3.7809613
        ],
        [
            125.65763,
            -336.6013,
            453.86438,
            96.09512,
            -110.23187,
            4.6920195
        ],
        [
            130.62856,
            -333.01416,
            454.74957,
            96.004005,
            -111.1445,
            5.196428
        ],
        [
            134.14217,
            -330.42545,
            455.39676,
            95.95098,
            -111.797806,
            5.5447016
        ],
        [
            139.62454,
            -326.26456,
            456.36197,
            95.85306,
            -112.82808,
            6.111988
        ],
        [
            147.85942,
            -319.63974,
            457.7577,
            95.68575,
            -114.42083,
            7.005868
        ],
        [
            152.08305,
            -316.10397,
            458.51825,
            95.62037,
            -115.2639,
            7.4496536
        ],
        [
            159.22424,
            -309.88907,
            459.74588,
            95.4874,
            -116.71366,
            8.241329
        ],
        [
            167.48381,
            -302.1509,
            461.13852,
            95.33529,
            -118.443054,
            9.1861315
        ],
        [
            171.91177,
            -297.81354,
            461.94522,
            95.2737,
            -119.40858,
            9.681374
        ],
        [
            179.05484,
            -290.4561,
            463.109,
            95.12969,
            -120.99861,
            10.554938
        ],
        [
            183.39883,
            -285.77707,
            463.85788,
            95.05577,
            -122.00218,
            11.083279
        ],
        [
            188.76682,
            -279.736,
            464.77536,
            94.95632,
            -123.292816,
            11.75588
        ],
        [
            199.20197,
            -267.0546,
            466.49713,
            94.75711,
            -125.89267,
            13.142832
        ],
        [
            204.34499,
            -260.27713,
            467.33652,
            94.6551,
            -127.26221,
            13.86221
        ],
        [
            209.94011,
            -252.52934,
            468.2307,
            94.53304,
            -128.8075,
            14.683199
        ],
        [
            213.35973,
            -247.53275,
            468.79248,
            94.46109,
            -129.80292,
            15.197143
        ],
        [
            216.41028,
            -242.85625,
            469.25,
            94.38351,
            -130.71562,
            15.67941
        ],
        [
            221.07967,
