{
    "CMD": 100,
    "motion_trajectory": [
        [
            -55.08863,
            -195.50008,
            706.0271,
            -90.00037,
            0.00070063677,
            90.00022
        ],
        [
            -55.08329,
            -195.4983,
            706.0479,
            -89.993965,
            0.0028489737,
            90.000534
        ],
        [
            -54.970123,
            -195.52782,
            706.069,
            -89.98117,
            0.0031905952,
            90.03542
        ],
        [
            -54.734062,
            -195.62198,
            705.9576,
            -89.97216,
            0.011817331,
            90.1627
        ],
        [
            -54.5327,
            -195.77563,
            705.4872,
            -89.99733,
            0.026040545,
            90.384026
        ],
        [
            -54.246532,
            -195.95596,
            704.98517,
            -90.008415,
            0.031471364,
            90.63133
        ],
        [
            -53.69675,
            -196.26286,
            704.28033,
            -90.01189,
            0.037885718,
            91.04247
        ],
        [
            -53.036808,
            -196.62743,
            703.46893,
            -90.01536,
            0.054618225,
            91.52778
        ],
        [
            -52.24247,
            -197.0729,
            702.5546,
            -90.023,
            0.08042319,
            92.113174
        ],
        [
            -51.41878,
            -197.51906,
            701.6192,
            -90.027885,
            0.10326807,
            92.6861
        ],
        [
            -50.526283,
            -198.0354,
            700.4943,
            -90.04431,
            0.12307183,
            93.33468
        ],
        [
            -49.248627,
            -198.745,
            699.0522,
            -90.05183,
            0.15243311,
            94.211426
        ],
        [
            -48.03365,
            -199.41808,
            697.6981,
            -90.04862,
            0.18201463,
            95.02814
        ],
        [
            -46.59698,
            -200.22987,
            696.00977,
            -90.06224,
            0.20898339,
            95.98879
        ],
        [
            -45.06986,
            -201.07445,
            694.2594,
            -90.08486,
            0.23448528,
            96.96959
        ],
        [
            -43.394775,
            -201.98616,
            692.4643,
            -90.09202,
            0.2648142,
            98.01151
        ],
        [
            -41.29395,
            -203.11467,
            690.32245,
            -90.08502,
            0.30105263,
            99.28504
        ],
        [
            -38.934143,
            -204.37686,
            687.8796,
            -90.10346,
            0.33233294,
            100.678024
        ],
        [
            -36.74176,
            -205.53912,
            685.5291,
            -90.12725,
            0.36219218,
            101.9441
        ],
        [
            -33.82476,
            -207.00491,
            682.6422,
            -90.13578,
            0.3957871,
            103.536995
        ],
        [
            -30.629976,
            -208.55913,
            679.61206,
            -90.150505,
            0.4250197,
            105.21583
        ],
        [
            -27.685211,
            -209.93855,
            676.8942,
            -90.14854,
            0.45066774,
            106.70972
        ],
        [
            -24.510717,
            -211.38028,
            673.8968,
            -90.182175,
            0.4760599,
            108.27472
        ],
        [
            -21.064005,
            -212.82932,
            670.9141,
            -90.17721,
            0.49961737,
            109.887085
        ],
        [
            -17.170301,
            -214.36537,
            667.67804,
            -90.18312,
            0.51724523,
            111.63828
        ],
        [
            -13.594368,
            -215.73329,
            664.57355,
            -90.202324,
            0.5295955,
            113.21665
        ],
        [
            -9.542377,
            -217.1576,
            661.24725,
            -90.219536,
            0.544921,
            114.93104
        ],
        [
            -5.308314,
            -218.49971,
            658.0066,
            -90.21301,
            0.54818547,
            116.64647
        ],
        [
            -1.3037236,
            -219.67728,
            654.9226,
            -90.22134,
            0.5584671,
            118.22773
        ],
        [
            3.3151884,
            -220.91856,
            651.40735,
            -90.23826,
            0.5661611,
            120.00124
        ],
        [
            8.214899,
            -222.06944,
            647.92993,
            -90.232315,
            0.5675174,
            121.81576
        ],
        [
            12.81997,
            -223.02058,
            644.6267,
            -90.24049,
            0.56598854,
            123.47403
        ],
        [
            17.391153,
            -223.83612,
            641.3609,
            -90.245316,
            0.5593972,
            125.07741
        ],
        [
            22.084934,
            -224.56154,
            638.14813,
            -90.26018,
            0.55942553,
            126.69535
        ],
        [
            26.745731,
            -225.13783,
            635.12463,
            -90.243835,
            0.5584158,
            128.26028
        ],
        [
            32.400936,
            -225.6561,
            631.3188,
            -90.26118,
            0.5503375,
            130.11263
        ],
        [
            37.46526,
            -225.97995,
            628.03754,
            -90.254074,
            0.53463715,
            131.74193
        ],
        [
            43.49379,
            -226.17645,
            624.2818,
            -90.25203,
            0.52390176,
            133.64555
        ],
        [
            48.756527,
            -226.18613,
            620.909,
            -90.258934,
            0.51301545,
            135.2799
        ],
        [
            54.125828,
            -226.02066,
            617.5686,
            -90.26494,
            0.5004064,
            136.918
        ],
        [
            60.164555,
            -225.6389,
            613.9795,
            -90.24894,
            0.4849193,
            138.73325
        ],
        [
            65.89419,
            -225.11867,
            610.5309,
            -90.25072,
            0.46780646,
            140.44191
        ],
        [
            71.01736,
            -224.4924,
            607.3821,
            -90.26362,
            0.44884148,
            141.95186
        ],
        [
            78.014885,
            -223.37703,
            603.3076,
            -90.24476,
            0.42038965,
            143.98848
        ],
        [
            84.40528,
            -222.13391,
            599.6193,
            -90.238045,
            0.40812796,
            145.8386
        ],
        [
            90.98814,
            -220.6125,
            595.6906,
            -90.24547,
            0.3858853,
            147.7326
        ],
        [
            98.091805,
            -218.6837,
            591.5953,
            -90.240425,
            0.3651388,
            149.77144
        ],
        [
            104.1969,
            -216.7913,
            588.15515,
            -90.221436,
            0.33842024,
            151.51115
        ],
        [
            110.50688,
            -214.59094,
            584.4335,
            -90.231575,
            0.30996817,
            153.31322
        ],
        [
            116.898735,
            -212.12135,
            580.7949,
            -90.21571,
            0.29160228,
            155.144
        ],
