{
    "CMD": 100,
    "motion_trajectory": [
        [
            -9.112177,
            -395.74258,
            428.90134,
            77.75661,
            -89.21992,
            13.61306
        ],
        [
            -9.111929,
            -395.7428,
            428.90164,
            77.75105,
            -89.21987,
            13.618695
        ],
        [
            -9.108633,
            -395.74368,
            428.90692,
            77.62366,
            -89.21617,
            13.748153
        ],
        [
            -9.087555,
            -395.74048,
            428.91165,
            77.51088,
            -89.21789,
            13.863309
        ],
        [
            -8.985232,
            -395.73776,
            428.94052,
            76.97576,
            -89.232864,
            14.404531
        ],
        [
            -8.58387,
            -395.69302,
            429.04358,
            74.80087,
            -89.29354,
            16.602346
        ],
        [
            -7.977017,
            -395.58096,
            429.18314,
            71.4648,
            -89.368256,
            19.979992
        ],
        [
            -7.3266315,
            -395.43146,
            429.33786,
            67.016716,
            -89.443214,
            24.471422
        ],
        [
            -6.3684134,
            -395.20792,
            429.5515,
            58.071167,
            -89.54782,
            33.479797
        ],
        [
            -5.481048,
            -394.9951,
            429.74454,
            45.62029,
            -89.631165,
            45.986362
        ],
        [
            -3.9472604,
            -394.62082,
            430.03018,
            9.333375,
            -89.7153,
            82.36467
        ],
        [
            -1.601434,
            -394.04697,
            430.46243,
            -42.38358,
            -89.575615,
            134.21983
        ],
        [
            0.67466015,
            -393.4673,
            430.88303,
            -60.044758,
            -89.30928,
            152.01974
        ],
        [
            2.300635,
            -393.04736,
            431.2008,
            -65.70674,
            -89.09875,
            157.78085
        ],
        [
            4.000304,
            -392.59744,
            431.52475,
            -69.513115,
            -88.86782,
            161.68887
        ],
        [
            7.2352552,
            -391.71548,
            432.12076,
            -73.67939,
            -88.42127,
            166.05484
        ],
        [
            11.1532545,
            -390.61404,
            432.82104,
            -76.485825,
            -87.86619,
            169.10524
        ],
        [
            15.054376,
            -389.47748,
            433.52707,
            -78.06362,
            -87.31592,
            170.93173
        ],
        [
            19.400501,
            -388.17743,
            434.33926,
            -79.130135,
            -86.69733,
            172.27797
        ],
        [
            24.209152,
            -386.67917,
            435.24524,
            -79.935425,
            -86.01044,
            173.39389
        ],
        [
            28.772839,
            -385.1979,
            436.1506,
            -80.40177,
            -85.35261,
            174.15457
        ],
        [
            32.2505,
            -384.01678,
            436.82248,
            -80.71613,
            -84.84043,
            174.69495
        ],
        [
            37.51166,
            -382.16415,
            437.81268,
            -81.12884,
            -84.06709,
            175.45433
        ],
        [
            43.633705,
            -379.8988,
            438.93607,
            -81.531075,
            -83.16288,
            176.26938
        ],
        [
            46.5253,
            -378.79587,
            439.48,
            -81.676346,
            -82.73206,
            176.61049
        ],
        [
            53.9128,
            -375.83908,
            440.87195,
            -82.02279,
            -81.613075,
            177.45638
        ],
        [
            58.519833,
            -373.89355,
            441.74005,
            -82.20601,
            -80.90381,
            177.95288
        ],
        [
            64.63098,
            -371.2061,
            442.84998,
            -82.43747,
            -79.96364,
            178.61076
        ],
        [
            69.87524,
            -368.82544,
            443.79712,
            -82.61333,
            -79.15218,
            179.1599
        ],
        [
            75.95037,
            -365.93875,
            444.92676,
            -82.7782,
            -78.18733,
            179.75748
        ],
        [
            80.77796,
            -363.52325,
            445.82272,
            97.09509,
            -102.5881,
            0.23013338
        ],
        [
            88.15327,
            -359.656,
            447.1888,
            96.9317,
            -103.778534,
            0.9352775
        ],
        [
            93.8593,
            -356.54523,
            448.20563,
            96.79061,
            -104.71675,
            1.5065923
        ],
        [
            102.22923,
            -351.7387,
            449.71585,
            96.60109,
            -106.11881,
            2.3307264
        ],
        [
            108.58638,
            -347.8488,
            450.85092,
            96.456276,
            -107.20734,
            2.964976
        ],
        [
            116.594315,
            -342.7588,
            452.28876,
            96.29515,
            -108.610085,
            3.7590487
        ],
        [
            124.48344,
            -337.431,
            453.67673,
            96.128334,
            -110.01858,
            4.562118
        ],
        [
            130.56609,
            -333.06378,
            454.75162,
            96.01195,
            -111.134384,
            5.1830945
        ],
        [
            136.48668,
            -328.68332,
            455.81912,
            95.915245,
            -112.23597,
            5.781306
        ],
        [
            145.60382,
            -321.5089,
            457.36594,
            95.728645,
            -113.97178,
            6.76421
        ],
        [
            154.05762,
            -314.43704,
            458.87524,
            95.58995,
            -115.65677,
            7.6606803
        ],
        [
            159.236,
            -309.87637,
            459.7473,
            95.4879,
            -116.71314,
            8.243167
        ],
        [
            166.52942,
            -303.07236,
            460.97266,
            95.351456,
            -118.235985,
            9.07832
        ],
        [
            172.59152,
            -297.14062,
            462.05942,
            95.26155,
            -119.555145,
            9.762914
        ],
        [
            177.21892,
            -292.39883,
            462.8129,
            95.16646,
            -120.58478,
            10.328132
        ],
        [
            183.5581,
            -285.60364,
            463.89264,
            95.05527,
            -122.03923,
            11.10055
        ],
        [
            187.60683,
            -281.0699,
            464.5952,
            94.9835,
            -123.0102,
            11.602843
        ],
        [
            191.78964,
            -276.20178,
            465.25955,
            94.89098,
            -124.025696,
            12.154917
        ],
        [
            199.76323,
            -266.33386,
            466.59308,
            94.74677,
            -126.039185,
            13.219034
        ],
        [
            206.23894,
            -257.69867,
            467.62357,
            94.607895,
            -127.775696,
            14.141089
        ],
        [
            211.5966,
