{
    "CMD": 100,
    "motion_trajectory": [
        [
            -9.111547,
            -395.74246,
            428.90094,
            77.75687,
            -89.22006,
            13.612678
        ],
        [
            -9.112024,
            -395.74268,
            428.9016,
            77.74786,
            -89.21998,
            13.6216955
        ],
        [
            -9.109645,
            -395.7427,
            428.904,
            77.676414,
            -89.21785,
            13.694492
        ],
        [
            -9.098109,
            -395.74023,
            428.90665,
            77.55142,
            -89.21753,
            13.821883
        ],
        [
            -9.063458,
            -395.7315,
            428.9071,
            77.50077,
            -89.22173,
            13.875186
        ],
        [
            -8.9347925,
            -395.7134,
            428.92538,
            77.002396,
            -89.24361,
            14.380222
        ],
        [
            -8.603943,
            -395.66104,
            428.98993,
            75.42762,
            -89.296326,
            15.973124
        ],
        [
            -8.196394,
            -395.58386,
            429.07208,
            73.37516,
            -89.35075,
            18.051945
        ],
        [
            -7.0327716,
            -395.3172,
            429.34183,
            65.23866,
            -89.489204,
            26.264084
        ],
        [
            -6.1309752,
            -395.11368,
            429.54703,
            55.62898,
            -89.583855,
            35.93257
        ],
        [
            -4.5283546,
            -394.7312,
            429.8759,
            24.773624,
            -89.708466,
            66.88509
        ],
        [
            -3.550615,
            -394.49295,
            430.0579,
            -3.2326608,
            -89.72076,
            94.95013
        ],
        [
            -2.3079486,
            -394.19662,
            430.28955,
            -32.97974,
            -89.6463,
            124.770744
        ],
        [
            -0.7569819,
            -393.8068,
            430.5763,
            -51.998573,
            -89.48323,
            143.88391
        ],
        [
            1.738037,
            -393.17352,
            431.0644,
            -64.4639,
            -89.17086,
            156.50096
        ],
        [
            4.6066675,
            -392.4222,
            431.61896,
            -70.70489,
            -88.78274,
            162.91559
        ],
        [
            8.243856,
            -391.4301,
            432.2923,
            -74.64029,
            -88.278015,
            167.07666
        ],
        [
            11.8852215,
            -390.3951,
            432.9498,
            -76.86275,
            -87.76162,
            169.52812
        ],
        [
            16.078238,
            -389.16962,
            433.72296,
            -78.35342,
            -87.16852,
            171.28497
        ],
        [
            20.564991,
            -387.8164,
            434.55927,
            -79.366646,
            -86.52782,
            172.58763
        ],
        [
            27.621664,
            -385.57877,
            435.931,
            -80.28903,
            -85.516,
            173.96526
        ],
        [
            33.511932,
            -383.57922,
            437.0743,
            -80.809814,
            -84.65421,
            174.86995
        ],
        [
            37.724857,
            -382.07767,
            437.85672,
            -81.14107,
            -84.03436,
            175.47977
        ],
        [
            40.081673,
            -381.21625,
            438.27606,
            -81.32881,
            -83.68344,
            175.8256
        ],
        [
            43.07486,
            -380.09952,
            438.8248,
            -81.515686,
            -83.24218,
            176.21492
        ],
        [
            47.63818,
            -378.35397,
            439.67468,
            -81.7504,
            -82.564606,
            176.75955
        ],
        [
            51.56934,
            -376.7968,
            440.4106,
            -81.94388,
            -81.96838,
            177.219
        ],
        [
            58.716194,
            -373.8089,
            441.77463,
            -82.21524,
            -80.87368,
            177.97624
        ],
        [
            64.15668,
            -371.41693,
            442.76077,
            -82.426025,
            -80.03661,
            178.56532
        ],
        [
            68.58368,
            -369.41592,
            443.552,
            -82.58365,
            -79.35346,
            179.03772
        ],
        [
            72.23075,
            -367.72058,
            444.22162,
            -82.69253,
            -78.778114,
            179.40665
        ],
        [
            77.81702,
            -365.01212,
            445.27588,
            -82.83212,
            -77.88832,
            179.94371
        ],
        [
            81.50907,
            -363.15167,
            445.9635,
            97.07572,
            -102.70426,
            0.30210176
        ],
        [
            86.487465,
            -360.54407,
            446.88843,
            96.96771,
            -103.508064,
            0.774
        ],
        [
            96.03786,
            -355.3355,
            448.59167,
            96.73552,
            -105.08072,
            1.7257042
        ],
        [
            101.32246,
            -352.28403,
            449.5569,
            96.62486,
            -105.96811,
            2.2366092
        ],
        [
            106.0478,
            -349.42743,
            450.3986,
            96.514244,
            -106.7706,
            2.7084248
        ],
        [
            113.6952,
            -344.62985,
            451.77295,
            96.358894,
            -108.09712,
            3.4653776
        ],
        [
            120.62528,
            -340.0947,
            453.00143,
            96.21402,
            -109.32537,
            4.1636972
        ],
        [
            128.56601,
            -334.5129,
            454.40067,
            96.051094,
            -110.765015,
            4.976339
        ],
        [
            133.64024,
            -330.7906,
            455.30988,
            95.96354,
            -111.705315,
            5.49075
        ],
        [
            139.57251,
            -326.31485,
            456.35464,
            95.85752,
            -112.8149,
            6.1055655
        ],
        [
            146.03148,
            -321.15735,
            457.4407,
            95.72207,
            -114.056145,
            6.8096113
        ],
        [
            150.02695,
            -317.8403,
            458.13458,
            95.64984,
            -114.84762,
            7.2386966
        ],
        [
            159.17838,
            -309.93695,
            459.72882,
            95.4849,
            -116.70199,
            8.240855
        ],
        [
            163.36731,
            -306.08438,
            460.4261,
            95.403275,
            -117.5682,
            8.721782
        ],
        [
            167.99944,
            -301.6604,
            461.2352,
            95.327896,
            -118.552246,
            9.243785
        ],
        [
            174.46898,
            -295.23682,
            462.36383,
            95.21966,
            -119.97397,
            9.998812
        ],
        [
            181.0888,
            -288.27664,
            463.45337,
            95.09168,
            -121.46278,
            10.803426
        ],
        [
            184.94586,
            -284.06665,
            464.14008,
            95.03184,
            -122.3707,
            11.269664
        ],
        [
            188.97249,
            -279.4988,
