{
    "CMD": 7022,
    "motion_trajectory": [
        [
            -10.539032,
            -396.028,
            319.44614,
            78.33634,
            -89.24981,
            13.004004
        ],
        [
            -10.539255,
            -396.02795,
            319.44614,
            78.33668,
            -89.24991,
            13.003576
        ],
        [
            -10.539249,
            -396.02844,
            319.44638,
            78.32804,
            -89.24983,
            13.012271
        ],
        [
            -10.539531,
            -396.02844,
            319.44675,
            78.322586,
            -89.24973,
            13.017692
        ],
        [
            -10.538818,
            -396.028,
            319.44623,
            78.33239,
            -89.2498,
            13.00797
        ],
        [
            -10.539226,
            -396.02844,
            319.4465,
            78.32493,
            -89.24977,
            13.015396
        ],
        [
            -10.538993,
            -396.02805,
            319.44608,
            78.33078,
            -89.249825,
            13.009594
        ],
        [
            -10.539211,
            -396.02847,
            319.44632,
            78.32247,
            -89.24985,
            13.017862
        ],
        [
            -10.539378,
            -396.02838,
            319.44678,
            78.31424,
            -89.24979,
            13.026027
        ],
        [
            -10.537887,
            -396.02646,
            319.4477,
            78.25613,
            -89.24784,
            13.0855055
        ],
        [
            -10.535739,
            -396.026,
            319.4544,
            77.97995,
            -89.24587,
            13.362927
        ],
        [
            -10.535583,
            -396.02628,
            319.45642,
            77.909164,
            -89.24547,
            13.433974
        ],
        [
            -10.535359,
            -396.026,
            319.45596,
            77.918846,
            -89.24559,
            13.42423
        ],
        [
            -10.53551,
            -396.02625,
            319.4559,
            77.91492,
            -89.24558,
            13.427194
        ],
        [
            -10.535567,
            -396.02673,
            319.45612,
            77.91498,
            -89.24555,
            13.42813
        ],
        [
            -10.535011,
            -396.0263,
            319.45596,
            77.91846,
            -89.245575,
            13.424746
        ],
        [
            -10.534845,
            -396.02582,
            319.45663,
            77.92742,
            -89.24564,
            13.415766
        ],
        [
            -10.535787,
            -396.02618,
            319.4651,
            77.9385,
            -89.245514,
            13.404421
        ],
        [
            -10.537513,
            -396.02396,
            319.48996,
            78.02614,
            -89.245514,
            13.316025
        ],
        [
            -10.53726,
            -396.01044,
            319.65024,
            77.86447,
            -89.24314,
            13.476339
        ],
        [
            -10.538285,
            -395.99603,
            320.06937,
            77.406364,
            -89.24052,
            13.930274
        ],
        [
            -10.541618,
            -395.9883,
            320.6328,
            77.2623,
            -89.23821,
            14.069898
        ],
        [
            -10.539097,
            -395.98492,
            321.0808,
            77.265236,
            -89.23902,
            14.064587
        ],
        [
            -10.5119915,
            -395.97815,
            322.19882,
            77.392265,
            -89.24268,
            13.937615
        ],
        [
            -10.499487,
            -395.96857,
            322.87775,
            77.58064,
            -89.24422,
            13.750409
        ],
        [
            -10.48827,
            -395.9557,
            323.61124,
            77.986084,
            -89.24543,
            13.346088
        ],
        [
            -10.478376,
            -395.95383,
            325.12183,
            79.03278,
            -89.253204,
            12.296671
        ],
        [
            -10.47575,
            -395.95584,
            326.18478,
            79.44597,
            -89.25821,
            11.881717
        ],
        [
            -10.45955,
            -395.9681,
            327.99384,
            79.328384,
            -89.25971,
            12.000907
        ],
        [
            -10.395832,
            -395.95633,
            330.7152,
            78.45464,
            -89.259926,
            12.883192
        ],
        [
            -10.360331,
            -395.94543,
            332.93115,
            78.70288,
            -89.256035,
            12.637017
        ],
        [
            -10.353931,
            -395.9471,
            334.51993,
            78.96496,
            -89.24999,
            12.374435
        ],
        [
            -10.342951,
            -395.94626,
            336.21805,
            78.92802,
            -89.25122,
            12.409659
        ],
        [
            -10.311226,
            -395.93756,
            338.95703,
            78.713844,
            -89.25655,
            12.627294
        ],
        [
            -10.290311,
            -395.94144,
            340.7909,
            78.84081,
            -89.25774,
            12.501571
        ],
        [
            -10.246489,
            -395.9426,
            344.35458,
            78.69763,
            -89.24225,
            12.646167
        ],
        [
            -10.19667,
            -395.93408,
            348.10104,
            78.00984,
            -89.2393,
            13.337858
        ],
        [
            -10.179835,
            -395.93515,
            350.80777,
            78.33071,
            -89.24356,
            13.012561
        ],
        [
            -10.124937,
            -395.91663,
            354.22382,
            78.49742,
            -89.243744,
            12.845871
        ],
        [
            -10.070266,
            -395.91174,
            359.0799,
            77.99503,
            -89.243286,
            13.345435
        ],
        [
            -10.001738,
            -395.89386,
            363.82758,
            77.968475,
            -89.23871,
            13.375394
        ],
        [
            -9.967836,
            -395.89,
            366.1486,
            78.494225,
            -89.242546,
            12.849097
        ],
        [
            -9.919882,
            -395.87518,
            369.0807,
            78.136215,
            -89.24114,
            13.2105
        ],
        [
            -9.842868,
            -395.8509,
            373.85458,
            77.794586,
            -89.22969,
            13.553893
        ],
        [
            -9.814504,
            -395.84183,
            376.5354,
            77.63803,
            -89.23211,
            13.713309
        ],
        [
            -9.777806,
            -395.84106,
            379.1261,
            78.04185,
            -89.23671,
            13.310914
        ],
        [
            -9.74102,
            -395.83994,
            381.80283,
            78.419685,
            -89.23481,
            12.931156
        ],
        [
            -9.674674,
            -395.80634,
            386.45447,
            77.77446,
            -89.22972,
            13.579044
        ],
        [
            -9.635248,
            -395.8095,
            389.13733,
            77.49858,
            -89.223495,
            13.85543
        ],
        [
            -9.607573,
            -395.81525,
            391.04294,
            77.393486,
            -89.22572,
            13.963709
        ],
        [
            -9.57757,
