{
    "CMD": 7022,
    "motion_trajectory": [
        [
            -10.5395,
            -396.0303,
            319.45258,
            78.12755,
            -89.249435,
            13.212637
        ],
        [
            -10.539234,
            -396.03018,
            319.45215,
            78.13299,
            -89.24947,
            13.20733
        ],
        [
            -10.539091,
            -396.02997,
            319.45197,
            78.14013,
            -89.249466,
            13.200183
        ],
        [
            -10.538222,
            -396.0313,
            319.4603,
            77.846756,
            -89.24401,
            13.49523
        ],
        [
            -10.537973,
            -396.03156,
            319.461,
            77.85402,
            -89.244156,
            13.488017
        ],
        [
            -10.549735,
            -396.0285,
            319.999,
            76.88758,
            -89.23495,
            14.443693
        ],
        [
            -10.511273,
            -396.0025,
            322.0939,
            77.379395,
            -89.24413,
            13.948071
        ],
        [
            -10.481353,
            -395.97464,
            325.1418,
            79.17029,
            -89.25172,
            12.162125
        ],
        [
            -10.392523,
            -395.9781,
            330.4528,
            77.99576,
            -89.25519,
            13.346998
        ],
        [
            -10.34065,
            -395.96005,
            336.02448,
            78.72401,
            -89.246994,
            12.615401
        ],
        [
            -10.22051,
            -395.9394,
            344.73407,
            78.28072,
            -89.23511,
            13.0686455
        ],
        [
            -10.105056,
            -395.94528,
            354.46674,
            77.924324,
            -89.23692,
            13.422008
        ],
        [
            -9.940916,
            -395.90045,
            366.09454,
            78.56692,
            -89.2399,
            12.780678
        ],
        [
            -9.765322,
            -395.8495,
            378.6031,
            77.827225,
            -89.23526,
            13.530397
        ],
        [
            -9.642752,
            -395.83795,
            389.0638,
            77.84178,
            -89.22607,
            13.511977
        ],
        [
            -9.492504,
            -395.7885,
            398.22556,
            77.69024,
            -89.21959,
            13.6767025
        ],
        [
            -9.37217,
            -395.78394,
            407.715,
            77.81668,
            -89.225296,
            13.550203
        ],
        [
            -9.279231,
            -395.76303,
            415.0713,
            77.988556,
            -89.218094,
            13.379883
        ],
        [
            -9.186563,
            -395.75055,
            420.96075,
            77.602036,
            -89.218864,
            13.769628
        ],
        [
            -9.1256895,
            -395.7388,
            425.36298,
            77.310486,
            -89.21603,
            14.064396
        ],
        [
            -9.093108,
            -395.71436,
            427.625,
            77.91059,
            -89.20969,
            13.4674225
        ],
        [
            -9.057781,
            -395.7272,
            428.80615,
            77.89811,
            -89.22026,
            13.475894
        ],
        [
            -9.053165,
            -395.7247,
            428.9187,
            77.90746,
            -89.220535,
            13.46884
        ],
        [
            -9.05873,
            -395.72485,
            428.91727,
            77.91759,
            -89.22134,
            13.457816
        ]
    ]
}