{
    "CMD": 7021,
    "motion_trajectory": [
        [
            -9.113577,
            -395.73633,
            428.9046,
            77.762955,
            -89.220535,
            13.613656
        ],
        [
            -9.113201,
            -395.73587,
            428.90485,
            77.75901,
            -89.22067,
            13.617575
        ],
        [
            -9.113257,
            -395.73618,
            428.90497,
            77.75358,
            -89.220604,
            13.623068
        ],
        [
            -9.11369,
            -395.73615,
            428.90482,
            77.75901,
            -89.22067,
            13.617529
        ],
        [
            -9.113354,
            -395.7355,
            428.90454,
            77.76055,
            -89.220665,
            13.616052
        ],
        [
            -9.113392,
            -395.7361,
            428.90445,
            77.7614,
            -89.22061,
            13.61525
        ],
        [
            -9.113043,
            -395.73587,
            428.90457,
            77.75847,
            -89.22076,
            13.618119
        ],
        [
            -9.113043,
            -395.73587,
            428.90457,
            77.75847,
            -89.22076,
            13.618119
        ],
        [
            -9.112719,
            -395.73584,
            428.90512,
            77.73589,
            -89.219955,
            13.6412
        ],
        [
            -9.110385,
            -395.73563,
            428.9046,
            77.69272,
            -89.21828,
            13.68545
        ],
        [
            -9.090046,
            -395.72086,
            428.87384,
            77.48248,
            -89.209236,
            13.902175
        ],
        [
            -9.070598,
            -395.70996,
            428.7443,
            77.073044,
            -89.19737,
            14.318608
        ],
        [
            -9.083264,
            -395.73,
            428.40613,
            76.85223,
            -89.187485,
            14.543049
        ],
        [
            -9.112187,
            -395.75714,
            427.64883,
            77.204185,
            -89.18657,
            14.195735
        ],
        [
            -9.137661,
            -395.76794,
            426.65985,
            77.41238,
            -89.18295,
            13.986886
        ],
        [
            -9.139541,
            -395.77695,
            425.53015,
            77.011604,
            -89.18101,
            14.386933
        ],
        [
            -9.164806,
            -395.79715,
            422.87106,
            76.561745,
            -89.19195,
            14.832661
        ],
        [
            -9.185459,
            -395.801,
            420.83932,
            76.6885,
            -89.20266,
            14.700034
        ],
        [
            -9.202021,
            -395.78378,
            418.70187,
            76.97378,
            -89.21003,
            14.409894
        ],
        [
            -9.225806,
            -395.77048,
            415.75372,
            76.81297,
            -89.21424,
            14.567422
        ],
        [
            -9.273835,
            -395.77435,
            412.7212,
            77.11119,
            -89.21938,
            14.26454
        ],
        [
            -9.30659,
            -395.78088,
            410.42618,
            77.14394,
            -89.2134,
            14.228035
        ],
        [
            -9.355503,
            -395.80115,
            407.53323,
            76.96026,
            -89.21494,
            14.413189
        ],
        [
            -9.426539,
            -395.79156,
            403.02963,
            77.599495,
            -89.22649,
            13.769303
        ],
        [
            -9.508128,
            -395.81735,
            397.14325,
            77.32898,
            -89.22488,
            14.033683
        ],
        [
            -9.582032,
            -395.832,
            392.11813,
            77.44407,
            -89.22364,
            13.918666
        ],
        [
            -9.636414,
            -395.83044,
            387.16022,
            77.664505,
            -89.23211,
            13.698279
        ],
        [
            -9.68477,
            -395.84412,
            383.07727,
            77.636314,
            -89.22479,
            13.726097
        ],
        [
            -9.754346,
            -395.86154,
            379.43015,
            77.338486,
            -89.225006,
            14.019718
        ],
        [
            -9.884055,
            -395.88663,
            370.897,
            77.89102,
            -89.2402,
            13.459991
        ],
        [
            -9.913191,
            -395.8886,
            368.63165,
            77.911316,
            -89.23642,
            13.436688
        ],
        [
            -9.958895,
            -395.89746,
            366.27966,
            77.51808,
            -89.233475,
            13.827413
        ],
        [
            -10.054827,
            -395.94525,
            360.36002,
            78.187836,
            -89.23929,
            13.155359
        ],
        [
            -10.128283,
            -395.94724,
            354.38876,
            77.785255,
            -89.24195,
            13.553178
        ],
        [
            -10.176732,
            -395.96402,
            350.46066,
            77.83693,
            -89.24547,
            13.499356
        ],
        [
            -10.242795,
            -395.98868,
            347.002,
            78.39922,
            -89.247475,
            12.936549
        ],
        [
            -10.276853,
            -395.9957,
            344.24832,
            77.8153,
            -89.245605,
            13.521604
        ],
        [
            -10.300602,
            -396.00125,
            341.55573,
            77.821,
            -89.23932,
            13.519726
        ],
        [
            -10.360785,
            -396.0282,
            338.46808,
            78.2965,
            -89.24482,
            13.038908
        ],
        [
            -10.3977585,
            -396.02222,
            335.58627,
            78.32124,
            -89.25521,
            13.012719
        ],
        [
            -10.411133,
            -396.01382,
            333.17615,
            78.09868,
            -89.25348,
            13.236576
        ],
        [
            -10.430358,
            -396.00455,
            331.1347,
            78.70951,
            -89.25385,
            12.623232
        ],
        [
            -10.449133,
            -396.00305,
            328.5812,
            78.538315,
            -89.25554,
            12.796682
        ],
        [
            -10.484554,
            -396.00726,
            326.68716,
            78.246445,
            -89.254524,
            13.087542
        ],
        [
            -10.522394,
            -396.02808,
            324.76022,
            78.64319,
            -89.26171,
            12.687597
        ],
        [
            -10.5322,
            -396.0226,
            323.27136,
            78.982574,
            -89.25733,
            12.3513975
        ],
        [
            -10.538365,
            -396.01944,
            322.13287,
            78.695,
            -89.249664,
            12.641882
        ],
        [
            -10.542373,
            -396.0342,
            321.0995,
            78.417786,
            -89.249825,
            12.918249
        ],
        [
            -10.561161,
            -396.04828,
            320.3188,
            78.25969,
            -89.25397,
            13.072768
        ],
        [
            -10.581068,
            -396.04758,
            319.7549,
            78.31364,
            -89.25913,
            13.016303
        ],
        [
            -10.589866,
