{
    "CMD": 7022,
    "motion_trajectory": [
        [
            -10.539143,
            -396.0299,
            319.4522,
            78.1135,
            -89.24954,
            13.226813
        ],
        [
            -10.540054,
            -396.0308,
            319.45245,
            78.11014,
            -89.24941,
            13.230066
        ],
        [
            -10.539887,
            -396.03055,
            319.45236,
            78.112465,
            -89.24945,
            13.2277355
        ],
        [
            -10.539413,
            -396.03018,
            319.45245,
            78.11334,
            -89.24934,
            13.22701
        ],
        [
            -10.539498,
            -396.0304,
            319.45227,
            78.114494,
            -89.24938,
            13.223859
        ],
        [
            -10.53919,
            -396.0299,
            319.45203,
            78.12225,
            -89.24951,
            13.218036
        ],
        [
            -10.539737,
            -396.0303,
            319.45245,
            78.11727,
            -89.249405,
            13.22455
        ],
        [
            -10.539885,
            -396.02994,
            319.45212,
            78.11715,
            -89.24945,
            13.223114
        ],
        [
            -10.53983,
            -396.03088,
            319.45245,
            78.114494,
            -89.24938,
            13.225758
        ],
        [
            -10.539462,
            -396.02988,
            319.45264,
            78.11364,
            -89.249435,
            13.226613
        ],
        [
            -10.539109,
            -396.0311,
            319.45618,
            77.97207,
            -89.246796,
            13.369186
        ],
        [
            -10.537342,
            -396.03107,
            319.46088,
            77.80527,
            -89.24493,
            13.536673
        ],
        [
            -10.536838,
            -396.03073,
            319.46066,
            77.80382,
            -89.244804,
            13.538294
        ],
        [
            -10.537246,
            -396.0314,
            319.4609,
            77.79891,
            -89.2447,
            13.543147
        ],
        [
            -10.536647,
            -396.0309,
            319.46054,
            77.809616,
            -89.244896,
            13.532467
        ],
        [
            -10.536804,
            -396.03116,
            319.4609,
            77.80588,
            -89.244774,
            13.536201
        ],
        [
            -10.537293,
            -396.03165,
            319.4608,
            77.800964,
            -89.2449,
            13.541163
        ],
        [
            -10.536443,
            -396.0309,
            319.46182,
            77.80294,
            -89.244896,
            13.539197
        ],
        [
            -10.537615,
            -396.03134,
            319.47333,
            77.77634,
            -89.244514,
            13.565471
        ],
        [
            -10.538853,
            -396.03043,
            319.5093,
            77.75224,
            -89.244286,
            13.588413
        ],
        [
            -10.541215,
            -396.02927,
            319.61014,
            77.530556,
            -89.24246,
            13.807442
        ],
        [
            -10.55013,
            -396.0327,
            319.92957,
            77.01335,
            -89.24023,
            14.317674
        ],
        [
            -10.553933,
            -396.0293,
            320.4623,
            76.62604,
            -89.23796,
            14.698836
        ],
        [
            -10.552128,
            -396.02646,
            320.84125,
            76.55616,
            -89.23786,
            14.766163
        ],
        [
            -10.526342,
            -396.0123,
            321.77423,
            76.83139,
            -89.24091,
            14.490426
        ],
        [
            -10.497793,
            -395.99506,
            323.05847,
            77.09064,
            -89.24578,
            14.234045
        ],
        [
            -10.482667,
            -395.97623,
            324.3382,
            77.958496,
            -89.24809,
            13.367761
        ],
        [
            -10.479351,
            -395.97363,
            325.23917,
            78.652756,
            -89.25322,
            12.672306
        ],
        [
            -10.469698,
            -395.97617,
            327.1059,
            79.24756,
            -89.259796,
            12.077264
        ],
        [
            -10.451524,
            -395.96997,
            328.43793,
            78.93684,
            -89.2581,
            12.391135
        ],
        [
            -10.41109,
            -395.95996,
            330.46106,
            78.40125,
            -89.26022,
            12.9327
        ],
        [
            -10.387582,
            -395.9545,
            331.96838,
            78.42076,
            -89.258484,
            12.915326
        ],
        [
            -10.358705,
            -395.9523,
            334.6783,
            79.14484,
            -89.25286,
            12.192243
        ],
        [
            -10.325281,
            -395.9456,
            337.68225,
            78.76655,
            -89.25514,
            12.571084
        ],
        [
            -10.3079815,
            -395.938,
            339.34933,
            78.628006,
            -89.25811,
            12.713001
        ],
        [
            -10.266104,
            -395.94116,
            342.93787,
            78.72612,
            -89.24842,
            12.616912
        ],
        [
            -10.214893,
            -395.93546,
            346.61838,
            78.07624,
            -89.23925,
            13.270551
        ],
        [
            -10.1839905,
            -395.94205,
            350.28442,
            78.13761,
            -89.24363,
            13.205969
        ],
        [
            -10.129323,
            -395.9234,
            354.11182,
            78.553635,
            -89.24475,
            12.789798
        ],
        [
            -10.072959,
            -395.9174,
            358.7287,
            78.05418,
            -89.24258,
            13.285704
        ],
        [
            -10.014038,
            -395.89407,
            362.78802,
            77.66959,
            -89.23709,
            13.67306
        ],
        [
            -9.958344,
            -395.89456,
            366.5936,
            78.52097,
            -89.24223,
            12.822985
        ],
        [
            -9.917511,
            -395.87616,
            369.3352,
            78.22494,
            -89.24326,
            13.1216955
        ],
        [
            -9.840906,
            -395.8568,
            374.39578,
            77.710434,
            -89.229485,
            13.638117
        ],
        [
            -9.802602,
            -395.84525,
            377.18442,
            77.40494,
            -89.23364,
            13.9480915
        ],
        [
            -9.737306,
            -395.841,
            382.0419,
            78.189384,
            -89.2334,
            13.161939
        ],
        [
            -9.671668,
            -395.80698,
            386.7891,
            77.721436,
            -89.22901,
            13.630549
        ],
        [
            -9.599978,
            -395.8152,
            391.41742,
            77.34681,
            -89.22821,
            14.009443
        ],
        [
            -9.555997,
            -395.8124,
            395.14252,
            77.91702,
            -89.231895,
            13.441293
        ],
        [
            -9.507161,
            -395.79855,
            398.08194,
            77.71917,
            -89.22075,
            13.643726
        ],
        [
            -9.426549,
