{
    "CMD": 7022,
    "motion_trajectory": [
        [
            -10.536037,
            -396.02298,
            319.4488,
            78.172615,
            -89.24922,
            13.169338
        ],
        [
            -10.53589,
            -396.02322,
            319.44888,
            78.17113,
            -89.24913,
            13.170865
        ],
        [
            -10.536104,
            -396.02313,
            319.44913,
            78.16826,
            -89.24925,
            13.173643
        ],
        [
            -10.53637,
            -396.02356,
            319.4492,
            78.1704,
            -89.24914,
            13.171434
        ],
        [
            -10.536454,
            -396.02374,
            319.449,
            78.17156,
            -89.24918,
            13.170224
        ],
        [
            -10.536379,
            -396.02356,
            319.44894,
            78.17188,
            -89.24922,
            13.169953
        ],
        [
            -10.53637,
            -396.02368,
            319.44943,
            78.17116,
            -89.24923,
            13.170568
        ],
        [
            -10.536149,
            -396.02377,
            319.44876,
            78.172195,
            -89.24932,
            13.16964
        ],
        [
            -10.536596,
            -396.024,
            319.4492,
            78.16528,
            -89.24914,
            13.176517
        ],
        [
            -10.536786,
            -396.02563,
            319.4516,
            78.09255,
            -89.24737,
            13.249721
        ],
        [
            -10.536939,
            -396.0285,
            319.45847,
            77.8538,
            -89.243866,
            13.489322
        ],
        [
            -10.536499,
            -396.02783,
            319.4586,
            77.85509,
            -89.24377,
            13.488095
        ],
        [
            -10.536493,
            -396.02832,
            319.45883,
            77.84744,
            -89.24363,
            13.488393
        ],
        [
            -10.536701,
            -396.0287,
            319.45853,
            77.8535,
            -89.24382,
            13.489619
        ],
        [
            -10.536625,
            -396.0285,
            319.45847,
            77.8538,
            -89.243866,
            13.4893675
        ],
        [
            -10.536541,
            -396.0284,
            319.46106,
            77.85745,
            -89.243835,
            13.485677
        ],
        [
            -10.540683,
            -396.03064,
            319.5042,
            77.847336,
            -89.24267,
            13.49415
        ],
        [
            -10.550203,
            -396.03738,
            319.6582,
            77.48417,
            -89.2382,
            13.85293
        ],
        [
            -10.557918,
            -396.04477,
            319.80334,
            77.233345,
            -89.23692,
            14.099526
        ],
        [
            -10.570214,
            -396.05316,
            320.39038,
            76.59359,
            -89.233665,
            14.72835
        ],
        [
            -10.567179,
            -396.04907,
            321.16443,
            76.48339,
            -89.23242,
            14.833932
        ],
        [
            -10.553157,
            -396.04224,
            321.70413,
            76.58735,
            -89.23399,
            14.729913
        ],
        [
            -10.5357485,
            -396.03848,
            322.3284,
            76.63153,
            -89.237625,
            14.686993
        ],
        [
            -10.52193,
            -396.02444,
            323.00757,
            76.78414,
            -89.24028,
            14.535853
        ],
        [
            -10.511804,
            -396.00592,
            323.8813,
            77.39841,
            -89.24233,
            13.923484
        ],
        [
            -10.496015,
            -395.99057,
            325.4677,
            78.55837,
            -89.2502,
            12.764319
        ],
        [
            -10.482575,
            -395.98523,
            326.6435,
            79.04137,
            -89.25615,
            12.281832
        ],
        [
            -10.470192,
            -395.98883,
            327.651,
            79.14122,
            -89.25696,
            12.184308
        ],
        [
            -10.448941,
            -395.98172,
            328.73114,
            78.74349,
            -89.25533,
            12.586077
        ],
        [
            -10.393388,
            -395.96234,
            330.92487,
            78.14775,
            -89.255936,
            13.189775
        ],
        [
            -10.360573,
            -395.95096,
            332.98642,
            78.47708,
            -89.2546,
            12.861415
        ],
        [
            -10.341558,
            -395.94675,
            335.82965,
            79.00676,
            -89.251076,
            12.330758
        ],
        [
            -10.315148,
            -395.9359,
            337.74393,
            78.94622,
            -89.25549,
            12.393379
        ],
        [
            -10.295881,
            -395.93262,
            339.3997,
            78.70631,
            -89.25729,
            12.636614
        ],
        [
            -10.281679,
            -395.93848,
            341.21982,
            78.82332,
            -89.25389,
            12.520289
        ],
        [
            -10.2405,
            -395.9365,
            344.6854,
            78.41025,
            -89.238594,
            12.934717
        ],
        [
            -10.207632,
            -395.92233,
            346.72147,
            78.083565,
            -89.23629,
            13.265087
        ],
        [
            -10.190088,
            -395.93652,
            349.6169,
            78.05851,
            -89.24014,
            13.287215
        ],
        [
            -10.154504,
            -395.93088,
            352.60422,
            78.46592,
            -89.24303,
            12.877336
        ],
        [
            -10.115173,
            -395.92383,
            354.78394,
            78.45567,
            -89.24254,
            12.889134
        ],
        [
            -10.090781,
            -395.9201,
            357.06406,
            78.36805,
            -89.24268,
            12.975251
        ],
        [
            -10.060827,
            -395.90924,
            359.3571,
            78.14263,
            -89.24306,
            13.197448
        ],
        [
            -9.9969225,
            -395.88876,
            363.10098,
            77.88735,
            -89.23747,
            13.458055
        ],
        [
            -9.933373,
            -395.883,
            367.7006,
            78.40168,
            -89.241516,
            12.944659
        ],
        [
            -9.864571,
            -395.86035,
            372.02396,
            77.95248,
            -89.23313,
            13.396428
        ],
        [
            -9.797831,
            -395.8422,
            377.19263,
            77.39433,
            -89.23217,
            13.958999
        ],
        [
            -9.734481,
            -395.83783,
            381.81024,
            78.28249,
            -89.233734,
            13.069665
        ],
        [
            -9.680614,
            -395.8082,
            385.67126,
            77.898674,
            -89.23022,
            13.456082
        ],
        [
            -9.591271,
            -395.81683,
            391.6589,
            77.25499,
            -89.22716,
            14.103286
        ],
        [
            -9.565362,
            -395.8166,
            393.94162,
            77.59838,
            -89.23298,
            13.760513
        ],
        [
            -9.541922,
