{
    "CMD": 7022,
    "motion_trajectory": [
        [
            -10.538861,
            -396.02982,
            319.4516,
            78.11818,
            -89.24955,
            13.222281
        ],
        [
            -10.538884,
            -396.02982,
            319.4515,
            78.12212,
            -89.24956,
            13.21832
        ],
        [
            -10.539389,
            -396.03006,
            319.4515,
            78.12374,
            -89.249535,
            13.216644
        ],
        [
            -10.538815,
            -396.02914,
            319.45117,
            78.13191,
            -89.249626,
            13.208527
        ],
        [
            -10.539213,
            -396.0298,
            319.45166,
            78.12374,
            -89.249535,
            13.216644
        ],
        [
            -10.538947,
            -396.02982,
            319.45148,
            78.131645,
            -89.24956,
            13.208766
        ],
        [
            -10.53894,
            -396.02985,
            319.45105,
            78.1315,
            -89.24967,
            13.208919
        ],
        [
            -10.539312,
            -396.02997,
            319.45166,
            78.12652,
            -89.249565,
            13.206434
        ],
        [
            -10.539088,
            -396.02957,
            319.45096,
            78.133835,
            -89.2497,
            13.206542
        ],
        [
            -10.539686,
            -396.0305,
            319.4512,
            78.129616,
            -89.249626,
            13.210698
        ],
        [
            -10.539197,
            -396.03064,
            319.45242,
            78.08493,
            -89.247055,
            13.256213
        ],
        [
            -10.537868,
            -396.0308,
            319.45618,
            78.00653,
            -89.243355,
            13.335041
        ],
        [
            -10.5376,
            -396.03088,
            319.4557,
            78.004845,
            -89.2431,
            13.336861
        ],
        [
            -10.537793,
            -396.0313,
            319.45605,
            77.99269,
            -89.24312,
            13.34899
        ],
        [
            -10.537591,
            -396.03088,
            319.45593,
            77.999115,
            -89.243286,
            13.34259
        ],
        [
            -10.5376425,
            -396.03107,
            319.45612,
            77.996605,
            -89.243126,
            13.345064
        ],
        [
            -10.537821,
            -396.03076,
            319.46432,
            77.9752,
            -89.243126,
            13.366366
        ],
        [
            -10.542324,
            -396.02945,
            319.58124,
            77.8461,
            -89.24046,
            13.491896
        ],
        [
            -10.549839,
            -396.03323,
            319.89606,
            77.38209,
            -89.237335,
            13.948991
        ],
        [
            -10.550618,
            -396.02264,
            320.66437,
            77.01412,
            -89.234245,
            14.309276
        ],
        [
            -10.532397,
            -396.01004,
            321.56775,
            77.2099,
            -89.236664,
            14.111816
        ],
        [
            -10.50676,
            -395.9984,
            322.79126,
            77.433556,
            -89.24161,
            13.890809
        ],
        [
            -10.48985,
            -395.98087,
            324.25504,
            78.21258,
            -89.243935,
            13.113284
        ],
        [
            -10.4817705,
            -395.9696,
            325.95178,
            79.161285,
            -89.25258,
            12.163085
        ],
        [
            -10.441581,
            -395.96906,
            329.10403,
            78.858315,
            -89.25589,
            12.471314
        ],
        [
            -10.411216,
            -395.9625,
            330.3489,
            78.526794,
            -89.25779,
            12.807024
        ],
        [
            -10.363559,
            -395.94736,
            332.8285,
            78.85524,
            -89.25497,
            12.481543
        ],
        [
            -10.350739,
            -395.9528,
            335.41693,
            79.18956,
            -89.25021,
            12.146475
        ],
        [
            -10.315286,
            -395.93845,
            338.42307,
            78.83776,
            -89.25575,
            12.50069
        ],
        [
            -10.293651,
            -395.94806,
            340.66492,
            78.91361,
            -89.25588,
            12.427716
        ],
        [
            -10.272234,
            -395.94815,
            342.28036,
            78.94398,
            -89.25076,
            12.3979645
        ],
        [
            -10.242433,
            -395.94507,
            344.4524,
            78.55959,
            -89.23858,
            12.784283
        ],
        [
            -10.197376,
            -395.93747,
            348.21252,
            78.18744,
            -89.23659,
            13.16097
        ],
        [
            -10.164017,
            -395.93213,
            352.02734,
            78.56131,
            -89.24129,
            12.78265
        ],
        [
            -10.125607,
            -395.92923,
            354.4399,
            78.64978,
            -89.24278,
            12.693996
        ],
        [
            -10.05712,
            -395.913,
            359.04462,
            78.0976,
            -89.2416,
            13.2436695
        ],
        [
            -10.000992,
            -395.89767,
            362.88596,
            77.85403,
            -89.23709,
            13.490739
        ],
        [
            -9.958739,
            -395.88968,
            365.97348,
            78.3428,
            -89.24016,
            13.001596
        ],
        [
            -9.888202,
            -395.87918,
            371.28503,
            77.97391,
            -89.234215,
            13.3726
        ],
        [
            -9.822002,
            -395.8515,
            376.11548,
            77.62522,
            -89.23041,
            13.725483
        ],
        [
            -9.74791,
            -395.84244,
            380.96466,
            78.3945,
            -89.23537,
            12.9574375
        ],
        [
            -9.691433,
            -395.81796,
            385.58984,
            77.942024,
            -89.231476,
            13.410981
        ],
        [
            -9.621795,
            -395.8182,
            390.0007,
            77.55842,
            -89.22616,
            13.796246
        ],
        [
            -9.562105,
            -395.814,
            394.22626,
            77.845764,
            -89.23179,
            13.513088
        ],
        [
            -9.504131,
            -395.795,
            398.34448,
            77.55961,
            -89.21873,
            13.803778
        ],
        [
            -9.43911,
            -395.7692,
            401.92743,
            77.54809,
            -89.21874,
            13.818541
        ],
        [
            -9.415189,
            -395.78217,
            405.70575,
            77.3835,
            -89.21807,
            13.981028
        ],
        [
            -9.361128,
            -395.77173,
            408.84338,
            77.754005,
            -89.22726,
            13.610287
        ],
        [
            -9.279134,
            -395.74023,
            413.55374,
            77.518105,
            -89.21209,
            13.854929
        ],
        [
            -9.256508,
            -395.747,
            415.8309,
            77.7913,
            -89.21627,
            13.57945
        ],
        [
            -9.226374,
