{
    "CMD": 7022,
    "motion_trajectory": [
        [
            -10.539378,
            -396.03046,
            319.45218,
            78.116585,
            -89.24935,
            13.2235775
        ],
        [
            -10.539426,
            -396.03046,
            319.452,
            78.12448,
            -89.249374,
            13.215656
        ],
        [
            -10.5392685,
            -396.03024,
            319.45163,
            78.12743,
            -89.24955,
            13.212703
        ],
        [
            -10.539203,
            -396.03052,
            319.452,
            78.12247,
            -89.24938,
            13.217763
        ],
        [
            -10.539531,
            -396.03052,
            319.45215,
            78.12323,
            -89.24941,
            13.216942
        ],
        [
            -10.539126,
            -396.03036,
            319.4519,
            78.12279,
            -89.24942,
            13.217495
        ],
        [
            -10.53935,
            -396.03027,
            319.4519,
            78.12309,
            -89.24952,
            13.217096
        ],
        [
            -10.53925,
            -396.0301,
            319.45193,
            78.11946,
            -89.24955,
            13.22079
        ],
        [
            -10.539182,
            -396.02948,
            319.45215,
            78.10527,
            -89.24859,
            13.235559
        ],
        [
            -10.536099,
            -396.02722,
            319.45538,
            77.929726,
            -89.24705,
            13.412616
        ],
        [
            -10.535209,
            -396.0269,
            319.4578,
            77.84635,
            -89.24651,
            13.496442
        ],
        [
            -10.5353365,
            -396.02713,
            319.45782,
            77.83937,
            -89.24644,
            13.503453
        ],
        [
            -10.5352125,
            -396.02737,
            319.4578,
            77.84099,
            -89.246414,
            13.501866
        ],
        [
            -10.534799,
            -396.02673,
            319.45712,
            77.847466,
            -89.24653,
            13.495449
        ],
        [
            -10.535479,
            -396.02747,
            319.46042,
            77.83531,
            -89.246574,
            13.507429
        ],
        [
            -10.537371,
            -396.02307,
            319.54553,
            77.768875,
            -89.24549,
            13.571446
        ],
        [
            -10.538068,
            -396.01074,
            319.79346,
            77.42281,
            -89.24101,
            13.914769
        ],
        [
            -10.53841,
            -395.99155,
            320.31665,
            76.975876,
            -89.23744,
            14.357729
        ],
        [
            -10.539372,
            -395.98694,
            320.86902,
            76.90025,
            -89.23723,
            14.429599
        ],
        [
            -10.517163,
            -395.97845,
            321.9142,
            77.05681,
            -89.24108,
            14.272221
        ],
        [
            -10.500956,
            -395.97183,
            322.6735,
            77.14208,
            -89.24497,
            14.188565
        ],
        [
            -10.486246,
            -395.95718,
            323.96518,
            77.86538,
            -89.24829,
            13.465565
        ],
        [
            -10.471689,
            -395.9553,
            325.72284,
            78.9152,
            -89.25645,
            12.413545
        ],
        [
            -10.462269,
            -395.95767,
            326.64288,
            79.26793,
            -89.26021,
            12.060285
        ],
        [
            -10.452102,
            -395.9629,
            327.8211,
            79.26698,
            -89.25948,
            12.062678
        ],
        [
            -10.433153,
            -395.95648,
            328.87476,
            78.86564,
            -89.25948,
            12.467341
        ],
        [
            -10.388046,
            -395.94498,
            331.191,
            78.383965,
            -89.25967,
            12.955114
        ],
        [
            -10.355614,
            -395.93723,
            333.75598,
            79.11766,
            -89.25496,
            12.221626
        ],
        [
            -10.331818,
            -395.94113,
            336.7861,
            78.988075,
            -89.255356,
            12.349442
        ],
        [
            -10.29403,
            -395.93542,
            340.0531,
            78.718,
            -89.25922,
            12.624693
        ],
        [
            -10.25271,
            -395.94168,
            343.68906,
            78.645065,
            -89.24488,
            12.699023
        ],
        [
            -10.200179,
            -395.9285,
            347.003,
            78.02195,
            -89.23988,
            13.3273
        ],
        [
            -10.172162,
            -395.9368,
            351.3737,
            78.41193,
            -89.244606,
            12.930644
        ],
        [
            -10.114865,
            -395.9202,
            354.76514,
            78.26115,
            -89.24303,
            13.082773
        ],
        [
            -10.072771,
            -395.91507,
            359.1463,
            78.0441,
            -89.24478,
            13.295161
        ],
        [
            -10.001097,
            -395.89554,
            363.68716,
            77.93872,
            -89.238045,
            13.405401
        ],
        [
            -9.930957,
            -395.88046,
            368.62192,
            78.264305,
            -89.24156,
            13.081312
        ],
        [
            -9.846033,
            -395.85794,
            374.12238,
            77.67466,
            -89.23116,
            13.673974
        ],
        [
            -9.794023,
            -395.84625,
            377.97412,
            77.55184,
            -89.235306,
            13.801061
        ],
        [
            -9.718978,
            -395.83112,
            383.59204,
            77.95095,
            -89.23114,
            13.4016
        ],
        [
            -9.685469,
            -395.8136,
            385.71436,
            77.822556,
            -89.230225,
            13.531428
        ],
        [
            -9.614079,
            -395.8139,
            390.18585,
            77.42248,
            -89.22517,
            13.93265
        ],
        [
            -9.551282,
            -395.80933,
            395.2043,
            77.907486,
            -89.23179,
            13.451798
        ],
        [
            -9.500014,
            -395.78665,
            398.823,
            77.64162,
            -89.220146,
            13.721923
        ],
        [
            -9.424262,
            -395.7805,
            402.70404,
            77.75082,
            -89.22406,
            13.613898
        ],
        [
            -9.393461,
            -395.77988,
            406.4057,
            77.47284,
            -89.22307,
            13.894005
        ],
        [
            -9.341929,
            -395.77002,
            409.76483,
            77.71245,
            -89.226944,
            13.653232
        ],
        [
            -9.300008,
            -395.74713,
            412.37604,
            77.52491,
            -89.213394,
            13.846438
        ],
        [
            -9.2621975,
            -395.7456,
            415.15848,
            77.77046,
            -89.21334,
            13.601419
        ],
        [
            -9.225036,
            -395.73825,
            417.51764,
            77.66763,
            -89.21975,
            13.702536
        ],
        [
            -9.195223,
