{
    "CMD": 8000,
    "motion_trajectory": [
        [
            -275.49664,
            -183.71436,
            701.0712,
            -72.30452,
            88.40892,
            105.02189
        ],
        [
            -275.49664,
            -183.7144,
            701.0714,
            -72.304085,
            88.408806,
            105.02232
        ],
        [
            -275.49634,
            -183.71437,
            701.07184,
            -72.30197,
            88.408844,
            105.02443
        ],
        [
            -275.49698,
            -183.71437,
            701.0713,
            -72.305756,
            88.40899,
            105.02066
        ],
        [
            -275.4964,
            -183.7142,
            701.07245,
            -72.29928,
            88.408875,
            105.02711
        ],
        [
            -275.4966,
            -183.71436,
            701.0728,
            -72.29738,
            88.40909,
            105.02903
        ],
        [
            -275.49658,
            -183.71434,
            701.07214,
            -72.29809,
            88.40915,
            105.02831
        ],
        [
            -275.49756,
            -183.71387,
            701.0722,
            -72.30155,
            88.40918,
            105.024765
        ],
        [
            -275.49713,
            -183.71397,
            701.0725,
            -72.29863,
            88.40926,
            105.0277
        ],
        [
            -275.49716,
            -183.71391,
            701.0734,
            -72.29555,
            88.40924,
            105.03078
        ],
        [
            -275.49704,
            -183.71443,
            701.0727,
            -72.29766,
            88.41,
            105.02882
        ],
        [
            -275.48935,
            -183.71085,
            701.08716,
            -72.25389,
            88.411476,
            105.071976
        ],
        [
            -275.36905,
            -183.69135,
            701.1194,
            -72.310135,
            88.416245,
            105.01279
        ],
        [
            -275.10843,
            -183.68318,
            701.14606,
            -72.27806,
            88.41438,
            105.04377
        ],
        [
            -274.4836,
            -183.70622,
            701.204,
            -72.26402,
            88.40682,
            105.06416
        ],
        [
            -273.35953,
            -183.79321,
            701.27057,
            -72.183044,
            88.38953,
            105.165276
        ],
        [
            -272.58557,
            -183.86174,
            701.3167,
            -71.98058,
            88.380806,
            105.38337
        ],
        [
            -270.88034,
            -184.01736,
            701.43945,
            -71.39951,
            88.36157,
            106.001015
        ],
        [
            -269.62445,
            -184.12442,
            701.55896,
            -70.82745,
            88.34888,
            106.59971
        ],
        [
            -268.65717,
            -184.20702,
            701.6498,
            -70.354225,
            88.33921,
            107.09407
        ],
        [
            -266.17734,
            -184.40854,
            701.9044,
            -69.194916,
            88.31066,
            108.30907
        ],
        [
            -263.38937,
            -184.59285,
            702.1559,
            -68.02358,
            88.29133,
            109.54071
        ],
        [
            -261.47098,
            -184.70074,
            702.2901,
            -67.38847,
            88.28126,
            110.21736
        ],
        [
            -259.0195,
            -184.81883,
            702.4323,
            -66.823296,
            88.2585,
            110.83588
        ],
        [
            -255.83353,
            -184.92404,
            702.6225,
            -65.92925,
            88.23211,
            111.796196
        ],
        [
            -253.67035,
            -184.96677,
            702.7555,
            -65.15584,
            88.21766,
            112.61304
        ],
        [
            -251.14865,
            -184.97737,
            702.9178,
            -64.292816,
            88.199165,
            113.52405
        ],
        [
            -247.64555,
            -184.9496,
            703.0156,
            -63.527355,
            88.178505,
            114.35733
        ],
        [
            -243.67854,
            -184.79788,
            703.1941,
            -62.24404,
            88.15833,
            115.706375
        ],
        [
            -241.06573,
            -184.6609,
            703.2612,
            -61.43156,
            88.14004,
            116.56191
        ],
        [
            -236.58826,
            -184.35912,
            703.3515,
            -60.14135,
            88.116295,
            117.928055
        ],
        [
            -233.77963,
            -184.08766,
            703.35175,
            -59.530834,
            88.11501,
            118.583984
        ],
        [
            -230.54335,
            -183.69234,
            703.34235,
            -58.74866,
            88.11157,
            119.41181
        ],
        [
            -227.74306,
            -183.27216,
            703.3346,
            -58.060726,
            88.10675,
            120.13407
        ],
        [
            -225.21591,
            -182.837,
            703.2419,
            -57.590107,
            88.11197,
            120.63356
        ],
        [
            -223.30914,
            -182.47263,
            703.1753,
            -57.27956,
            88.11206,
            120.96485
        ],
        [
            -221.08295,
            -181.99907,
            703.12854,
            -56.58612,
            88.118774,
            121.67827
        ],
        [
            -220.23392,
            -181.80087,
            703.0973,
            -56.31358,
            88.1234,
            121.95672
        ],
        [
            -219.32214,
            -181.58235,
            703.05597,
            -56.075653,
            88.12996,
            122.201935
        ],
        [
            -218.41241,
            -181.36153,
            702.9967,
            -56.006325,
            88.13505,
            122.28101
        ],
        [
            -217.20515,
            -181.02101,
            702.97534,
            -55.68946,
            88.142555,
            122.60517
        ],
        [
            -216.24416,
            -180.73752,
            702.9531,
            -55.34483,
            88.1553,
            122.95789
        ],
        [
            -215.82948,
            -180.62498,
            702.9131,
            -55.252293,
            88.16086,
            123.055984
        ],
        [
            -215.47781,
            -180.52216,
            702.86475,
            -55.22338,
            88.17064,
            123.08981
        ],
        [
            -214.90884,
            -180.34293,
            702.8065,
            -55.044636,
            88.18414,
            123.27354
        ],
        [
            -214.57399,
            -180.23376,
            702.7973,
            -54.90786,
            88.19196,
            123.41284
        ],
        [
            -214.14471,
            -180.10463,
            702.803,
            -54.76013,
            88.20432,
            123.56558
        ],
        [
            -213.8046,
            -180.03455,
            702.8395,
            -54.59368,
            88.20973,
            123.73891
        ],
        [
            -213.19583,
            -179.93417,
            703.0115,
            -53.78344,
            88.20738,
            124.55858
        ],
        [
            -212.4676,
            -179.88461,
            703.2627,
            -53.0912,
            88.21783,
            125.280205
        ],
        [
