{
    "CMD": 7001,
    "motion_trajectory": [
        [
            -78.81218,
            -188.12291,
            714.05035,
            -72.60422,
            89.98888,
            105.17229
        ],
        [
            -78.81194,
            -188.123,
            714.0502,
            -73.06612,
            89.988785,
            104.71043
        ],
        [
            -78.81213,
            -188.1229,
            714.0499,
            -73.02549,
            89.988785,
            104.75099
        ],
        [
            -78.81177,
            -188.12308,
            714.05,
            -73.164825,
            89.98873,
            104.61175
        ],
        [
            -78.81237,
            -188.12296,
            714.0496,
            -73.59479,
            89.98877,
            104.18174
        ],
        [
            -78.81179,
            -188.123,
            714.0504,
            -72.61464,
            89.988754,
            105.161865
        ],
        [
            -78.81212,
            -188.12299,
            714.0503,
            -73.164825,
            89.98873,
            104.6117
        ],
        [
            -78.81231,
            -188.12291,
            714.04987,
            -73.2409,
            89.9888,
            104.53562
        ],
        [
            -78.815605,
            -188.1213,
            714.05,
            -66.55574,
            89.98973,
            111.22036
        ],
        [
            -78.82226,
            -188.11862,
            714.05225,
            -55.985172,
            89.98884,
            121.790276
        ],
        [
            -78.848976,
            -188.10971,
            714.06226,
            -37.00732,
            89.98307,
            140.76677
        ],
        [
            -78.979095,
            -188.08115,
            714.08575,
            -33.675377,
            89.97095,
            144.09991
        ],
        [
            -79.13048,
            -188.05133,
            714.1122,
            -34.818836,
            89.96539,
            142.96109
        ],
        [
            -79.3534,
            -188.00842,
            714.1506,
            -35.026585,
            89.96293,
            142.76134
        ],
        [
            -80.17654,
            -187.85265,
            714.29254,
            -27.472189,
            89.960014,
            150.35155
        ],
        [
            -80.90245,
            -187.71263,
            714.4402,
            -17.563448,
            89.94971,
            160.29591
        ],
        [
            -81.91786,
            -187.51402,
            714.6633,
            -11.847693,
            89.92784,
            166.05661
        ],
        [
            -82.75814,
            -187.3499,
            714.83856,
            -7.554173,
            89.91161,
            170.38737
        ],
        [
            -83.889656,
            -187.13069,
            715.0732,
            -2.7275634,
            89.88275,
            175.26091
        ],
        [
            -85.6319,
            -186.80116,
            715.43463,
            1.03634,
            89.84047,
            179.10399
        ],
        [
            -87.24677,
            -186.50444,
            715.7569,
            -177.50533,
            90.19393,
            0.631143
        ],
        [
            -89.08667,
            -186.17784,
            716.0792,
            -176.43451,
            90.22609,
            1.780883
        ],
        [
            -91.2545,
            -185.79489,
            716.4581,
            -176.11684,
            90.27065,
            2.182317
        ],
        [
            -93.889206,
            -185.34747,
            716.88947,
            -177.88753,
            90.327835,
            0.50789
        ],
        [
            -96.58153,
            -184.90453,
            717.31323,
            -177.49287,
            90.379036,
            1.0034252
        ],
        [
            -99.296486,
            -184.47041,
            717.6943,
            -177.22289,
            90.43019,
            1.3625443
        ],
        [
            -102.33296,
            -184.00394,
            718.05676,
            -176.93057,
            90.4842,
            1.7464777
        ],
        [
            -104.71136,
            -183.65404,
            718.31696,
            -176.94511,
            90.525055,
            1.8019848
        ],
        [
            -107.168915,
            -183.30432,
            718.57227,
            -177.31882,
            90.57324,
            1.4977233
        ],
        [
            -108.736855,
            -183.08572,
            718.716,
            -177.44847,
            90.600784,
            1.4092469
        ],
        [
            -113.04287,
            -182.51778,
            719.06696,
            -178.17809,
            90.66657,
            0.78819305
        ],
        [
            -116.91547,
            -182.03284,
            719.28613,
            0.72313446,
            89.27533,
            179.76955
        ],
        [
            -121.10113,
            -181.53938,
            719.44507,
            0.4541098,
            89.22311,
            179.58083
        ],
        [
            -125.23404,
            -181.08841,
            719.48914,
            0.010694909,
            89.171036,
            179.20465
        ],
        [
            -129.54315,
            -180.6605,
            719.47095,
            -0.8055108,
            89.119835,
            178.45044
        ],
        [
            -136.03186,
            -180.09293,
            719.28357,
            -2.9975386,
            89.058655,
            176.3288
        ],
        [
            -139.99648,
            -179.77681,
            719.0957,
            -4.4385185,
            89.01538,
            174.91467
        ],
        [
            -144.81526,
            -179.43936,
            718.801,
            -5.819907,
            88.968666,
            173.55759
        ],
        [
            -147.60818,
            -179.26015,
            718.60895,
            -6.643032,
            88.935196,
            172.74048
        ],
        [
            -152.46378,
            -179.0071,
            718.12524,
            -8.790748,
            88.90659,
            170.59831
        ],
        [
            -157.58488,
            -178.78177,
            717.50964,
            -11.796102,
            88.86619,
            167.57916
        ],
        [
            -162.07893,
            -178.62547,
            716.8772,
            -14.09732,
            88.82905,
            165.25615
        ],
        [
            -166.46878,
            -178.52101,
            716.1443,
            -16.472149,
            88.79896,
            162.85039
        ],
        [
            -172.58046,
            -178.43604,
            714.9539,
            -20.420753,
            88.77427,
            158.83849
        ],
        [
            -176.02344,
            -178.43263,
            714.2715,
            -22.958654,
            88.74325,
            156.25302
        ],
        [
            -178.20728,
            -178.45392,
            713.8232,
            -24.609652,
            88.72019,
            154.5667
        ],
        [
            -182.00742,
            -178.54431,
            712.9908,
            -27.849699,
            88.68757,
            151.26051
        ],
        [
            -184.14592,
            -178.62096,
            712.49994,
            -29.759626,
            88.67423,
            149.31085
        ],
        [
            -187.94852,
            -178.78629,
            711.63165,
            -32.86826,
            88.64649,
            146.12143
        ],
        [
            -191.67444,
            -179.0112,
            710.7425,
            -36.339695,
            88.610504,
            142.5663
        ],
        [
