{
    "CMD": 7011,
    "motion_trajectory": [
        [
            -78.81223,
            -188.12311,
            714.0498,
            -73.59102,
            89.98854,
            104.185455
        ],
        [
            -78.81251,
            -188.12303,
            714.04944,
            -73.802635,
            89.988556,
            103.97379
        ],
        [
            -78.81295,
            -188.12297,
            714.0491,
            -74.30158,
            89.98853,
            103.474846
        ],
        [
            -78.812416,
            -188.12308,
            714.0494,
            -73.569336,
            89.98855,
            104.20711
        ],
        [
            -78.81281,
            -188.12291,
            714.0488,
            -73.72321,
            89.988556,
            104.053185
        ],
        [
            -78.812805,
            -188.123,
            714.0492,
            -74.124344,
            89.98847,
            103.652115
        ],
        [
            -78.81206,
            -188.12305,
            714.0499,
            -73.050934,
            89.988556,
            104.72548
        ],
        [
            -78.8131,
            -188.12294,
            714.049,
            -74.5537,
            89.98855,
            103.222694
        ],
        [
            -78.8129,
            -188.12292,
            714.04877,
            -74.30158,
            89.98853,
            103.4748
        ],
        [
            -78.813545,
            -188.12209,
            714.05,
            -68.180214,
            89.9897,
            109.596016
        ],
        [
            -78.817986,
            -188.1205,
            714.0493,
            -63.80269,
            89.989494,
            113.97314
        ],
        [
            -78.8346,
            -188.1149,
            714.05365,
            -47.43967,
            89.98752,
            130.33522
        ],
        [
            -78.98134,
            -188.08168,
            714.07684,
            -34.996,
            89.973564,
            142.78004
        ],
        [
            -79.392784,
            -188.0011,
            714.15247,
            -32.685852,
            89.96602,
            145.10425
        ],
        [
            -80.03959,
            -187.87749,
            714.2645,
            -25.76843,
            89.96447,
            152.04837
        ],
        [
            -80.85276,
            -187.72151,
            714.4291,
            -15.77818,
            89.952774,
            162.07866
        ],
        [
            -81.884125,
            -187.52141,
            714.65015,
            -11.2694845,
            89.93176,
            166.63362
        ],
        [
            -82.704,
            -187.36061,
            714.82043,
            -7.1594324,
            89.91479,
            170.77994
        ],
        [
            -83.84321,
            -187.13957,
            715.05664,
            -2.790942,
            89.88507,
            175.19669
        ],
        [
            -84.71939,
            -186.97354,
            715.23804,
            -1.1186687,
            89.86358,
            176.90898
        ],
        [
            -86.06625,
            -186.72032,
            715.5282,
            1.3308568,
            89.828674,
            179.41812
        ],
        [
            -87.92238,
            -186.38176,
            715.89185,
            -177.02467,
            90.2082,
            1.1416637
        ],
        [
            -89.08938,
            -186.17549,
            716.08997,
            -175.97249,
            90.22695,
            2.2423182
        ],
        [
            -91.191734,
            -185.80598,
            716.45166,
            -175.70566,
            90.26819,
            2.591373
        ],
        [
            -93.66264,
            -185.38553,
            716.8575,
            -177.37242,
            90.32266,
            1.0158591
        ],
        [
            -96.68307,
            -184.88791,
            717.32324,
            -177.1763,
            90.379684,
            1.3243467
        ],
        [
            -99.095436,
            -184.50308,
            717.6591,
            -177.08539,
            90.425125,
            1.494288
        ],
        [
            -101.03586,
            -184.20273,
            717.9057,
            -176.89499,
            90.46142,
            1.744641
        ],
        [
            -103.798744,
            -183.78923,
            718.21716,
            -176.93506,
            90.50902,
            1.7869538
        ],
        [
            -107.19114,
            -183.30197,
            718.57733,
            -177.50429,
            90.57461,
            1.3128941
        ],
        [
            -110.567184,
            -182.83832,
            718.8781,
            -177.69775,
            90.63112,
            1.206484
        ],
        [
            -114.15176,
            -182.37212,
            719.1543,
            -178.2812,
            90.686485,
            0.7087005
        ],
        [
            -118.03065,
            -181.89706,
            719.3365,
            0.46264362,
            89.26008,
            179.53003
        ],
        [
            -121.96475,
            -181.44354,
            719.4672,
            0.40425932,
            89.209564,
            179.54703
        ],
        [
            -126.140114,
            -180.99644,
            719.4938,
            -0.20592704,
            89.15861,
            179.00232
        ],
        [
            -130.5051,
            -180.57439,
            719.4451,
            -1.3072512,
            89.10773,
            177.96022
        ],
        [
            -135.32144,
            -180.14896,
            719.30865,
            -2.808134,
            89.064095,
            176.50941
        ],
        [
            -140.75525,
            -179.72018,
            719.0392,
            -4.847812,
            89.00884,
            174.50903
        ],
        [
            -145.81432,
            -179.37167,
            718.72943,
            -6.1020117,
            88.95898,
            173.27797
        ],
        [
            -152.35725,
            -179.01314,
            718.1311,
            -8.773901,
            88.90884,
            170.6153
        ],
        [
            -156.87198,
            -178.81253,
            717.60156,
            -11.402741,
            88.87161,
            167.97629
        ],
        [
            -159.7339,
            -178.69966,
            717.2229,
            -12.948127,
            88.84803,
            166.41801
        ],
        [
            -162.00847,
            -178.62016,
            716.89545,
            -14.019801,
            88.82876,
            165.33192
        ],
        [
            -164.60696,
            -178.5496,
            716.47534,
            -15.366594,
            88.8077,
            163.96658
        ],
        [
            -166.61958,
            -178.50577,
            716.129,
            -16.453285,
            88.798515,
            162.86488
        ],
        [
            -169.59181,
            -178.45868,
            715.56006,
            -18.284597,
            88.79034,
            161.00761
        ],
        [
            -173.49445,
            -178.43129,
            714.7788,
            -21.013666,
            88.76572,
            158.2339
        ],
        [
            -179.5783,
            -178.4843,
            713.51404,
            -25.85105,
            88.706825,
            153.30252
        ],
        [
            -183.42574,
            -178.59541,
            712.66223,
            -29.112719,
            88.679115,
            149.97173
        ],
        [
            -187.74756,
            -178.77783,
            711.6801,
            -32.674904,
            88.648735,
            146.31969
        ],
        [
