{
    "CMD": 8000,
    "motion_trajectory": [
        [
            -275.4949,
            -183.7127,
            701.08386,
            -72.23978,
            88.410126,
            105.08629
        ],
        [
            -275.49533,
            -183.71243,
            701.08344,
            -72.23925,
            88.41012,
            105.086754
        ],
        [
            -275.4952,
            -183.71219,
            701.08374,
            -72.240166,
            88.41007,
            105.08579
        ],
        [
            -275.49533,
            -183.71251,
            701.0832,
            -72.242226,
            88.410034,
            105.08379
        ],
        [
            -275.49567,
            -183.71245,
            701.0831,
            -72.24385,
            88.41004,
            105.08216
        ],
        [
            -275.49564,
            -183.7125,
            701.08295,
            -72.2438,
            88.41004,
            105.08222
        ],
        [
            -275.495,
            -183.71254,
            701.0833,
            -72.24309,
            88.40998,
            105.08294
        ],
        [
            -275.49515,
            -183.7123,
            701.0834,
            -72.240654,
            88.41002,
            105.08532
        ],
        [
            -275.49518,
            -183.71269,
            701.0834,
            -72.23915,
            88.40995,
            105.08689
        ],
        [
            -275.4951,
            -183.7133,
            701.0822,
            -72.2438,
            88.41035,
            105.082405
        ],
        [
            -275.49332,
            -183.71295,
            701.0835,
            -72.23796,
            88.41023,
            105.08817
        ],
        [
            -275.48804,
            -183.71245,
            701.0856,
            -72.23903,
            88.40927,
            105.08699
        ],
        [
            -275.4593,
            -183.70958,
            701.08234,
            -72.31445,
            88.405754,
            105.011086
        ],
        [
            -275.38263,
            -183.70354,
            701.0763,
            -72.43029,
            88.40281,
            104.89433
        ],
        [
            -275.13824,
            -183.69804,
            701.085,
            -72.535065,
            88.3988,
            104.78915
        ],
        [
            -274.7642,
            -183.70683,
            701.1212,
            -72.57153,
            88.39684,
            104.75573
        ],
        [
            -274.3576,
            -183.73303,
            701.1504,
            -72.58338,
            88.390945,
            104.75021
        ],
        [
            -273.93185,
            -183.76654,
            701.1786,
            -72.56169,
            88.38711,
            104.77979
        ],
        [
            -273.34125,
            -183.81448,
            701.21185,
            -72.50559,
            88.37925,
            104.84695
        ],
        [
            -272.25397,
            -183.91673,
            701.28485,
            -72.168846,
            88.37014,
            105.207054
        ],
        [
            -271.05566,
            -184.02895,
            701.3943,
            -71.61284,
            88.3578,
            105.78922
        ],
        [
            -269.72644,
            -184.13818,
            701.5208,
            -71.01199,
            88.34699,
            106.41743
        ],
        [
            -267.87643,
            -184.30177,
            701.71436,
            -70.03666,
            88.32408,
            107.43461
        ],
        [
            -266.54007,
            -184.40782,
            701.8711,
            -69.32617,
            88.312035,
            108.175
        ],
        [
            -264.81824,
            -184.52711,
            702.0455,
            -68.50238,
            88.302124,
            109.03604
        ],
        [
            -262.93616,
            -184.64363,
            702.2132,
            -67.68869,
            88.291374,
            109.89025
        ],
        [
            -260.8311,
            -184.75903,
            702.36346,
            -66.96512,
            88.27819,
            110.65958
        ],
        [
            -258.97226,
            -184.84138,
            702.46844,
            -66.608215,
            88.26248,
            111.056526
        ],
        [
            -257.14148,
            -184.91306,
            702.5777,
            -66.1161,
            88.247826,
            111.58843
        ],
        [
            -255.07564,
            -184.9757,
            702.6881,
            -65.50984,
            88.23159,
            112.23856
        ],
        [
            -252.7061,
            -185.00667,
            702.8562,
            -64.609184,
            88.21874,
            113.18609
        ],
        [
            -251.01996,
            -185.01106,
            702.94305,
            -64.13615,
            88.20406,
            113.692215
        ],
        [
            -249.32603,
            -185.00212,
            702.99994,
            -63.696037,
            88.193535,
            114.16453
        ],
        [
            -247.01709,
            -184.97098,
            703.0624,
            -63.11793,
            88.17844,
            114.786064
        ],
        [
            -243.9921,
            -184.84502,
            703.2096,
            -62.10221,
            88.163605,
            115.85062
        ],
        [
            -241.89806,
            -184.73184,
            703.27795,
            -61.42772,
            88.149956,
            116.55751
        ],
        [
            -238.89328,
            -184.55896,
            703.32184,
            -60.63145,
            88.13033,
            117.40573
        ],
        [
            -236.59947,
            -184.37747,
            703.36884,
            -59.97637,
            88.12103,
            118.09826
        ],
        [
            -234.59666,
            -184.1888,
            703.38794,
            -59.476883,
            88.12006,
            118.63047
        ],
        [
            -232.04321,
            -183.89418,
            703.36957,
            -58.91543,
            88.11954,
            119.22844
        ],
        [
            -229.7268,
            -183.57954,
            703.35876,
            -58.479958,
            88.11449,
            119.69473
        ],
        [
            -226.7121,
            -183.1096,
            703.31555,
            -57.685005,
            88.11017,
            120.524506
        ],
        [
            -223.91249,
            -182.60492,
            703.2332,
            -57.128902,
            88.1135,
            121.11273
        ],
        [
            -221.29657,
            -182.05724,
            703.15015,
            -56.53516,
            88.11995,
            121.731064
        ],
        [
            -219.57939,
            -181.65515,
            703.0665,
            -56.11612,
            88.128975,
            122.1626
        ],
        [
            -218.02881,
            -181.26381,
            702.9892,
            -55.90298,
            88.138374,
            122.38911
        ],
        [
            -216.8755,
            -180.92989,
            702.98315,
            -55.53198,
            88.14561,
            122.76626
        ],
        [
            -216.33513,
            -180.76758,
            702.9543,
            -55.3815,
            88.15548,
            122.92127
        ],
        [
            -215.89429,
            -180.64317,
            702.9204,
            -55.258286,
            88.160904,
            123.04924
        ],
        [
            -215.28001,
            -180.45834,
            702.8476,
            -55.130238,
            88.17722,
            123.18428
        ],
        [
