{
    "CMD": 7011,
    "motion_trajectory": [
        [
            -78.81246,
            -188.12311,
            714.0497,
            -73.645935,
            89.988495,
            104.130554
        ],
        [
            -78.8126,
            -188.123,
            714.049,
            -73.64652,
            89.98861,
            104.12992
        ],
        [
            -78.81254,
            -188.12303,
            714.04913,
            -73.52963,
            89.98855,
            104.246796
        ],
        [
            -78.81244,
            -188.123,
            714.0498,
            -73.186615,
            89.988464,
            104.589775
        ],
        [
            -78.81254,
            -188.12303,
            714.04913,
            -73.60642,
            89.988495,
            104.170006
        ],
        [
            -78.811844,
            -188.12305,
            714.0503,
            -72.533195,
            89.988525,
            105.243256
        ],
        [
            -78.811935,
            -188.12315,
            714.0495,
            -73.186615,
            89.988464,
            104.58986
        ],
        [
            -78.81248,
            -188.12305,
            714.0492,
            -73.76293,
            89.988556,
            104.01353
        ],
        [
            -78.81194,
            -188.12314,
            714.04944,
            -73.45593,
            89.98859,
            104.32059
        ],
        [
            -78.8147,
            -188.12169,
            714.0501,
            -66.6558,
            89.989845,
            111.12033
        ],
        [
            -78.82654,
            -188.11752,
            714.0501,
            -54.530678,
            89.98842,
            123.244354
        ],
        [
            -78.89931,
            -188.0975,
            714.0656,
            -34.628117,
            89.97727,
            143.14511
        ],
        [
            -79.02044,
            -188.0729,
            714.08704,
            -34.80693,
            89.97022,
            142.96872
        ],
        [
            -79.437485,
            -187.99225,
            714.16437,
            -35.088154,
            89.96344,
            142.70204
        ],
        [
            -79.73646,
            -187.93637,
            714.21136,
            -34.06893,
            89.963875,
            143.73372
        ],
        [
            -80.07644,
            -187.87141,
            714.2716,
            -29.778479,
            89.96141,
            148.03908
        ],
        [
            -80.41432,
            -187.80734,
            714.3357,
            -25.82736,
            89.95811,
            152.00677
        ],
        [
            -81.40733,
            -187.61478,
            714.5402,
            -14.956205,
            89.93976,
            162.92506
        ],
        [
            -82.1568,
            -187.46782,
            714.7031,
            -11.217799,
            89.92427,
            166.6968
        ],
        [
            -83.33194,
            -187.2387,
            714.94257,
            -5.0682015,
            89.89869,
            172.89674
        ],
        [
            -83.96401,
            -187.11617,
            715.0857,
            -2.8965669,
            89.879524,
            175.09628
        ],
        [
            -84.97238,
            -186.92537,
            715.2972,
            -0.44147003,
            89.85604,
            177.59741
        ],
        [
            -86.352295,
            -186.66742,
            715.59705,
            1.5514731,
            89.821335,
            179.6529
        ],
        [
            -88.171646,
            -186.33775,
            715.928,
            -176.891,
            90.21202,
            1.2858149
        ],
        [
            -90.382614,
            -185.94962,
            716.29926,
            -176.10873,
            90.249886,
            2.1578002
        ],
        [
            -92.796684,
            -185.52943,
            716.7207,
            -176.91222,
            90.305084,
            1.4431375
        ],
        [
            -95.41684,
            -185.09056,
            717.14105,
            -177.26752,
            90.3573,
            1.1875443
        ],
        [
            -97.78797,
            -184.70969,
            717.48395,
            -177.22041,
            90.39852,
            1.316693
        ],
        [
            -99.27183,
            -184.47375,
            717.6969,
            -176.95926,
            90.43044,
            1.6256454
        ],
        [
            -102.94888,
            -183.912,
            718.1277,
            -176.86615,
            90.495384,
            1.8294859
        ],
        [
            -106.05878,
            -183.45859,
            718.47626,
            -176.96237,
            90.5521,
            1.8235295
        ],
        [
            -109.00527,
            -183.04948,
            718.7401,
            -177.3243,
            90.60421,
            1.5413972
        ],
        [
            -111.023224,
            -182.7785,
            718.9111,
            -177.58273,
            90.63551,
            1.3336214
        ],
        [
            -115.14716,
            -182.24852,
            719.1981,
            -178.50946,
            90.69819,
            0.50259984
        ],
        [
            -119.282585,
            -181.75038,
            719.3881,
            0.4463426,
            89.24446,
            179.53955
        ],
        [
            -123.220856,
            -181.30278,
            719.4792,
            0.3551792,
            89.19428,
            179.51826
        ],
        [
            -127.58285,
            -180.85295,
            719.4793,
            -0.6342786,
            89.142685,
            178.59491
        ],
        [
            -131.91998,
            -180.4396,
            719.4262,
            -1.6309148,
            89.089775,
            177.65121
        ],
        [
            -136.60408,
            -180.04514,
            719.26086,
            -3.2498627,
            89.053734,
            176.07999
        ],
        [
            -141.34334,
            -179.68077,
            719.0037,
            -4.9519005,
            89.00617,
            174.40985
        ],
        [
            -146.11398,
            -179.35278,
            718.7155,
            -6.156313,
            88.95354,
            173.22461
        ],
        [
            -150.85324,
            -179.08588,
            718.3048,
            -8.073265,
            88.91052,
            171.31529
        ],
        [
            -155.83028,
            -178.85204,
            717.73267,
            -10.822295,
            88.87993,
            168.55843
        ],
        [
            -160.54305,
            -178.67557,
            717.1008,
            -13.430852,
            88.84129,
            165.93132
        ],
        [
            -165.12376,
            -178.54596,
            716.38,
            -15.656744,
            88.806694,
            163.67557
        ],
        [
            -169.07784,
            -178.47182,
            715.6522,
            -18.021904,
            88.79322,
            161.27713
        ],
        [
            -173.23846,
            -178.43729,
            714.81726,
            -20.939419,
            88.76853,
            158.31256
        ],
        [
            -178.14497,
            -178.45612,
            713.8331,
            -24.581295,
            88.72044,
            154.59657
        ],
        [
            -182.07376,
            -178.54411,
            712.97076,
            -27.902872,
            88.68868,
            151.20567
        ],
        [
            -184.18616,
            -178.62036,
            712.4862,
            -29.809633,
            88.675575,
            149.25972
        ],
        [
