{
    "CMD": 8000,
    "motion_trajectory": [
        [
            -275.20074,
            -182.75647,
            667.8602,
            -73.67611,
            87.57456,
            103.87224
        ],
        [
            -275.20093,
            -182.75624,
            667.8607,
            -73.67631,
            87.57457,
            103.87199
        ],
        [
            -275.20074,
            -182.75647,
            667.8604,
            -73.675446,
            87.5745,
            103.87291
        ],
        [
            -275.20044,
            -182.75648,
            667.8603,
            -73.675446,
            87.5745,
            103.87291
        ],
        [
            -275.20062,
            -182.75626,
            667.8607,
            -73.67535,
            87.57439,
            103.87296
        ],
        [
            -275.20078,
            -182.75647,
            667.8606,
            -73.67544,
            87.5745,
            103.87291
        ],
        [
            -275.20093,
            -182.75624,
            667.86066,
            -73.67565,
            87.5745,
            103.87266
        ],
        [
            -275.20105,
            -182.75603,
            667.8603,
            -73.676674,
            87.57452,
            103.87158
        ],
        [
            -275.20035,
            -182.75621,
            667.85986,
            -73.67738,
            87.57555,
            103.86841
        ],
        [
            -275.1907,
            -182.75734,
            667.8716,
            -73.68399,
            87.574585,
            103.863945
        ],
        [
            -275.13177,
            -182.768,
            667.9496,
            -73.67835,
            87.57371,
            103.868
        ],
        [
            -275.01508,
            -182.79631,
            668.05743,
            -73.65888,
            87.57497,
            103.88722
        ],
        [
            -274.56924,
            -182.9248,
            668.33826,
            -73.552086,
            87.57135,
            104.0015
        ],
        [
            -273.60602,
            -183.21562,
            668.86835,
            -73.25135,
            87.56067,
            104.32448
        ],
        [
            -272.02972,
            -183.70291,
            669.65295,
            -72.9159,
            87.555115,
            104.70221
        ],
        [
            -270.66873,
            -184.09193,
            670.3108,
            -72.63099,
            87.54758,
            105.01981
        ],
        [
            -269.85077,
            -184.31763,
            670.7142,
            -72.43985,
            87.538376,
            105.23012
        ],
        [
            -269.075,
            -184.51936,
            671.0822,
            -72.25496,
            87.53246,
            105.4318
        ],
        [
            -268.1485,
            -184.7523,
            671.51886,
            -72.07252,
            87.52885,
            105.63351
        ],
        [
            -266.7176,
            -185.10446,
            672.17096,
            -71.89293,
            87.52329,
            105.84358
        ],
        [
            -265.50262,
            -185.38925,
            672.75525,
            -71.69114,
            87.51972,
            106.070274
        ],
        [
            -264.50027,
            -185.61687,
            673.2026,
            -71.74861,
            87.5097,
            106.033554
        ],
        [
            -262.72635,
            -185.97615,
            674.0249,
            -71.67161,
            87.49493,
            106.1415
        ],
        [
            -260.45773,
            -186.40396,
            675.14813,
            -71.21426,
            87.48546,
            106.638275
        ],
        [
            -257.6456,
            -186.86313,
            676.58215,
            -70.60852,
            87.465904,
            107.288376
        ],
        [
            -255.8724,
            -187.11043,
            677.54285,
            -70.265236,
            87.45894,
            107.65674
        ],
        [
            -254.31195,
            -187.29416,
            678.4338,
            -70.00627,
            87.45134,
            107.934586
        ],
        [
            -252.80212,
            -187.44907,
            679.3168,
            -69.84204,
            87.4439,
            108.116516
        ],
        [
            -250.44368,
            -187.63185,
            680.824,
            -69.47307,
            87.44664,
            108.50947
        ],
        [
            -247.71881,
            -187.7145,
            682.7427,
            -69.325836,
            87.44646,
            108.67366
        ],
        [
            -246.66129,
            -187.69965,
            683.62024,
            -69.206436,
            87.45062,
            108.79558
        ],
        [
            -244.85701,
            -187.60135,
            685.2165,
            -69.11887,
            87.456924,
            108.88113
        ],
        [
            -243.26262,
            -187.41335,
            686.8458,
            -69.11585,
            87.4772,
            108.874435
        ],
        [
            -241.7707,
            -187.11264,
            688.6369,
            -69.22158,
            87.49852,
            108.7486
        ],
        [
            -240.75394,
            -186.81494,
            690.0676,
            -69.30062,
            87.51825,
            108.647964
        ],
        [
            -240.27277,
            -186.63646,
            690.8339,
            -69.415146,
            87.52845,
            108.5205
        ],
        [
            -239.5908,
            -186.33406,
            692.0502,
            -69.37734,
            87.54968,
            108.534805
        ],
        [
            -238.9922,
            -185.94676,
            693.3893,
            -69.60917,
            87.579956,
            108.27134
        ],
        [
            -238.62872,
            -185.5621,
            694.57776,
            -69.96155,
            87.60364,
            107.88481
        ],
        [
            -238.4768,
            -185.18011,
            695.6945,
            -70.43199,
            87.6372,
            107.380035
        ],
        [
            -238.47708,
            -184.84407,
            696.6873,
            -70.756805,
            87.66614,
            107.02403
        ],
        [
            -238.53006,
            -184.43129,
            697.86145,
            -71.145996,
            87.692184,
            106.59507
        ],
        [
            -238.56041,
            -184.22432,
            698.4345,
            -71.32035,
            87.70603,
            106.40081
        ],
        [
            -238.58943,
            -183.98901,
            699.0737,
            -71.45571,
            87.724045,
            106.24318
        ],
        [
            -238.5929,
            -183.72594,
            699.7632,
            -71.694275,
            87.752625,
            105.98314
        ],
        [
            -238.57288,
            -183.61499,
            700.04675,
            -71.89653,
            87.765175,
            105.77428
        ],
        [
            -238.44447,
            -183.40842,
            700.53217,
            -72.3782,
            87.79023,
            105.28435
        ],
        [
            -238.05489,
            -183.28288,
            700.9679,
            -72.289024,
            87.80327,
            105.38086
        ],
        [
            -237.49068,
            -183.21292,
            701.3313,
            -71.80863,
            87.81696,
            105.878914
        ],
        [
            -236.8086,
            -183.17221,
            701.6319,
            -71.06811,
            87.834145,
            106.643616
        ],
        [
            -236.03741,
