{
    "CMD": 8000,
    "motion_trajectory": [
        [
            -275.49124,
            -183.71458,
            701.07007,
            -72.34009,
            88.409134,
            104.98653
        ],
        [
            -275.4909,
            -183.71461,
            701.0697,
            -72.34317,
            88.40922,
            104.983475
        ],
        [
            -275.49124,
            -183.7146,
            701.06995,
            -72.34133,
            88.4092,
            104.9853
        ],
        [
            -275.49106,
            -183.71437,
            701.0699,
            -72.33949,
            88.40919,
            104.987076
        ],
        [
            -275.49142,
            -183.71443,
            701.07,
            -72.3409,
            88.40909,
            104.985695
        ],
        [
            -275.49136,
            -183.71434,
            701.0698,
            -72.33923,
            88.40918,
            104.98733
        ],
        [
            -275.4912,
            -183.7146,
            701.0692,
            -72.344475,
            88.409225,
            104.982155
        ],
        [
            -275.4912,
            -183.71465,
            701.06976,
            -72.34187,
            88.40915,
            104.984764
        ],
        [
            -275.49152,
            -183.71469,
            701.06976,
            -72.342415,
            88.409096,
            104.98423
        ],
        [
            -275.4907,
            -183.71573,
            701.0667,
            -72.36806,
            88.410645,
            104.958954
        ],
        [
            -275.48975,
            -183.7151,
            701.06836,
            -72.35595,
            88.41162,
            104.97096
        ],
        [
            -275.39957,
            -183.7059,
            701.07874,
            -72.42519,
            88.40855,
            104.90024
        ],
        [
            -275.04312,
            -183.69797,
            701.10175,
            -72.58101,
            88.405716,
            104.74425
        ],
        [
            -274.39462,
            -183.72339,
            701.156,
            -72.58743,
            88.39703,
            104.744705
        ],
        [
            -273.90265,
            -183.75896,
            701.18445,
            -72.626236,
            88.39123,
            104.714516
        ],
        [
            -272.7514,
            -183.84702,
            701.2637,
            -72.378685,
            88.37679,
            104.98251
        ],
        [
            -271.41125,
            -183.97525,
            701.35516,
            -71.94081,
            88.362946,
            105.45007
        ],
        [
            -269.87915,
            -184.1017,
            701.4925,
            -71.244705,
            88.34861,
            106.17728
        ],
        [
            -267.9605,
            -184.26152,
            701.6976,
            -70.2303,
            88.325905,
            107.23294
        ],
        [
            -264.4093,
            -184.51875,
            702.0595,
            -68.5575,
            88.295975,
            108.97471
        ],
        [
            -261.56152,
            -184.6841,
            702.28217,
            -67.45621,
            88.27998,
            110.145164
        ],
        [
            -258.1094,
            -184.83514,
            702.4854,
            -66.61817,
            88.25101,
            111.05633
        ],
        [
            -254.03163,
            -184.95544,
            702.72797,
            -65.32314,
            88.21903,
            112.437126
        ],
        [
            -251.80266,
            -184.96935,
            702.87476,
            -64.55168,
            88.2042,
            113.25112
        ],
        [
            -247.98926,
            -184.9484,
            702.99744,
            -63.65036,
            88.17961,
            114.22598
        ],
        [
            -243.79164,
            -184.79666,
            703.179,
            -62.32418,
            88.15809,
            115.62253
        ],
        [
            -239.89922,
            -184.59163,
            703.2658,
            -61.18877,
            88.13195,
            116.82285
        ],
        [
            -235.94687,
            -184.29254,
            703.36035,
            -60.006382,
            88.11211,
            118.07141
        ],
        [
            -233.84656,
            -184.08217,
            703.357,
            -59.542145,
            88.115456,
            118.568756
        ],
        [
            -230.12885,
            -183.62407,
            703.3398,
            -58.72234,
            88.10892,
            119.44122
        ],
        [
            -227.62862,
            -183.24307,
            703.3336,
            -58.049747,
            88.106026,
            120.14374
        ],
        [
            -224.94832,
            -182.7886,
            703.2346,
            -57.562805,
            88.11116,
            120.6635
        ],
        [
            -222.22034,
            -182.25182,
            703.1527,
            -57.021523,
            88.11132,
            121.2333
        ],
        [
            -220.12933,
            -181.77745,
            703.0941,
            -56.26902,
            88.123375,
            122.0014
        ],
        [
            -218.53177,
            -181.39761,
            703.00183,
            -56.030663,
            88.13276,
            122.25576
        ],
        [
            -217.97525,
            -181.25212,
            702.976,
            -56.013275,
            88.136444,
            122.279015
        ],
        [
            -217.31003,
            -181.06213,
            702.97327,
            -55.777058,
            88.14035,
            122.51882
        ],
        [
            -216.23083,
            -180.7371,
            702.9514,
            -55.366814,
            88.15498,
            122.93665
        ],
        [
            -215.6798,
            -180.578,
            702.8917,
            -55.27187,
            88.16582,
            123.03838
        ],
        [
            -215.1814,
            -180.42276,
            702.8327,
            -55.110016,
            88.18174,
            123.20538
        ],
        [
            -214.67393,
            -180.26968,
            702.8083,
            -54.904118,
            88.18985,
            123.41641
        ],
        [
            -214.20212,
            -180.1241,
            702.8097,
            -54.75228,
            88.20157,
            123.57271
        ],
        [
            -213.64507,
            -180.00748,
            702.8824,
            -54.414776,
            88.209114,
            123.920685
        ],
        [
            -212.87845,
            -179.9078,
            703.1211,
            -53.40105,
            88.21076,
            124.95212
        ],
        [
            -212.27124,
            -179.87416,
            703.32715,
            -53.015244,
            88.222755,
            125.365364
        ],
        [
            -211.68254,
            -179.80156,
            703.50055,
            -52.86335,
            88.249664,
            125.537476
        ],
        [
            -211.15671,
            -179.7348,
            703.6488,
            -52.693096,
            88.27225,
            125.72224
        ],
        [
            -210.04546,
            -179.62845,
            704.0174,
            -51.96459,
            88.31014,
            126.48388
        ],
        [
            -208.84749,
            -179.53946,
            704.4518,
            -50.969772,
            88.33978,
            127.51603
        ],
        [
            -207.35223,
            -179.42892,
            705.00494,
            -49.601322,
            88.37269,
            128.92796
        ],
        [
