{
    "CMD": 7001,
    "motion_trajectory": [
        [
            -78.81081,
            -188.11977,
            799.93085,
            -66.59642,
            89.999954,
            111.1836
        ],
        [
            -78.81095,
            -188.1197,
            799.93085,
            -137.8192,
            90.00002,
            39.960773
        ],
        [
            -78.81117,
            -188.11966,
            799.9311,
            -79.74455,
            89.99991,
            98.03542
        ],
        [
            -78.81079,
            -188.11977,
            799.931,
            -77.7308,
            89.999954,
            100.049194
        ],
        [
            -78.81081,
            -188.11972,
            799.93066,
            -70.16847,
            89.99984,
            107.611435
        ],
        [
            -78.81057,
            -188.11978,
            799.93085,
            -172.66628,
            90.00006,
            5.1136985
        ],
        [
            -78.81065,
            -188.11978,
            799.93066,
            -60.410786,
            89.99989,
            117.36916
        ],
        [
            -78.81065,
            -188.11978,
            799.93066,
            -60.410786,
            89.99989,
            117.36916
        ],
        [
            -78.81076,
            -188.11906,
            799.93256,
            -118.20825,
            90.00154,
            59.57169
        ],
        [
            -78.81831,
            -188.11708,
            799.93304,
            -107.40948,
            90.00285,
            70.37003
        ],
        [
            -78.8428,
            -188.11125,
            799.9352,
            -99.40083,
            90.00553,
            78.37775
        ],
        [
            -79.047035,
            -188.07434,
            799.928,
            -63.535404,
            90.00688,
            114.23492
        ],
        [
            -79.23657,
            -188.04355,
            799.92694,
            -28.190954,
            90.007706,
            149.5736
        ],
        [
            -79.99318,
            -187.92386,
            799.9125,
            -169.25192,
            89.97445,
            8.4962435
        ],
        [
            -80.502014,
            -187.84126,
            799.9086,
            -172.41179,
            89.963905,
            5.3265615
        ],
        [
            -81.65896,
            -187.65709,
            799.938,
            -173.52563,
            89.951225,
            4.187493
        ],
        [
            -82.4337,
            -187.5341,
            799.9688,
            2.250285,
            90.05519,
            179.9469
        ],
        [
            -83.54549,
            -187.3585,
            800.0257,
            1.1539292,
            90.06016,
            178.82368
        ],
        [
            -84.75193,
            -187.17606,
            800.08704,
            0.87724364,
            90.06898,
            178.52449
        ],
        [
            -85.85885,
            -187.0101,
            800.134,
            0.2523891,
            90.07714,
            177.87723
        ],
        [
            -87.15693,
            -186.82138,
            800.19135,
            -175.59302,
            89.91458,
            2.0052078
        ],
        [
            -89.193565,
            -186.53383,
            800.2484,
            -168.19632,
            89.900345,
            9.361293
        ],
        [
            -91.60459,
            -186.20807,
            800.28467,
            -165.43755,
            89.87858,
            12.079142
        ],
        [
            -93.23129,
            -185.9917,
            800.3052,
            -163.63168,
            89.86291,
            13.858067
        ],
        [
            -96.09932,
            -185.62029,
            800.32697,
            -161.26822,
            89.84071,
            16.173223
        ],
        [
            -97.85901,
            -185.39836,
            800.3245,
            -160.71628,
            89.83002,
            16.694927
        ],
        [
            -101.30962,
            -184.99492,
            800.29596,
            -158.0235,
            89.80544,
            19.339386
        ],
        [
            -103.280846,
            -184.77907,
            800.26654,
            -155.56497,
            89.79147,
            21.770893
        ],
        [
            -107.21111,
            -184.36635,
            800.16956,
            -152.10959,
            89.756615,
            25.175425
        ],
        [
            -109.35169,
            -184.15544,
            800.08905,
            -150.1046,
            89.73608,
            27.154783
        ],
        [
            -111.473724,
            -183.95555,
            799.9903,
            -148.27324,
            89.71448,
            28.961964
        ],
        [
            -116.19324,
            -183.54102,
            799.77295,
            -144.59451,
            89.680244,
            32.592007
        ],
        [
            -121.0615,
            -183.17079,
            799.47284,
            -139.5947,
            89.64085,
            37.550552
        ],
        [
            -125.8835,
            -182.86858,
            799.0929,
            -135.43767,
            89.59527,
            41.679035
        ],
        [
            -131.13678,
            -182.5926,
            798.6428,
            -130.64688,
            89.54502,
            46.446167
        ],
        [
            -136.50278,
            -182.35373,
            798.0909,
            -126.42599,
            89.492836,
            50.64667
        ],
        [
            -141.77187,
            -182.18309,
            797.4524,
            -123.137276,
            89.432755,
            53.927475
        ],
        [
            -147.7604,
            -182.08292,
            796.65234,
            -118.62123,
            89.35697,
            58.450794
        ],
        [
            -152.33592,
            -182.06815,
            796.0165,
            -114.47564,
            89.3021,
            62.611565
        ],
        [
            -157.7314,
            -182.08798,
            795.1551,
            -110.98657,
            89.23111,
            66.123505
        ],
        [
            -162.2166,
            -182.14795,
            794.3598,
            -108.94273,
            89.165,
            68.19307
        ],
        [
            -164.61185,
            -182.20927,
            793.91876,
            -107.58061,
            89.12672,
            69.57319
        ],
        [
            -169.70901,
            -182.41309,
            792.9225,
            -104.52162,
            89.0396,
            72.67986
        ],
        [
            -173.97493,
            -182.64886,
            792.08075,
            -101.94658,
            88.9735,
            75.301575
        ],
        [
            -178.30923,
            -182.94058,
            791.12244,
            -100.61775,
            88.898834,
            76.69221
        ],
        [
            -180.91779,
            -183.14842,
            790.5211,
            -99.894394,
            88.84729,
            77.4368
        ],
        [
            -184.64668,
            -183.509,
            789.6221,
            -98.9055,
            88.77563,
            78.47944
        ],
        [
            -188.18956,
            -183.91776,
            788.75757,
            -97.6893,
            88.70764,
            79.75199
        ],
        [
            -191.38516,
            -184.33646,
            787.9495,
            -96.85807,
            88.64302,
            80.63902
        ],
        [
            -194.36646,
            -184.75922,
            787.1769,
            -96.130035,
            88.57987,
            81.4193
        ],
        [
            -197.20975,
