{
    "CMD": 7001,
    "motion_trajectory": [
        [
            -78.81239,
            -188.12291,
            714.0499,
            -73.379486,
            89.988754,
            104.396996
        ],
        [
            -78.81188,
            -188.12303,
            714.0504,
            -72.92819,
            89.98877,
            104.84829
        ],
        [
            -78.81185,
            -188.12305,
            714.0502,
            -73.04943,
            89.98867,
            104.72707
        ],
        [
            -78.81186,
            -188.12311,
            714.0499,
            -73.55708,
            89.9887,
            104.21945
        ],
        [
            -78.811554,
            -188.12308,
            714.0504,
            -72.877,
            89.98865,
            104.89948
        ],
        [
            -78.81233,
            -188.12297,
            714.05,
            -73.438225,
            89.988754,
            104.33826
        ],
        [
            -78.81179,
            -188.12311,
            714.05023,
            -73.10769,
            89.98867,
            104.668816
        ],
        [
            -78.81153,
            -188.12312,
            714.0501,
            -73.009285,
            89.988716,
            104.767235
        ],
        [
            -78.8144,
            -188.12152,
            714.0509,
            -65.19864,
            89.98978,
            112.577415
        ],
        [
            -78.82889,
            -188.11696,
            714.04877,
            -54.609077,
            89.98888,
            123.16605
        ],
        [
            -78.86607,
            -188.1064,
            714.0561,
            -38.190258,
            89.98274,
            139.58401
        ],
        [
            -79.089165,
            -188.0605,
            714.0904,
            -37.727028,
            89.96806,
            140.05139
        ],
        [
            -79.38352,
            -188.00316,
            714.14307,
            -37.078255,
            89.96325,
            140.71048
        ],
        [
            -79.98931,
            -187.88892,
            714.24744,
            -31.492935,
            89.962296,
            146.32188
        ],
        [
            -80.78935,
            -187.7352,
            714.41284,
            -19.211163,
            89.951584,
            158.64383
        ],
        [
            -81.70456,
            -187.55785,
            714.6031,
            -14.005987,
            89.93389,
            163.88974
        ],
        [
            -82.407265,
            -187.41914,
            714.7544,
            -10.9266,
            89.91825,
            166.99988
        ],
        [
            -83.67136,
            -187.17302,
            715.0137,
            -3.9531095,
            89.88953,
            174.02657
        ],
        [
            -84.995865,
            -186.92181,
            715.2957,
            -0.86907023,
            89.85602,
            177.17067
        ],
        [
            -85.886795,
            -186.75398,
            715.4891,
            0.61321366,
            89.83334,
            178.69305
        ],
        [
            -86.71395,
            -186.60135,
            715.65625,
            1.4925811,
            89.81455,
            179.6066
        ],
        [
            -88.73414,
            -186.24022,
            716.0227,
            -176.9941,
            90.22026,
            1.2066609
        ],
        [
            -89.73245,
            -186.06519,
            716.183,
            -176.6496,
            90.23643,
            1.5909988
        ],
        [
            -92.126015,
            -185.6462,
            716.5993,
            -176.61389,
            90.287476,
            1.7173842
        ],
        [
            -93.820526,
            -185.35918,
            716.88007,
            -177.58864,
            90.3251,
            0.804294
        ],
        [
            -95.89818,
            -185.01535,
            717.2064,
            -177.4559,
            90.36573,
            1.0150664
        ],
        [
            -98.68569,
            -184.56517,
            717.61005,
            -177.17702,
            90.41712,
            1.3874017
        ],
        [
            -101.59756,
            -184.1149,
            717.9793,
            -176.76001,
            90.47244,
            1.8952477
        ],
        [
            -104.74679,
            -183.64832,
            718.3363,
            -176.78973,
            90.527756,
            1.9597216
        ],
        [
            -108.23905,
            -183.15434,
            718.685,
            -177.31001,
            90.5944,
            1.5366904
        ],
        [
            -110.19572,
            -182.88939,
            718.84796,
            -177.65813,
            90.62584,
            1.2385881
        ],
        [
            -113.90144,
            -182.40599,
            719.1377,
            -178.22818,
            90.68327,
            0.75810975
        ],
        [
            -115.88091,
            -182.15785,
            719.24646,
            -178.84448,
            90.71364,
            0.18253691
        ],
        [
            -122.13956,
            -181.42018,
            719.46954,
            0.41494113,
            89.20778,
            179.55864
        ],
        [
            -126.6954,
            -180.9394,
            719.49457,
            -0.22743449,
            89.15354,
            178.98885
        ],
        [
            -130.94916,
            -180.5316,
            719.4389,
            -1.3166052,
            89.10341,
            177.95566
        ],
        [
            -136.44482,
            -180.05563,
            719.27423,
            -3.2027504,
            89.05262,
            176.12465
        ],
        [
            -139.12709,
            -179.84233,
            719.14453,
            -4.1659336,
            89.0258,
            175.18178
        ],
        [
            -141.4088,
            -179.6748,
            719.00415,
            -4.97283,
            89.002815,
            174.38869
        ],
        [
            -146.76553,
            -179.31218,
            718.6684,
            -6.375291,
            88.945854,
            173.00697
        ],
        [
            -151.76872,
            -179.03842,
            718.19116,
            -8.535524,
            88.91123,
            170.85243
        ],
        [
            -156.5726,
            -178.82458,
            717.63025,
            -11.232762,
            88.874596,
            168.14699
        ],
        [
            -161.09825,
            -178.65245,
            717.01843,
            -13.6542635,
            88.83466,
            165.70345
        ],
        [
            -165.29071,
            -178.54018,
            716.3535,
            -15.739325,
            88.804405,
            163.59103
        ],
        [
            -167.44058,
            -178.49878,
            715.9621,
            -16.988558,
            88.79899,
            162.32567
        ],
        [
            -172.13539,
            -178.44508,
            715.0303,
            -20.153872,
            88.78036,
            159.11316
        ],
        [
            -175.84898,
            -178.43611,
            714.2968,
            -22.862284,
            88.7479,
            156.3534
        ],
        [
            -179.89809,
            -178.48863,
            713.45135,
            -26.116669,
            88.7041,
            153.03085
        ],
        [
            -183.5225,
            -178.59872,
            712.6377,
            -29.254646,
            88.67913,
            149.82819
        ],
        [
            -187.42142,
            -178.75897,
            711.76,
            -32.390656,
            88.64999,
            146.61034
        ],
        [
