{
    "CMD": 8000,
    "motion_trajectory": [
        [
            -275.2145,
            -182.73674,
            667.8566,
            -73.6997,
            87.57531,
            103.84453
        ],
        [
            -275.21396,
            -182.73677,
            667.8575,
            -73.69575,
            87.5752,
            103.84849
        ],
        [
            -275.21396,
            -182.73677,
            667.8573,
            -73.69641,
            87.57527,
            103.84782
        ],
        [
            -275.21396,
            -182.73677,
            667.8574,
            -73.695175,
            87.57526,
            103.84905
        ],
        [
            -275.21396,
            -182.73676,
            667.8574,
            -73.696976,
            87.57522,
            103.84725
        ],
        [
            -275.21362,
            -182.73677,
            667.85706,
            -73.696625,
            87.57527,
            103.84761
        ],
        [
            -275.2138,
            -182.73698,
            667.8574,
            -73.696976,
            87.57522,
            103.8473
        ],
        [
            -275.21414,
            -182.73647,
            667.8561,
            -73.70829,
            87.57581,
            103.83585
        ],
        [
            -275.21234,
            -182.73688,
            667.85486,
            -73.733635,
            87.57607,
            103.81054
        ],
        [
            -275.14838,
            -182.74681,
            667.9288,
            -73.766594,
            87.57419,
            103.775444
        ],
        [
            -275.0372,
            -182.76863,
            668.02374,
            -73.75347,
            87.57594,
            103.78717
        ],
        [
            -274.62015,
            -182.88307,
            668.2791,
            -73.7145,
            87.57428,
            103.83149
        ],
        [
            -274.24155,
            -182.99521,
            668.49817,
            -73.60517,
            87.567566,
            103.94872
        ],
        [
            -273.76907,
            -183.13849,
            668.7583,
            -73.45167,
            87.56408,
            104.11325
        ],
        [
            -272.7054,
            -183.46992,
            669.30255,
            -73.18446,
            87.562,
            104.40869
        ],
        [
            -272.05768,
            -183.66725,
            669.6097,
            -73.07643,
            87.557396,
            104.53428
        ],
        [
            -270.66653,
            -184.06844,
            670.2896,
            -72.74423,
            87.55066,
            104.90078
        ],
        [
            -268.75543,
            -184.57901,
            671.22076,
            -72.29665,
            87.53291,
            105.391495
        ],
        [
            -267.83423,
            -184.81184,
            671.64136,
            -72.15164,
            87.52755,
            105.556496
        ],
        [
            -265.42795,
            -185.38791,
            672.77997,
            -71.72175,
            87.51967,
            106.03694
        ],
        [
            -263.08078,
            -185.89078,
            673.87616,
            -71.646614,
            87.50059,
            106.1566
        ],
        [
            -260.61987,
            -186.36188,
            675.1119,
            -71.107285,
            87.48955,
            106.73904
        ],
        [
            -257.61832,
            -186.85431,
            676.6303,
            -70.52708,
            87.46838,
            107.36695
        ],
        [
            -254.8273,
            -187.22519,
            678.1606,
            -70.03868,
            87.45578,
            107.893364
        ],
        [
            -253.2547,
            -187.39171,
            679.06946,
            -69.78422,
            87.44508,
            108.165825
        ],
        [
            -250.83224,
            -187.59311,
            680.5966,
            -69.371185,
            87.44823,
            108.60426
        ],
        [
            -248.18718,
            -187.72144,
            682.4328,
            -69.08626,
            87.44394,
            108.91294
        ],
        [
            -246.30214,
            -187.69763,
            683.9652,
            -68.92686,
            87.44671,
            109.07678
        ],
        [
            -244.4293,
            -187.54765,
            685.7097,
            -68.90102,
            87.462975,
            109.09409
        ],
        [
            -242.69403,
            -187.30685,
            687.49146,
            -69.19103,
            87.482666,
            108.79124
        ],
        [
            -241.59193,
            -187.04514,
            688.8947,
            -69.27695,
            87.50313,
            108.68589
        ],
        [
            -240.4635,
            -186.69891,
            690.49927,
            -69.53309,
            87.523544,
            108.405945
        ],
        [
            -239.71164,
            -186.37881,
            691.7886,
            -69.61395,
            87.545456,
            108.300674
        ],
        [
            -239.23413,
            -186.10533,
            692.7854,
            -69.73361,
            87.57141,
            108.159874
        ],
        [
            -238.79738,
            -185.74316,
            693.944,
            -70.09868,
            87.591484,
            107.76376
        ],
        [
            -238.48053,
            -185.12344,
            695.79614,
            -70.68346,
            87.64228,
            107.12291
        ],
        [
            -238.48946,
            -184.7619,
            696.8817,
            -71.024414,
            87.67168,
            106.74909
        ],
        [
            -238.52739,
            -184.4652,
            697.73315,
            -71.22875,
            87.68977,
            106.51562
        ],
        [
            -238.56935,
            -184.16953,
            698.56586,
            -71.39665,
            87.708855,
            106.31888
        ],
        [
            -238.60161,
            -183.89143,
            699.3055,
            -71.55714,
            87.73125,
            106.132034
        ],
        [
            -238.58777,
            -183.66762,
            699.90063,
            -71.78295,
            87.7579,
            105.889946
        ],
        [
            -238.50893,
            -183.47542,
            700.3756,
            -72.2341,
            87.78342,
            105.43058
        ],
        [
            -238.25371,
            -183.32886,
            700.79755,
            -72.354805,
            87.79761,
            105.310265
        ],
        [
            -237.76689,
            -183.23482,
            701.1824,
            -72.06365,
            87.812805,
            105.614426
        ],
        [
            -237.06154,
            -183.18275,
            701.53784,
            -71.354996,
            87.82697,
            106.347664
        ],
        [
            -236.4603,
            -183.16473,
            701.7363,
            -70.776115,
            87.84308,
            106.95034
        ],
        [
            -235.8473,
            -183.16379,
            701.86676,
            -70.172195,
            87.86028,
            107.57975
        ],
        [
            -235.00598,
            -183.16916,
            701.9568,
            -69.501785,
            87.87876,
            108.28506
        ],
        [
            -234.40392,
            -183.17735,
            701.99536,
            -69.002686,
            87.88824,
            108.80893
        ],
        [
            -233.09796,
            -183.18849,
            702.1102,
            -67.933846,
            87.90447,
            109.93321
        ],
        [
