{
    "CMD": 8000,
    "motion_trajectory": [
        [
            -275.5004,
            -183.71461,
            701.0476,
            -72.389885,
            88.40874,
            104.93648
        ],
        [
            -275.5004,
            -183.71466,
            701.0478,
            -72.388855,
            88.408676,
            104.937515
        ],
        [
            -275.5,
            -183.71477,
            701.048,
            -72.3915,
            88.40881,
            104.934906
        ],
        [
            -275.5003,
            -183.7148,
            701.04803,
            -72.390205,
            88.408745,
            104.9362
        ],
        [
            -275.5003,
            -183.71475,
            701.0482,
            -72.39026,
            88.408745,
            104.93614
        ],
        [
            -275.50012,
            -183.71452,
            701.0475,
            -72.39281,
            88.40882,
            104.93355
        ],
        [
            -275.5,
            -183.7147,
            701.0483,
            -72.38972,
            88.4088,
            104.936676
        ],
        [
            -275.50052,
            -183.71443,
            701.0486,
            -72.38859,
            88.4089,
            104.93775
        ],
        [
            -275.50006,
            -183.7146,
            701.0486,
            -72.388054,
            88.40895,
            104.938324
        ],
        [
            -275.50006,
            -183.71458,
            701.0487,
            -72.38562,
            88.40899,
            104.94074
        ],
        [
            -275.5001,
            -183.71455,
            701.0495,
            -72.38437,
            88.40898,
            104.942
        ],
        [
            -275.5009,
            -183.71487,
            701.0478,
            -72.406075,
            88.41065,
            104.92051
        ],
        [
            -275.49887,
            -183.71452,
            701.04956,
            -72.3981,
            88.410645,
            104.92842
        ],
        [
            -275.46588,
            -183.70404,
            701.0893,
            -72.312035,
            88.41441,
            105.01282
        ],
        [
            -275.39795,
            -183.69609,
            701.109,
            -72.31927,
            88.41466,
            105.00441
        ],
        [
            -275.02353,
            -183.68655,
            701.14276,
            -72.48867,
            88.41365,
            104.83484
        ],
        [
            -274.28253,
            -183.72052,
            701.1919,
            -72.56326,
            88.40257,
            104.769165
        ],
        [
            -273.59784,
            -183.76895,
            701.2294,
            -72.56587,
            88.39354,
            104.778145
        ],
        [
            -272.693,
            -183.84077,
            701.28345,
            -72.36123,
            88.38133,
            104.99934
        ],
        [
            -271.58566,
            -183.94226,
            701.35205,
            -72.03496,
            88.368675,
            105.34918
        ],
        [
            -270.79486,
            -184.00719,
            701.41284,
            -71.71566,
            88.35941,
            105.684074
        ],
        [
            -269.70102,
            -184.09814,
            701.51263,
            -71.23099,
            88.34763,
            106.19141
        ],
        [
            -267.8086,
            -184.25531,
            701.70624,
            -70.24634,
            88.323494,
            107.2167
        ],
        [
            -266.03616,
            -184.39108,
            701.89154,
            -69.39223,
            88.30617,
            108.10965
        ],
        [
            -264.48138,
            -184.49576,
            702.03284,
            -68.73402,
            88.29494,
            108.80121
        ],
        [
            -263.03394,
            -184.58371,
            702.1593,
            -68.11248,
            88.28702,
            109.453575
        ],
        [
            -260.96725,
            -184.69337,
            702.2971,
            -67.455124,
            88.273155,
            110.15469
        ],
        [
            -258.29028,
            -184.80923,
            702.45245,
            -66.8309,
            88.24823,
            110.84895
        ],
        [
            -256.20554,
            -184.87335,
            702.5735,
            -66.25022,
            88.22948,
            111.45865
        ],
        [
            -253.91621,
            -184.926,
            702.7091,
            -65.466125,
            88.21558,
            112.2897
        ],
        [
            -251.80421,
            -184.94707,
            702.852,
            -64.706635,
            88.20192,
            113.09112
        ],
        [
            -248.24834,
            -184.9283,
            702.9638,
            -63.93177,
            88.17802,
            113.93435
        ],
        [
            -243.52765,
            -184.7672,
            703.1733,
            -62.425232,
            88.15094,
            115.53335
        ],
        [
            -239.8641,
            -184.56871,
            703.2562,
            -61.306046,
            88.12727,
            116.70046
        ],
        [
            -236.50299,
            -184.32545,
            703.32245,
            -60.379887,
            88.108574,
            117.683395
        ],
        [
            -234.01282,
            -184.09361,
            703.3279,
            -59.77297,
            88.11052,
            118.33234
        ],
        [
            -231.54305,
            -183.80566,
            703.32043,
            -59.16417,
            88.11026,
            118.977135
        ],
        [
            -227.27014,
            -183.18729,
            703.3018,
            -58.08476,
            88.1033,
            120.11145
        ],
        [
            -225.2657,
            -182.8392,
            703.22784,
            -57.71418,
            88.10895,
            120.505295
        ],
        [
            -223.34006,
            -182.47641,
            703.17395,
            -57.343246,
            88.10779,
            120.897865
        ],
        [
            -221.34766,
            -182.06015,
            703.12524,
            -56.756054,
            88.11576,
            121.50483
        ],
        [
            -220.10835,
            -181.77652,
            703.0892,
            -56.318832,
            88.12188,
            121.95166
        ],
        [
            -219.09242,
            -181.53151,
            703.0352,
            -56.10145,
            88.12909,
            122.177704
        ],
        [
            -218.38231,
            -181.358,
            702.994,
            -56.039993,
            88.131035,
            122.24659
        ],
        [
            -217.6607,
            -181.1617,
            702.9774,
            -55.88792,
            88.13684,
            122.40491
        ],
        [
            -217.01224,
            -180.97327,
            702.98236,
            -55.624157,
            88.14007,
            122.67223
        ],
        [
            -216.28499,
            -180.75238,
            702.95935,
            -55.365177,
            88.15264,
            122.93712
        ],
        [
            -215.90646,
            -180.64508,
            702.91486,
            -55.291706,
            88.15935,
            123.01508
        ],
        [
            -215.5559,
            -180.53679,
            702.88336,
            -55.201237,
            88.16981,
            123.10978
        ],
        [
            -215.22523,
            -180.43436,
            702.84,
            -55.102882,
            88.17986,
            123.21143
        ],
        [
            -214.9315,
