{
    "CMD": 7001,
    "motion_trajectory": [
        [
            -78.81224,
            -188.12303,
            714.0499,
            -73.28082,
            89.98869,
            104.49567
        ],
        [
            -78.81201,
            -188.1231,
            714.0493,
            -73.41605,
            89.98876,
            104.36048
        ],
        [
            -78.81236,
            -188.12303,
            714.0495,
            -73.749725,
            89.98872,
            104.02678
        ],
        [
            -78.812096,
            -188.1231,
            714.0494,
            -73.63112,
            89.988655,
            104.14537
        ],
        [
            -78.81236,
            -188.12306,
            714.0494,
            -74.081184,
            89.988686,
            103.695335
        ],
        [
            -78.81242,
            -188.12297,
            714.04944,
            -73.61317,
            89.98877,
            104.163345
        ],
        [
            -78.812386,
            -188.12299,
            714.0498,
            -73.612915,
            89.988655,
            104.16354
        ],
        [
            -78.81464,
            -188.12192,
            714.0492,
            -68.7013,
            89.989586,
            109.07481
        ],
        [
            -78.8263,
            -188.11813,
            714.0485,
            -58.550133,
            89.98862,
            119.225044
        ],
        [
            -78.8948,
            -188.09938,
            714.05945,
            -38.91702,
            89.9777,
            138.85637
        ],
        [
            -79.28785,
            -188.02275,
            714.12195,
            -41.7038,
            89.962204,
            136.07886
        ],
        [
            -79.729034,
            -187.94006,
            714.19086,
            -42.105278,
            89.962006,
            135.69485
        ],
        [
            -80.19934,
            -187.84953,
            714.27277,
            -35.02678,
            89.960014,
            142.79343
        ],
        [
            -81.05859,
            -187.68314,
            714.4558,
            -21.873657,
            89.94597,
            155.98813
        ],
        [
            -81.89972,
            -187.52007,
            714.6378,
            -16.422907,
            89.928894,
            161.47821
        ],
        [
            -82.817116,
            -187.3397,
            714.82904,
            -10.720145,
            89.91056,
            167.22084
        ],
        [
            -83.86281,
            -187.13747,
            715.0468,
            -4.3288174,
            89.88521,
            173.65794
        ],
        [
            -84.90273,
            -186.9391,
            715.2698,
            -0.75704074,
            89.85974,
            177.27745
        ],
        [
            -86.136314,
            -186.70554,
            715.5404,
            1.7514029,
            89.82721,
            179.84032
        ],
        [
            -87.03677,
            -186.54018,
            715.7192,
            -177.4775,
            90.191,
            0.6493094
        ],
        [
            -87.85248,
            -186.39365,
            715.8692,
            -177.11617,
            90.20597,
            1.0462267
        ],
        [
            -88.79271,
            -186.22758,
            716.0315,
            -176.5708,
            90.22164,
            1.6317706
        ],
        [
            -90.03296,
            -186.01059,
            716.23804,
            -175.86896,
            90.242485,
            2.3844051
        ],
        [
            -91.185196,
            -185.80658,
            716.44946,
            -175.54073,
            90.268326,
            2.756964
        ],
        [
            -92.577126,
            -185.5665,
            716.6819,
            -176.6079,
            90.29999,
            1.7402204
        ],
        [
            -94.21753,
            -185.28926,
            716.9583,
            -177.29681,
            90.33659,
            1.1114279
        ],
        [
            -95.512184,
            -185.07722,
            717.1481,
            -177.12666,
            90.35951,
            1.3308443
        ],
        [
            -97.18246,
            -184.80708,
            717.3936,
            -177.17168,
            90.387886,
            1.3463709
        ],
        [
            -99.04817,
            -184.50891,
            717.65564,
            -177.09041,
            90.42458,
            1.4871174
        ],
        [
            -100.47984,
            -184.28625,
            717.8373,
            -177.0251,
            90.451126,
            1.5964459
        ],
        [
            -102.23658,
            -184.02046,
            718.03784,
            -176.94226,
            90.48132,
            1.7327447
        ],
        [
            -105.21677,
            -183.58069,
            718.3759,
            -176.9983,
            90.53355,
            1.7624245
        ],
        [
            -106.69245,
            -183.36975,
            718.52997,
            -177.29198,
            90.56236,
            1.5096245
        ],
        [
            -108.61484,
            -183.10275,
            718.70416,
            -177.52698,
            90.596504,
            1.3268292
        ],
        [
            -113.555626,
            -182.44902,
            719.1168,
            -178.20526,
            90.67749,
            0.77177256
        ],
        [
            -116.37562,
            -182.09659,
            719.27423,
            -179.02539,
            90.72061,
            0.010404901
        ],
        [
            -119.86766,
            -181.68282,
            719.4215,
            0.3732465,
            89.23488,
            179.4783
        ],
        [
            -123.86859,
            -181.23193,
            719.4993,
            0.17290819,
            89.182655,
            179.346
        ],
        [
            -126.86754,
            -180.9218,
            719.4974,
            -0.3400858,
            89.15086,
            178.87816
        ],
        [
            -130.68684,
            -180.55508,
            719.4498,
            -1.2926677,
            89.10345,
            177.97624
        ],
        [
            -134.74977,
            -180.19537,
            719.3351,
            -2.5895035,
            89.06672,
            176.72234
        ],
        [
            -137.71997,
            -179.95262,
            719.2189,
            -3.7218454,
            89.03736,
            175.61517
        ],
        [
            -142.15895,
            -179.618,
            718.9619,
            -5.1332526,
            88.992966,
            174.23112
        ],
        [
            -144.58783,
            -179.45258,
            718.8165,
            -5.7360334,
            88.97165,
            173.64029
        ],
        [
            -147.15326,
            -179.28944,
            718.6415,
            -6.4870324,
            88.9417,
            172.8969
        ],
        [
            -149.9384,
            -179.13448,
            718.3879,
            -7.6638002,
            88.91951,
            171.7245
        ],
        [
            -153.40901,
            -178.96022,
            718.01373,
            -9.361515,
            88.90226,
            170.02544
        ],
        [
            -157.09993,
            -178.79903,
            717.5756,
            -11.455251,
            88.87016,
            167.92154
        ],
        [
            -160.06296,
            -178.6885,
            717.17163,
            -13.102029,
            88.84703,
            166.26259
        ],
        [
            -163.31284,
            -178.5859,
            716.684,
            -14.675006,
            88.8178,
            164.66861
        ],
        [
