{
    "CMD": 8000,
    "motion_trajectory": [
        [
            -275.4949,
            -183.71344,
            701.0656,
            -72.298195,
            88.40895,
            105.02789
        ],
        [
            -275.49475,
            -183.71361,
            701.06506,
            -72.30199,
            88.40893,
            105.02415
        ],
        [
            -275.4952,
            -183.71335,
            701.0647,
            -72.30026,
            88.40903,
            105.0258
        ],
        [
            -275.49493,
            -183.71333,
            701.06573,
            -72.29744,
            88.409004,
            105.028625
        ],
        [
            -275.4948,
            -183.71352,
            701.06616,
            -72.297165,
            88.40906,
            105.028946
        ],
        [
            -275.49542,
            -183.71306,
            701.0653,
            -72.30004,
            88.40908,
            105.02597
        ],
        [
            -275.4953,
            -183.7132,
            701.0656,
            -72.29767,
            88.40912,
            105.02837
        ],
        [
            -275.49533,
            -183.71317,
            701.0657,
            -72.29896,
            88.40918,
            105.027084
        ],
        [
            -275.49524,
            -183.71346,
            701.06555,
            -72.30202,
            88.40933,
            105.02411
        ],
        [
            -275.495,
            -183.71375,
            701.0649,
            -72.29466,
            88.41269,
            105.03166
        ],
        [
            -275.48276,
            -183.70801,
            701.08636,
            -72.24584,
            88.41518,
            105.07956
        ],
        [
            -275.38983,
            -183.69603,
            701.1094,
            -72.28158,
            88.41633,
            105.04204
        ],
        [
            -275.22275,
            -183.68951,
            701.1234,
            -72.36039,
            88.41637,
            104.96271
        ],
        [
            -275.00275,
            -183.6896,
            701.14215,
            -72.424835,
            88.416245,
            104.89919
        ],
        [
            -274.2187,
            -183.72993,
            701.2057,
            -72.44137,
            88.4046,
            104.892944
        ],
        [
            -273.25842,
            -183.80176,
            701.2574,
            -72.40857,
            88.389534,
            104.942566
        ],
        [
            -272.62158,
            -183.85579,
            701.29865,
            -72.22273,
            88.382744,
            105.14078
        ],
        [
            -271.53195,
            -183.96065,
            701.36694,
            -71.89622,
            88.37022,
            105.49155
        ],
        [
            -270.2741,
            -184.06541,
            701.4656,
            -71.38421,
            88.35798,
            106.02905
        ],
        [
            -268.28616,
            -184.22252,
            701.66925,
            -70.36946,
            88.33357,
            107.08427
        ],
        [
            -267.15533,
            -184.31163,
            701.79675,
            -69.747055,
            88.31897,
            107.731026
        ],
        [
            -265.64398,
            -184.42548,
            701.93835,
            -69.13022,
            88.306595,
            108.38146
        ],
        [
            -262.63638,
            -184.62845,
            702.2001,
            -67.84422,
            88.286865,
            109.734726
        ],
        [
            -259.37567,
            -184.7955,
            702.3969,
            -66.95844,
            88.2606,
            110.69116
        ],
        [
            -256.3179,
            -184.89963,
            702.5821,
            -66.134346,
            88.23536,
            111.57869
        ],
        [
            -253.51695,
            -184.96043,
            702.7481,
            -65.19312,
            88.2162,
            112.57704
        ],
        [
            -249.64659,
            -184.97238,
            702.9482,
            -64.08663,
            88.18968,
            113.75965
        ],
        [
            -245.43718,
            -184.87247,
            703.08856,
            -62.94344,
            88.168144,
            114.9775
        ],
        [
            -243.26607,
            -184.7698,
            703.2053,
            -62.155754,
            88.155205,
            115.7996
        ],
        [
            -239.19576,
            -184.55005,
            703.2951,
            -60.919098,
            88.128365,
            117.10534
        ],
        [
            -236.68205,
            -184.35608,
            703.3423,
            -60.234215,
            88.115746,
            117.83125
        ],
        [
            -233.24118,
            -184.02438,
            703.3445,
            -59.444427,
            88.11476,
            118.67757
        ],
        [
            -229.89055,
            -183.59218,
            703.34534,
            -58.65682,
            88.108025,
            119.51043
        ],
        [
            -226.97838,
            -183.14403,
            703.31445,
            -57.883175,
            88.10644,
            120.31927
        ],
        [
            -224.34142,
            -182.67987,
            703.21246,
            -57.426197,
            88.11152,
            120.80761
        ],
        [
            -222.06651,
            -182.21657,
            703.1539,
            -56.915478,
            88.11264,
            121.340126
        ],
        [
            -220.18886,
            -181.79399,
            703.1123,
            -56.19378,
            88.12312,
            122.07654
        ],
        [
            -218.41913,
            -181.37222,
            703.0017,
            -55.97917,
            88.13279,
            122.30866
        ],
        [
            -217.49615,
            -181.12057,
            702.9783,
            -55.79257,
            88.140205,
            122.5031
        ],
        [
            -216.49297,
            -180.82239,
            702.98157,
            -55.409206,
            88.149124,
            122.89308
        ],
        [
            -215.76578,
            -180.62132,
            702.916,
            -55.220947,
            88.16064,
            123.09064
        ],
        [
            -215.12965,
            -180.41841,
            702.83624,
            -55.052547,
            88.17976,
            123.26456
        ],
        [
            -214.61076,
            -180.25307,
            702.80676,
            -54.87701,
            88.19051,
            123.44449
        ],
        [
            -214.06049,
            -180.09198,
            702.81274,
            -54.710987,
            88.20506,
            123.61701
        ],
        [
            -213.6052,
            -180.00275,
            702.888,
            -54.380863,
            88.209045,
            123.95576
        ],
        [
            -213.08896,
            -179.9264,
            703.04724,
            -53.66311,
            88.20786,
            124.68282
        ],
        [
            -212.62239,
            -179.89595,
            703.20996,
            -53.18611,
            88.2143,
            125.17866
        ],
        [
            -212.07175,
            -179.85326,
            703.38574,
            -52.993107,
            88.23061,
            125.39564
        ],
        [
            -211.47044,
            -179.77635,
            703.554,
            -52.8182,
            88.259926,
            125.5895
        ],
        [
            -210.46545,
            -179.66713,
            703.8585,
            -52.34255,
            88.2979,
            126.09353
        ],
        [
