{
    "CMD": 8000,
    "motion_trajectory": [
        [
            -275.4916,
            -183.71536,
            701.06854,
            -72.415665,
            88.41025,
            104.91146
        ],
        [
            -275.4919,
            -183.71538,
            701.06824,
            -72.41789,
            88.410385,
            104.90925
        ],
        [
            -275.4916,
            -183.71532,
            701.06836,
            -72.4167,
            88.41032,
            104.910416
        ],
        [
            -275.4916,
            -183.71533,
            701.06824,
            -72.41913,
            88.41028,
            104.908
        ],
        [
            -275.49164,
            -183.71533,
            701.069,
            -72.41539,
            88.41031,
            104.911736
        ],
        [
            -275.49118,
            -183.71553,
            701.0693,
            -72.41512,
            88.41036,
            104.912056
        ],
        [
            -275.49152,
            -183.71548,
            701.0693,
            -72.41242,
            88.41039,
            104.914734
        ],
        [
            -275.49167,
            -183.71524,
            701.0686,
            -72.41687,
            88.410484,
            104.91025
        ],
        [
            -275.49136,
            -183.71526,
            701.06946,
            -72.413994,
            88.41047,
            104.91313
        ],
        [
            -275.49167,
            -183.71521,
            701.0691,
            -72.414055,
            88.41041,
            104.91305
        ],
        [
            -275.4917,
            -183.71577,
            701.06805,
            -72.42066,
            88.41349,
            104.90674
        ],
        [
            -275.49036,
            -183.7152,
            701.0693,
            -72.40427,
            88.41392,
            104.92299
        ],
        [
            -275.4821,
            -183.71257,
            701.0778,
            -72.38613,
            88.4139,
            104.94065
        ],
        [
            -275.34454,
            -183.69917,
            701.0989,
            -72.43083,
            88.41471,
            104.893936
        ],
        [
            -275.10995,
            -183.69368,
            701.1139,
            -72.52944,
            88.412674,
            104.795135
        ],
        [
            -274.45093,
            -183.70995,
            701.1811,
            -72.481094,
            88.40581,
            104.84858
        ],
        [
            -273.64352,
            -183.76299,
            701.2205,
            -72.50934,
            88.39384,
            104.833046
        ],
        [
            -272.3775,
            -183.86755,
            701.29034,
            -72.27965,
            88.37757,
            105.08697
        ],
        [
            -271.3243,
            -183.96379,
            701.3592,
            -71.95154,
            88.364944,
            105.43758
        ],
        [
            -270.41568,
            -184.03427,
            701.43884,
            -71.536316,
            88.35552,
            105.87007
        ],
        [
            -269.2297,
            -184.12785,
            701.55524,
            -70.97824,
            88.341995,
            106.45197
        ],
        [
            -266.91043,
            -184.31323,
            701.8033,
            -69.776535,
            88.31255,
            107.70336
        ],
        [
            -264.17603,
            -184.5041,
            702.06635,
            -68.599884,
            88.29261,
            108.939644
        ],
        [
            -262.00378,
            -184.63354,
            702.2378,
            -67.7474,
            88.28116,
            109.83911
        ],
        [
            -258.9596,
            -184.77673,
            702.404,
            -67.06474,
            88.25356,
            110.586395
        ],
        [
            -255.06891,
            -184.89961,
            702.6298,
            -65.9463,
            88.22056,
            111.78528
        ],
        [
            -251.16136,
            -184.94508,
            702.8756,
            -64.602104,
            88.19284,
            113.20701
        ],
        [
            -248.79445,
            -184.92923,
            702.94946,
            -64.06449,
            88.17884,
            113.789536
        ],
        [
            -244.3149,
            -184.80128,
            703.12573,
            -62.740395,
            88.15835,
            115.193
        ],
        [
            -240.76366,
            -184.61978,
            703.2318,
            -61.610992,
            88.1342,
            116.38005
        ],
        [
            -237.21964,
            -184.38649,
            703.2949,
            -60.630913,
            88.11509,
            117.4213
        ],
        [
            -233.09096,
            -183.98589,
            703.3031,
            -59.665276,
            88.11223,
            118.45292
        ],
        [
            -229.68617,
            -183.55093,
            703.3206,
            -58.763885,
            88.10639,
            119.40175
        ],
        [
            -226.80885,
            -183.10686,
            703.2887,
            -57.97397,
            88.10317,
            120.22617
        ],
        [
            -224.23128,
            -182.65411,
            703.18884,
            -57.533413,
            88.10844,
            120.69846
        ],
        [
            -222.00171,
            -182.20403,
            703.1369,
            -57.015995,
            88.10958,
            121.238655
        ],
        [
            -220.02856,
            -181.75764,
            703.0859,
            -56.296032,
            88.12075,
            121.97441
        ],
        [
            -218.49294,
            -181.3901,
            702.99493,
            -56.058617,
            88.13069,
            122.2273
        ],
        [
            -217.54353,
            -181.1313,
            702.9736,
            -55.86774,
            88.1386,
            122.42665
        ],
        [
            -216.54318,
            -180.8296,
            702.9709,
            -55.502056,
            88.14815,
            122.79843
        ],
        [
            -215.95616,
            -180.66277,
            702.9218,
            -55.327995,
            88.15755,
            122.979
        ],
        [
            -215.43239,
            -180.50328,
            702.8625,
            -55.214382,
            88.171,
            123.09811
        ],
        [
            -214.82715,
            -180.32149,
            702.80536,
            -55.01881,
            88.18482,
            123.300514
        ],
        [
            -214.32112,
            -180.15866,
            702.8034,
            -54.818737,
            88.20061,
            123.50498
        ],
        [
            -213.828,
            -180.04553,
            702.8519,
            -54.585342,
            88.2113,
            123.74775
        ],
        [
            -213.35167,
            -179.9627,
            702.97394,
            -53.996437,
            88.209435,
            124.34364
        ],
        [
            -212.59845,
            -179.89928,
            703.22266,
            -53.177567,
            88.21458,
            125.18849
        ],
        [
            -211.87706,
            -179.8376,
            703.4556,
            -52.867455,
            88.23715,
            125.52842
        ],
        [
            -210.9559,
            -179.72386,
            703.7211,
            -52.506603,
            88.27773,
            125.91613
        ],
        [
            -209.91875,
            -179.62653,
            704.0594,
            -51.84822,
            88.31316,
            126.60572
        ],
        [
