{
    "CMD": 7012,
    "motion_trajectory": [
        [
            -78.81168,
            -188.12314,
            714.0493,
            -73.201195,
            89.98874,
            104.57534
        ],
        [
            -78.812035,
            -188.12305,
            714.0496,
            -73.28082,
            89.98869,
            104.49567
        ],
        [
            -78.81186,
            -188.123,
            714.04974,
            -72.733,
            89.98871,
            105.04343
        ],
        [
            -78.81219,
            -188.12302,
            714.04956,
            -73.53508,
            89.98871,
            104.24138
        ],
        [
            -78.81222,
            -188.12305,
            714.04913,
            -73.66829,
            89.98861,
            104.108185
        ],
        [
            -78.812126,
            -188.12297,
            714.0498,
            -73.26269,
            89.988686,
            104.51377
        ],
        [
            -78.81224,
            -188.123,
            714.04944,
            -73.377815,
            89.98864,
            104.39861
        ],
        [
            -78.81216,
            -188.12303,
            714.0493,
            -73.49481,
            89.98871,
            104.28168
        ],
        [
            -78.81248,
            -188.12253,
            714.0501,
            -71.00202,
            89.98946,
            106.7744
        ],
        [
            -78.81705,
            -188.12114,
            714.0483,
            -68.09229,
            89.98988,
            109.68384
        ],
        [
            -78.84625,
            -188.11171,
            714.0563,
            -43.504047,
            89.98583,
            134.27072
        ],
        [
            -78.97654,
            -188.08301,
            714.0808,
            -36.02407,
            89.97479,
            141.7522
        ],
        [
            -79.15137,
            -188.04852,
            714.1137,
            -35.73566,
            89.9686,
            142.04625
        ],
        [
            -79.49237,
            -187.98303,
            714.1736,
            -34.67248,
            89.96587,
            143.12218
        ],
        [
            -80.19719,
            -187.8487,
            714.29895,
            -26.439774,
            89.961716,
            151.38576
        ],
        [
            -80.574715,
            -187.77579,
            714.3776,
            -21.1927,
            89.95569,
            156.65147
        ],
        [
            -81.5354,
            -187.58928,
            714.5783,
            -14.824937,
            89.93644,
            163.06279
        ],
        [
            -82.150826,
            -187.46825,
            714.7122,
            -11.79548,
            89.92293,
            166.1191
        ],
        [
            -83.28236,
            -187.24748,
            714.94867,
            -5.8711314,
            89.89745,
            172.09183
        ],
        [
            -83.99835,
            -187.10829,
            715.1099,
            -3.2288477,
            89.87584,
            174.765
        ],
        [
            -85.63782,
            -186.79689,
            715.4522,
            1.2477225,
            89.835846,
            179.31517
        ],
        [
            -87.6161,
            -186.43588,
            715.82855,
            -177.59573,
            90.20297,
            0.5563069
        ],
        [
            -89.488556,
            -186.10713,
            716.14355,
            -176.2531,
            90.23267,
            1.9776578
        ],
        [
            -91.737076,
            -185.71202,
            716.532,
            -176.2244,
            90.27872,
            2.0925527
        ],
        [
            -94.309456,
            -185.27614,
            716.9503,
            -177.54578,
            90.33452,
            0.86505264
        ],
        [
            -98.354774,
            -184.62096,
            717.55225,
            -177.51718,
            90.40894,
            1.0378516
        ],
        [
            -101.22763,
            -184.17288,
            717.9244,
            -176.96739,
            90.46423,
            1.6766065
        ],
        [
            -104.117935,
            -183.7395,
            718.2456,
            -176.96838,
            90.51369,
            1.760708
        ],
        [
            -107.26903,
            -183.28944,
            718.5773,
            -177.4862,
            90.57489,
            1.3322552
        ],
        [
            -110.51115,
            -182.84552,
            718.8691,
            -177.65016,
            90.62924,
            1.2526796
        ],
        [
            -113.385284,
            -182.47275,
            719.0948,
            -178.14702,
            90.672295,
            0.8269004
        ],
        [
            -117.33388,
            -181.98232,
            719.3103,
            0.6241972,
            89.268364,
            179.6796
        ],
        [
            -121.51081,
            -181.49327,
            719.46594,
            0.3717646,
            89.21439,
            179.50626
        ],
        [
            -123.94233,
            -181.2266,
            719.49243,
            0.09009206,
            89.18386,
            179.26466
        ],
        [
            -128.36734,
            -180.77553,
            719.48737,
            -0.7299815,
            89.13128,
            178.51056
        ],
        [
            -130.5262,
            -180.56952,
            719.45654,
            -1.2307823,
            89.104416,
            178.03665
        ],
        [
            -135.9268,
            -180.09848,
            719.29034,
            -2.927777,
            89.059616,
            176.39546
        ],
        [
            -138.26598,
            -179.90962,
            719.18365,
            -3.839522,
            89.037476,
            175.5023
        ],
        [
            -143.74443,
            -179.51108,
            718.8589,
            -5.5566483,
            88.982155,
            173.8169
        ],
        [
            -148.75128,
            -179.19804,
            718.50183,
            -7.18763,
            88.92381,
            172.19891
        ],
        [
            -153.62802,
            -178.94681,
            717.99146,
            -9.469524,
            88.89739,
            169.91563
        ],
        [
            -158.42291,
            -178.7414,
            717.3955,
            -12.220807,
            88.85752,
            167.14865
        ],
        [
            -162.77531,
            -178.60126,
            716.7754,
            -14.341375,
            88.82034,
            165.0066
        ],
        [
            -167.20195,
            -178.50381,
            716.01776,
            -16.819422,
            88.798134,
            162.49698
        ],
        [
            -171.11479,
            -178.4484,
            715.2413,
            -19.34644,
            88.78432,
            159.93126
        ],
        [
            -173.17133,
            -178.4374,
            714.83453,
            -20.838415,
            88.768166,
            158.4147
        ],
        [
            -176.41798,
            -178.44089,
            714.1902,
            -23.253382,
            88.73829,
            155.95374
        ],
        [
            -180.53745,
            -178.50511,
            713.3047,
            -26.669388,
            88.70077,
            152.46811
        ],
        [
            -182.95073,
            -178.57895,
            712.7691,
            -28.74136,
            88.683075,
            150.35274
        ],
        [
            -186.94884,
            -178.74083,
            711.8588,
            -32.03003,
            88.65551,
            146.9829
        ],
        [
            -190.885,
