{
    "CMD": 8000,
    "motion_trajectory": [
        [
            -273.91177,
            -181.8751,
            735.88293,
            -74.28617,
            87.09574,
            103.25715
        ],
        [
            -273.91092,
            -181.8754,
            735.8834,
            -74.284584,
            87.09572,
            103.25879
        ],
        [
            -273.9113,
            -181.87538,
            735.8829,
            -74.286316,
            87.09575,
            103.257065
        ],
        [
            -273.91177,
            -181.8752,
            735.88245,
            -74.28746,
            87.0957,
            103.255875
        ],
        [
            -273.9114,
            -181.87515,
            735.883,
            -74.28559,
            87.09568,
            103.25773
        ],
        [
            -273.91144,
            -181.87509,
            735.8829,
            -74.28516,
            87.095726,
            103.258156
        ],
        [
            -273.9113,
            -181.87541,
            735.88275,
            -74.28762,
            87.09571,
            103.25577
        ],
        [
            -273.91092,
            -181.87534,
            735.88336,
            -74.28415,
            87.09577,
            103.25921
        ],
        [
            -273.9113,
            -181.87534,
            735.8828,
            -74.284134,
            87.09572,
            103.25922
        ],
        [
            -273.91156,
            -181.87584,
            735.8815,
            -74.29324,
            87.09652,
            103.25028
        ],
        [
            -273.90723,
            -181.87561,
            735.8575,
            -74.32703,
            87.097374,
            103.21639
        ],
        [
            -273.8117,
            -181.87128,
            735.6762,
            -74.45361,
            87.10566,
            103.088196
        ],
        [
            -273.48813,
            -181.89278,
            735.34467,
            -74.408554,
            87.11701,
            103.13524
        ],
        [
            -272.55524,
            -182.0111,
            734.47986,
            -74.15051,
            87.141884,
            103.41016
        ],
        [
            -271.82114,
            -182.10995,
            733.7814,
            -73.97114,
            87.15275,
            103.60346
        ],
        [
            -270.63162,
            -182.26372,
            732.5908,
            -73.76869,
            87.17337,
            103.82723
        ],
        [
            -269.29453,
            -182.41249,
            731.27014,
            -73.5869,
            87.205795,
            104.02919
        ],
        [
            -268.45377,
            -182.50136,
            730.4074,
            -73.543365,
            87.22557,
            104.084564
        ],
        [
            -267.375,
            -182.61382,
            729.3203,
            -73.46245,
            87.25337,
            104.180855
        ],
        [
            -265.53952,
            -182.79114,
            727.4409,
            -73.36598,
            87.30021,
            104.30095
        ],
        [
            -263.45267,
            -182.97232,
            725.3442,
            -73.16068,
            87.35424,
            104.529495
        ],
        [
            -261.04758,
            -183.14856,
            722.8788,
            -73.04461,
            87.39871,
            104.6648
        ],
        [
            -259.71735,
            -183.22026,
            721.56287,
            -72.87265,
            87.42771,
            104.84287
        ],
        [
            -256.71817,
            -183.34872,
            718.61957,
            -72.54078,
            87.49306,
            105.183464
        ],
        [
            -254.07303,
            -183.42088,
            715.9684,
            -72.416534,
            87.557045,
            105.309296
        ],
        [
            -250.66158,
            -183.455,
            712.481,
            -72.48553,
            87.61959,
            105.230576
        ],
        [
            -248.53838,
            -183.43474,
            710.3947,
            -72.44674,
            87.65762,
            105.25688
        ],
        [
            -247.35516,
            -183.41777,
            709.2644,
            -72.40748,
            87.67598,
            105.28874
        ],
        [
            -246.28242,
            -183.39417,
            708.2265,
            -72.40106,
            87.69617,
            105.28735
        ],
        [
            -244.4109,
            -183.32393,
            706.3858,
            -72.503456,
            87.73628,
            105.166534
        ],
        [
            -242.96257,
            -183.25902,
            704.98035,
            -72.51009,
            87.761375,
            105.143364
        ],
        [
            -241.35355,
            -183.17384,
            703.50836,
            -72.30393,
            87.78085,
            105.32879
        ],
        [
            -240.20273,
            -183.10138,
            702.4947,
            -72.31477,
            87.78962,
            105.30289
        ],
        [
            -239.651,
            -183.07397,
            701.99524,
            -72.53398,
            87.78936,
            105.07955
        ],
        [
            -239.2185,
            -183.0407,
            701.6681,
            -72.676956,
            87.79477,
            104.93286
        ],
        [
            -238.98053,
            -183.02414,
            701.51373,
            -72.82862,
            87.798546,
            104.78111
        ],
        [
            -238.90993,
            -183.01616,
            701.49036,
            -72.85506,
            87.799675,
            104.75445
        ],
        [
            -238.9023,
            -183.01337,
            701.4956,
            -72.85237,
            87.799736,
            104.7569
        ],
        [
            -238.9016,
            -183.01215,
            701.4962,
            -72.85619,
            87.799866,
            104.75292
        ],
        [
            -238.89021,
            -183.00584,
            701.49774,
            -72.8753,
            87.80036,
            104.733116
        ],
        [
            -238.74583,
            -182.98277,
            701.5297,
            -72.86097,
            87.80324,
            104.75079
        ],
        [
            -238.40817,
            -182.95697,
            701.6134,
            -72.62624,
            87.80938,
            104.98531
        ],
        [
            -237.61842,
            -182.92737,
            701.8012,
            -72.24983,
            87.825035,
            105.37712
        ],
        [
            -236.71776,
            -182.88942,
            702.04535,
            -71.82378,
            87.84142,
            105.822495
        ],
        [
            -235.40869,
            -182.81905,
            702.4165,
            -71.22536,
            87.87176,
            106.44285
        ],
        [
            -233.68277,
            -182.72931,
            702.8799,
            -70.60403,
            87.910614,
            107.09813
        ],
        [
            -231.79288,
            -182.62006,
            703.39404,
            -69.81734,
            87.9579,
            107.92121
        ],
        [
            -229.65877,
            -182.49785,
            703.9482,
            -68.970245,
            88.00915,
            108.81142
        ],
        [
            -227.1533,
            -182.36429,
            704.5497,
            -67.94751,
            88.061264,
            109.88714
        ],
        [
            -224.21353,
            -182.19373,
            705.25116,
            -66.66494,
            88.119995,
            111.24917
        ],
        [
