{
    "CMD": 3002,
    "motion_trajectory": [
        [
            380.00256,
            -541.37744,
            267.0976,
            89.98009,
            -178.55078,
            89.949974
        ],
        [
            380.00253,
            -541.37714,
            267.09665,
            89.980034,
            -178.55092,
            89.94985
        ],
        [
            380.00287,
            -541.3771,
            267.09677,
            89.98,
            -178.55075,
            89.94992
        ],
        [
            380.00244,
            -541.37726,
            267.0968,
            89.98003,
            -178.55081,
            89.94992
        ],
        [
            380.00238,
            -541.37756,
            267.09692,
            89.979996,
            -178.5508,
            89.94994
        ],
        [
            380.0032,
            -541.3778,
            267.098,
            89.98008,
            -178.55064,
            89.94992
        ],
        [
            380.00317,
            -541.3777,
            267.09753,
            89.98008,
            -178.55067,
            89.94997
        ],
        [
            380.00266,
            -541.3777,
            267.09677,
            89.98005,
            -178.55077,
            89.94992
        ],
        [
            380.00308,
            -541.38324,
            267.10162,
            89.98026,
            -178.55202,
            89.95057
        ],
        [
            380.00555,
            -541.3921,
            267.1075,
            89.98077,
            -178.5531,
            89.95051
        ],
        [
            380.01196,
            -541.41644,
            267.11862,
            89.98162,
            -178.55412,
            89.9507
        ],
        [
            380.0495,
            -541.5621,
            267.17474,
            89.985794,
            -178.55528,
            89.95168
        ],
        [
            380.07236,
            -541.6966,
            267.21185,
            89.98691,
            -178.55478,
            89.953514
        ],
        [
            380.0951,
            -541.9124,
            267.24808,
            89.985886,
            -178.55511,
            89.95692
        ],
        [
            380.11856,
            -542.1895,
            267.27505,
            89.98317,
            -178.556,
            89.961174
        ],
        [
            380.13986,
            -542.57684,
            267.30768,
            89.97784,
            -178.55525,
            89.965744
        ],
        [
            380.16873,
            -543.5534,
            267.3817,
            89.964096,
            -178.55765,
            89.972534
        ],
        [
            380.17813,
            -544.1864,
            267.43857,
            89.95578,
            -178.5586,
            89.975586
        ],
        [
            380.1785,
            -545.595,
            267.57236,
            89.93525,
            -178.55698,
            89.97913
        ],
        [
            380.16714,
            -546.4,
            267.64468,
            89.92474,
            -178.5559,
            89.97769
        ],
        [
            380.10602,
            -549.1646,
            267.85107,
            89.87967,
            -178.55579,
            89.97459
        ],
        [
            380.08463,
            -550.67194,
            267.96832,
            89.85636,
            -178.56107,
            89.97272
        ],
        [
            380.04526,
            -553.1982,
            268.17728,
            89.81052,
            -178.56148,
            89.975426
        ],
        [
            380.03113,
            -555.5459,
            268.36606,
            89.77346,
            -178.56491,
            89.975746
        ],
        [
            380.02234,
            -558.5058,
            268.60458,
            89.72734,
            -178.56557,
            89.976265
        ],
        [
            380.0267,
            -560.06464,
            268.76144,
            89.70557,
            -178.56357,
            89.97546
        ],
        [
            380.0233,
            -561.7417,
            268.93668,
            89.68031,
            -178.56076,
            89.9753
        ],
        [
            380.02972,
            -563.59344,
            269.11737,
            89.65474,
            -178.56169,
            89.97385
        ],
        [
            380.0268,
            -567.38715,
            269.43152,
            89.59603,
            -178.57,
            89.9735
        ],
        [
            380.0256,
            -570.4401,
            269.6642,
            89.55195,
            -178.57907,
            89.97095
        ],
        [
            380.01642,
            -574.1522,
            269.96832,
            89.50072,
            -178.58041,
            89.968575
        ],
        [
            380.02563,
            -576.31335,
            270.12085,
            89.4683,
            -178.58467,
            89.970665
        ],
        [
            380.01578,
            -579.38403,
            270.3603,
            89.41812,
            -178.59193,
            89.975975
        ],
        [
            380.00195,
            -581.01373,
            270.5163,
            89.39287,
            -178.59355,
            89.977554
        ],
        [
            379.98325,
            -582.50336,
            270.64853,
            89.37189,
            -178.59642,
            89.9774
        ],
        [
            379.97043,
            -585.4417,
            270.89685,
            89.32813,
            -178.59726,
            89.978615
        ],
        [
            379.95767,
            -586.9731,
            271.05667,
            89.30546,
            -178.5946,
            89.979485
        ],
        [
            379.93857,
            -589.4049,
            271.266,
            89.26983,
            -178.59512,
            89.97922
        ],
        [
            379.93973,
            -591.49286,
            271.41425,
            89.23545,
            -178.6014,
            89.982086
        ],
        [
            379.95566,
            -593.48096,
            271.5656,
            89.20679,
            -178.60939,
            89.98335
        ],
        [
            379.96732,
            -594.9452,
            271.67096,
            89.1856,
            -178.61543,
            89.98379
        ],
        [
            379.9765,
            -595.67847,
            271.7223,
            89.176445,
            -178.61595,
            89.98353
        ],
        [
            379.98953,
            -597.4075,
            271.87695,
            89.152824,
            -178.61331,
            89.98371
        ],
        [
            379.9978,
            -598.1726,
            271.9331,
            89.142845,
            -178.61522,
            89.984474
        ],
        [
            379.98846,
            -598.68726,
            271.96713,
            89.13301,
            -178.61703,
            89.98553
        ],
        [
            379.96198,
            -598.94305,
            271.99872,
            89.12745,
            -178.61635,
            89.98535
        ],
        [
            379.9479,
            -598.9991,
            272.0006,
            89.12545,
            -178.61713,
            89.98493
        ],
        [
            379.93118,
            -599.0331,
            271.98682,
            89.12252,
            -178.61864,
            89.98486
        ],
        [
            379.92767,
            -599.0346,
            271.9832,
            89.1216,
            -178.61884,
            89.98503
        ],
        [
            379.9256,
            -599.03656,
            271.98294,
            89.121124,
            -178.61853,
            89.985214
        ],
        [
            379.92682,
            -599.0364,
            271.98346,
            89.12116,
