{
    "CMD": 3013,
    "motion_trajectory": [
        [
            349.9997,
            -656.4302,
            269.86032,
            89.96998,
            -178.5099,
            89.99004
        ],
        [
            349.99985,
            -656.4303,
            269.8598,
            89.96999,
            -178.51003,
            89.98992
        ],
        [
            349.9974,
            -656.42944,
            269.85977,
            89.96965,
            -178.51273,
            89.99117
        ],
        [
            349.99603,
            -656.4301,
            269.85895,
            89.9694,
            -178.51323,
            89.99118
        ],
        [
            349.99597,
            -656.43,
            269.85925,
            89.9694,
            -178.51302,
            89.99118
        ],
        [
            349.99554,
            -656.4307,
            269.85947,
            89.96938,
            -178.5127,
            89.990974
        ],
        [
            349.99582,
            -656.4303,
            269.8591,
            89.96932,
            -178.51239,
            89.991035
        ],
        [
            349.99615,
            -656.4303,
            269.8587,
            89.9694,
            -178.51225,
            89.99096
        ],
        [
            349.99667,
            -656.4302,
            269.85925,
            89.9694,
            -178.51183,
            89.99095
        ],
        [
            349.99673,
            -656.4304,
            269.85895,
            89.96939,
            -178.51157,
            89.9909
        ],
        [
            349.9964,
            -656.4307,
            269.859,
            89.96943,
            -178.5113,
            89.99079
        ],
        [
            349.99765,
            -656.4303,
            269.86026,
            89.969505,
            -178.51102,
            89.990814
        ],
        [
            349.99652,
            -656.4309,
            269.85876,
            89.96943,
            -178.51088,
            89.99057
        ],
        [
            349.99734,
            -656.43097,
            269.86002,
            89.96952,
            -178.5106,
            89.9906
        ],
        [
            349.99738,
            -656.4307,
            269.85895,
            89.969505,
            -178.51042,
            89.990486
        ],
        [
            349.9966,
            -656.43085,
            269.85858,
            89.969444,
            -178.51018,
            89.99045
        ],
        [
            349.99756,
            -656.4308,
            269.85904,
            89.96955,
            -178.51001,
            89.990425
        ],
        [
            349.9975,
            -656.4307,
            269.8593,
            89.969536,
            -178.50995,
            89.99037
        ],
        [
            349.99768,
            -656.4308,
            269.8594,
            89.96958,
            -178.50986,
            89.9903
        ],
        [
            349.99768,
            -656.4308,
            269.8594,
            89.96958,
            -178.50981,
            89.9903
        ],
        [
            349.998,
            -656.4313,
            269.85944,
            89.96963,
            -178.50972,
            89.99019
        ],
        [
            349.99768,
            -656.4309,
            269.86,
            89.96958,
            -178.50966,
            89.99025
        ],
        [
            349.99838,
            -656.43066,
            269.8595,
            89.96961,
            -178.50966,
            89.990234
        ],
        [
            349.99872,
            -656.43066,
            269.8591,
            89.96969,
            -178.50969,
            89.99016
        ],
        [
            349.9985,
            -656.4303,
            269.85934,
            89.96966,
            -178.50967,
            89.99027
        ],
        [
            349.99847,
            -656.4306,
            269.8587,
            89.96961,
            -178.50981,
            89.99012
        ],
        [
            349.9989,
            -656.4306,
            269.85977,
            89.96975,
            -178.50972,
            89.99015
        ],
        [
            349.99942,
            -656.4304,
            269.8592,
            89.96973,
            -178.50975,
            89.99014
        ],
        [
            349.99884,
            -656.43054,
            269.85892,
            89.96971,
            -178.5098,
            89.9901
        ],
        [
            349.99936,
            -656.43036,
            269.85947,
            89.96972,
            -178.5097,
            89.99009
        ],
        [
            349.99927,
            -656.4308,
            269.85934,
            89.96981,
            -178.5098,
            89.98997
        ],
        [
            349.9992,
            -656.43054,
            269.86026,
            89.96983,
            -178.50969,
            89.99002
        ],
        [
            349.99927,
            -656.43085,
            269.85992,
            89.969826,
            -178.50975,
            89.98997
        ],
        [
            349.99908,
            -656.43085,
            269.85925,
            89.96976,
            -178.50978,
            89.989975
        ],
        [
            350.00003,
            -656.4308,
            269.8597,
            89.969864,
            -178.50983,
            89.989944
        ],
        [
            349.9998,
            -656.4304,
            269.85938,
            89.96982,
            -178.5098,
            89.99007
        ],
        [
            350.00003,
            -656.43066,
            269.85974,
            89.96987,
            -178.50983,
            89.99
        ],
        [
            349.9999,
            -656.43036,
            269.86035,
            89.96987,
            -178.50983,
            89.99
        ],
        [
            349.99997,
            -656.43054,
            269.86005,
            89.96987,
            -178.50977,
            89.99
        ],
        [
            350.0001,
            -656.43036,
            269.85986,
            89.9699,
            -178.50993,
            89.98994
        ],
        [
            350.0005,
            -656.43036,
            269.86002,
            89.969864,
            -178.50983,
            89.98999
        ],
        [
            350.0002,
            -656.43005,
            269.8603,
            89.969955,
            -178.50984,
            89.98998
        ],
        [
            350.00003,
            -656.4308,
            269.8597,
            89.969864,
            -178.50987,
            89.989944
        ],
        [
            350.00015,
            -656.43054,
            269.86014,
            89.96992,
            -178.5099,
            89.98994
        ],
        [
            350.00027,
            -656.43036,
            269.85995,
            89.96995,
            -178.5099,
            89.98993
        ],
        [
            350.00104,
            -656.4301,
            269.86035,
            89.970024,
            -178.50987,
            89.99001
        ],
        [
            350.00034,
            -656.4304,
            269.86026,
            89.96997,
            -178.50992,
            89.98998
        ],
        [
            350.00012,
            -656.4299,
            269.86002,
            89.96994,
            -178.51006,
            89.98998
        ],
        [
            350.00052,
            -656.4297,
            269.85962,
            89.9699,
            -178.50993,
            89.99009
        ],
        [
            349.99963,
            -656.43066,
            269.86075,
            89.96995,
            -178.50986,
            89.99
        ],
        [
            350.00003,
            -656.4301,
            269.86017,
            89.96991,
            -178.50989,
