{
    "CMD": 3012,
    "motion_trajectory": [
        [
            380.00018,
            -599.0003,
            272.10004,
            89.12996,
            -178.61,
            89.99002
        ],
        [
            380.00073,
            -599.0002,
            272.09918,
            89.129944,
            -178.60999,
            89.99007
        ],
        [
            380.00058,
            -599.0008,
            272.10004,
            89.12988,
            -178.60986,
            89.99004
        ],
        [
            380.0001,
            -599.00055,
            272.09964,
            89.12991,
            -178.60997,
            89.990036
        ],
        [
            379.99973,
            -599.0011,
            272.10046,
            89.12995,
            -178.60983,
            89.98999
        ],
        [
            380.00018,
            -599.001,
            272.1004,
            89.12992,
            -178.60983,
            89.98993
        ],
        [
            380.0,
            -599.0009,
            272.09976,
            89.12987,
            -178.60986,
            89.99
        ],
        [
            379.99948,
            -599.0009,
            272.10056,
            89.12989,
            -178.61041,
            89.99085
        ],
        [
            379.99908,
            -599.0022,
            272.1009,
            89.129875,
            -178.61139,
            89.990875
        ],
        [
            379.99823,
            -599.0034,
            272.1018,
            89.1299,
            -178.61195,
            89.99084
        ],
        [
            379.99832,
            -599.0034,
            272.10165,
            89.12996,
            -178.61203,
            89.99087
        ],
        [
            379.99838,
            -599.0039,
            272.10175,
            89.129906,
            -178.61203,
            89.990776
        ],
        [
            379.99857,
            -599.0042,
            272.1023,
            89.12995,
            -178.61194,
            89.99083
        ],
        [
            379.9992,
            -599.00433,
            272.1028,
            89.12999,
            -178.61208,
            89.990875
        ],
        [
            380.03,
            -599.0153,
            272.11838,
            89.131165,
            -178.6118,
            89.99148
        ],
        [
            380.19452,
            -599.0271,
            272.15497,
            89.13342,
            -178.60872,
            89.994125
        ],
        [
            380.42053,
            -599.0294,
            272.1871,
            89.13454,
            -178.6054,
            89.995766
        ],
        [
            380.99652,
            -599.0136,
            272.23105,
            89.13512,
            -178.60211,
            89.99944
        ],
        [
            381.9755,
            -598.99567,
            272.26584,
            89.13368,
            -178.60124,
            90.00117
        ],
        [
            383.19666,
            -599.0015,
            272.2754,
            89.131546,
            -178.6008,
            90.00002
        ],
        [
            383.9093,
            -599.0145,
            272.274,
            89.12994,
            -178.60202,
            89.997375
        ],
        [
            385.59842,
            -599.01843,
            272.28488,
            89.12631,
            -178.60645,
            89.99276
        ],
        [
            387.29807,
            -599.024,
            272.36606,
            89.126595,
            -178.60516,
            89.99098
        ],
        [
            389.3948,
            -599.04034,
            272.48654,
            89.129776,
            -178.60335,
            89.99061
        ],
        [
            392.02402,
            -599.0645,
            272.59863,
            89.13379,
            -178.6009,
            89.98981
        ],
        [
            393.2566,
            -599.0656,
            272.62958,
            89.13467,
            -178.60124,
            89.988365
        ],
        [
            396.37695,
            -599.0548,
            272.70724,
            89.13823,
            -178.60777,
            89.98726
        ],
        [
            397.74518,
            -599.04663,
            272.72876,
            89.13879,
            -178.611,
            89.98561
        ],
        [
            401.3649,
            -599.0522,
            272.83295,
            89.1403,
            -178.61343,
            89.97605
        ],
        [
            405.04306,
            -599.0531,
            272.94516,
            89.14126,
            -178.61647,
            89.97221
        ],
        [
            408.3875,
            -599.0889,
            273.0448,
            89.14074,
            -178.61234,
            89.968864
        ],
        [
            412.1195,
            -599.0687,
            273.1098,
            89.13888,
            -178.61444,
            89.97297
        ],
        [
            415.71945,
            -599.0364,
            273.18445,
            89.13678,
            -178.61583,
            89.97908
        ],
        [
            418.76648,
            -599.0083,
            273.2599,
            89.13609,
            -178.61522,
            89.98445
        ],
        [
            422.77148,
            -598.9966,
            273.40866,
            89.13606,
            -178.61414,
            89.98097
        ],
        [
            426.24887,
            -599.01324,
            273.5364,
            89.13478,
            -178.61107,
            89.97821
        ],
        [
            429.279,
            -599.00836,
            273.61218,
            89.13069,
            -178.61307,
            89.97971
        ],
        [
            432.26996,
            -598.9937,
            273.6923,
            89.125145,
            -178.61296,
            89.98307
        ],
        [
            435.0656,
            -598.99506,
            273.76147,
            89.120804,
            -178.61174,
            89.98955
        ],
        [
            437.31302,
            -599.00305,
            273.82104,
            89.11771,
            -178.60788,
            89.99295
        ],
        [
            439.17633,
            -598.9879,
            273.86078,
            89.11705,
            -178.60709,
            89.99594
        ],
        [
            440.47272,
            -598.9772,
            273.8775,
            89.1172,
            -178.61009,
            89.99633
        ],
        [
            442.31012,
            -598.99695,
            273.90176,
            89.11636,
            -178.61359,
            89.9896
        ],
        [
            443.39325,
            -599.0007,
            273.90533,
            89.11428,
            -178.61559,
            89.98526
        ],
        [
            444.76892,
            -598.99695,
            273.9517,
            89.11295,
            -178.61467,
            89.981285
        ],
        [
            446.24768,
            -598.98157,
            274.0044,
            89.11461,
            -178.61292,
            89.98181
        ],
        [
            447.20587,
            -598.987,
            274.03177,
            89.115036,
            -178.61238,
            89.98122
        ],
        [
            447.95328,
            -598.9887,
            274.07663,
            89.11764,
            -178.61198,
            89.98404
        ],
        [
            448.50302,
            -598.9774,
            274.10022,
            89.11993,
            -178.61171,
            89.98705
        ],
        [
            448.68454,
            -598.9683,
            274.10712,
            89.119606,
            -178.6124,
            89.98803
        ],
        [
            448.7628,
            -598.95465,
            274.0893,
            89.11711,
            -178.61522,
