{
    "CMD": 3003,
    "motion_trajectory": [
        [
            380.0009,
            -599.0004,
            272.09824,
            89.12967,
            -178.60992,
            89.99024
        ],
        [
            380.00134,
            -599.0001,
            272.09824,
            89.12967,
            -178.60976,
            89.990295
        ],
        [
            380.0012,
            -599.0001,
            272.0987,
            89.129654,
            -178.6098,
            89.99036
        ],
        [
            380.0009,
            -599.00055,
            272.09875,
            89.12968,
            -178.60985,
            89.9903
        ],
        [
            380.00128,
            -599.00006,
            272.09848,
            89.129654,
            -178.60992,
            89.990234
        ],
        [
            380.00134,
            -599.00006,
            272.09824,
            89.129684,
            -178.60992,
            89.99034
        ],
        [
            380.00153,
            -599.0,
            272.0989,
            89.12975,
            -178.60991,
            89.990326
        ],
        [
            379.99936,
            -599.003,
            272.10025,
            89.129456,
            -178.61075,
            89.99099
        ],
        [
            379.99847,
            -599.0136,
            272.10464,
            89.12892,
            -178.61229,
            89.9913
        ],
        [
            380.00165,
            -599.0387,
            272.1132,
            89.128975,
            -178.61232,
            89.99162
        ],
        [
            380.0202,
            -599.13293,
            272.13776,
            89.13078,
            -178.60965,
            89.99238
        ],
        [
            380.0626,
            -599.3646,
            272.16797,
            89.13583,
            -178.60509,
            89.993484
        ],
        [
            380.11154,
            -599.7611,
            272.18137,
            89.14332,
            -178.60165,
            89.995186
        ],
        [
            380.155,
            -600.2141,
            272.1647,
            89.15152,
            -178.59952,
            89.99689
        ],
        [
            380.17615,
            -600.6226,
            272.1391,
            89.1585,
            -178.59859,
            89.99749
        ],
        [
            380.18555,
            -601.1205,
            272.1005,
            89.165985,
            -178.59938,
            89.99815
        ],
        [
            380.17407,
            -602.47815,
            272.05405,
            89.18962,
            -178.60205,
            89.99533
        ],
        [
            380.17017,
            -603.1512,
            272.07535,
            89.202324,
            -178.59865,
            89.99363
        ],
        [
            380.15607,
            -604.6989,
            272.0556,
            89.22741,
            -178.59137,
            89.99111
        ],
        [
            380.11328,
            -607.19543,
            271.928,
            89.25803,
            -178.58705,
            89.98888
        ],
        [
            380.08652,
            -609.2182,
            271.82144,
            89.2827,
            -178.58461,
            89.98994
        ],
        [
            380.08636,
            -610.9378,
            271.75403,
            89.3089,
            -178.58293,
            89.99115
        ],
        [
            380.08545,
            -613.3602,
            271.6397,
            89.345314,
            -178.57704,
            89.99395
        ],
        [
            380.07495,
            -616.13715,
            271.4807,
            89.386635,
            -178.57834,
            89.992874
        ],
        [
            380.06857,
            -617.8592,
            271.43027,
            89.41257,
            -178.57297,
            89.992165
        ],
        [
            380.05606,
            -619.4776,
            271.40405,
            89.436844,
            -178.56631,
            89.99186
        ],
        [
            380.05063,
            -621.0061,
            271.34613,
            89.45812,
            -178.56316,
            89.99353
        ],
        [
            380.04834,
            -624.6512,
            271.2227,
            89.511765,
            -178.5559,
            89.99588
        ],
        [
            380.03186,
            -628.0202,
            271.06622,
            89.56027,
            -178.5522,
            89.99871
        ],
        [
            380.02612,
            -631.50885,
            270.80286,
            89.60542,
            -178.55516,
            89.997505
        ],
        [
            379.98923,
            -634.6956,
            270.67627,
            89.6492,
            -178.54616,
            89.99489
        ],
        [
            379.97992,
            -637.79694,
            270.59973,
            89.69646,
            -178.53874,
            89.99462
        ],
        [
            379.98236,
            -640.5165,
            270.5674,
            89.741165,
            -178.52992,
            89.99449
        ],
        [
            379.96664,
            -641.87714,
            270.49295,
            89.76098,
            -178.5308,
            89.993706
        ],
        [
            379.95984,
            -644.2738,
            270.2892,
            89.79133,
            -178.53465,
            89.99212
        ],
        [
            379.95398,
            -645.7925,
            270.1784,
            89.81094,
            -178.53606,
            89.99077
        ],
        [
            379.94336,
            -648.1605,
            270.09628,
            89.846825,
            -178.52945,
            89.98634
        ],
        [
            379.93384,
            -650.0152,
            270.04776,
            89.873955,
            -178.5244,
            89.98527
        ],
        [
            379.94794,
            -651.9794,
            270.00226,
            89.90303,
            -178.51926,
            89.98908
        ],
        [
            379.9579,
            -652.96936,
            269.95102,
            89.91717,
            -178.51794,
            89.99071
        ],
        [
            379.95816,
            -653.8014,
            269.90985,
            89.930565,
            -178.51854,
            89.98998
        ],
        [
            379.95142,
            -654.8223,
            269.8409,
            89.94449,
            -178.51965,
            89.98871
        ],
        [
            379.93945,
            -655.6552,
            269.77554,
            89.95496,
            -178.5202,
            89.987595
        ],
        [
            379.92096,
            -656.12427,
            269.70557,
            89.957985,
            -178.52577,
            89.98701
        ],
        [
            379.91306,
            -656.3725,
            269.68414,
            89.96021,
            -178.5262,
            89.98701
        ],
        [
            379.91095,
            -656.46155,
            269.70993,
            89.961586,
            -178.52383,
            89.98767
        ],
        [
            379.91333,
            -656.48035,
            269.736,
            89.96239,
            -178.52136,
            89.987755
        ],
        [
            379.91467,
            -656.4799,
            269.73547,
            89.96245,
            -178.52127,
            89.98789
        ],
        [
            379.9145,
            -656.4799,
            269.736,
            89.962425,
            -178.52104,
            89.98795
        ],
        [
            379.91565,
            -656.47974,
            269.73862,
            89.962494,
            -178.52078,
            89.98794
        ],
        [
            379.91608,
            -656.47864,
            269.7346,
            89.96226,
