{
    "CMD": 4002,
    "motion_trajectory": [
        [
            447.97818,
            -656.3708,
            267.93307,
            89.97975,
            -178.50993,
            90.00065
        ],
        [
            447.97827,
            -656.3707,
            267.93286,
            89.979774,
            -178.51006,
            90.000534
        ],
        [
            447.9785,
            -656.3708,
            267.93262,
            89.97982,
            -178.50998,
            90.000534
        ],
        [
            447.97833,
            -656.3709,
            267.93314,
            89.97979,
            -178.50996,
            90.000534
        ],
        [
            447.97833,
            -656.37103,
            267.93314,
            89.97979,
            -178.5099,
            90.00048
        ],
        [
            447.9779,
            -656.3714,
            267.93344,
            89.9798,
            -178.50987,
            90.000374
        ],
        [
            447.97827,
            -656.3707,
            267.93286,
            89.979774,
            -178.50995,
            90.000534
        ],
        [
            447.97833,
            -656.37103,
            267.93314,
            89.97979,
            -178.5099,
            90.00048
        ],
        [
            447.97372,
            -656.373,
            267.93097,
            89.97877,
            -178.51007,
            90.001114
        ],
        [
            447.97147,
            -656.37384,
            267.92993,
            89.978134,
            -178.50986,
            90.0014
        ],
        [
            447.97037,
            -656.3744,
            267.92996,
            89.97799,
            -178.50972,
            90.00132
        ],
        [
            447.97037,
            -656.37427,
            267.9297,
            89.977844,
            -178.5097,
            90.00138
        ],
        [
            447.97037,
            -656.37384,
            267.92792,
            89.977806,
            -178.50984,
            90.00138
        ],
        [
            447.96854,
            -656.3751,
            267.93018,
            89.97751,
            -178.51003,
            90.00149
        ],
        [
            447.96387,
            -656.3789,
            267.94897,
            89.97674,
            -178.51096,
            90.00147
        ],
        [
            447.95557,
            -656.38544,
            268.01852,
            89.97575,
            -178.51353,
            90.00181
        ],
        [
            447.93506,
            -656.40375,
            268.1999,
            89.97386,
            -178.51758,
            90.00233
        ],
        [
            447.9223,
            -656.4166,
            268.36185,
            89.9737,
            -178.51677,
            90.00253
        ],
        [
            447.90247,
            -656.44336,
            268.70886,
            89.975494,
            -178.51155,
            89.99975
        ],
        [
            447.89377,
            -656.46246,
            269.0157,
            89.97758,
            -178.50621,
            89.99852
        ],
        [
            447.885,
            -656.49365,
            269.56946,
            89.9826,
            -178.4973,
            89.99634
        ],
        [
            447.88376,
            -656.503,
            269.79895,
            89.98287,
            -178.49547,
            89.99517
        ],
        [
            447.882,
            -656.49963,
            269.88132,
            89.97939,
            -178.49745,
            89.9943
        ],
        [
            447.8826,
            -656.5004,
            269.91153,
            89.97754,
            -178.49857,
            89.9925
        ],
        [
            447.88275,
            -656.4978,
            269.91678,
            89.975365,
            -178.50023,
            89.99104
        ],
        [
            447.88702,
            -656.4909,
            269.9058,
            89.9735,
            -178.50279,
            89.9897
        ],
        [
            447.89047,
            -656.48566,
            269.90088,
            89.97259,
            -178.50368,
            89.98916
        ],
        [
            447.87897,
            -656.4882,
            269.90863,
            89.97206,
            -178.50346,
            89.988976
        ],
        [
            447.82553,
            -656.474,
            269.90134,
            89.96957,
            -178.50674,
            89.98857
        ],
        [
            447.70844,
            -656.4484,
            269.88184,
            89.965065,
            -178.51175,
            89.9891
        ],
        [
            447.34937,
            -656.4189,
            269.8642,
            89.95642,
            -178.51411,
            89.990036
        ],
        [
            446.566,
            -656.4429,
            269.82635,
            89.94719,
            -178.51445,
            89.9863
        ],
        [
            445.45364,
            -656.48285,
            269.86847,
            89.94523,
            -178.5115,
            89.98314
        ],
        [
            444.13928,
            -656.5035,
            269.86987,
            89.946724,
            -178.50758,
            89.98389
        ],
        [
            443.208,
            -656.50476,
            269.89764,
            89.9482,
            -178.50294,
            89.98476
        ],
        [
            441.5043,
            -656.4696,
            269.90222,
            89.9516,
            -178.49919,
            89.992325
        ],
        [
            439.60614,
            -656.45044,
            269.8625,
            89.95225,
            -178.50258,
            89.99072
        ],
        [
            437.39813,
            -656.4277,
            269.81216,
            89.95279,
            -178.50885,
            89.99096
        ],
        [
            435.06555,
            -656.41797,
            269.79462,
            89.9542,
            -178.51158,
            89.99111
        ],
        [
            432.4201,
            -656.4216,
            269.85428,
            89.96426,
            -178.50981,
            89.99147
        ],
        [
            429.5118,
            -656.41815,
            269.87442,
            89.97019,
            -178.50574,
            89.99775
        ],
        [
            426.49744,
            -656.39435,
            269.8777,
            89.97307,
            -178.5084,
            90.00253
        ],
        [
            423.5128,
            -656.3779,
            269.85455,
            89.97347,
            -178.5094,
            90.002266
        ],
        [
            419.3691,
            -656.3823,
            269.80994,
            89.97178,
            -178.50763,
            90.00032
        ],
        [
            415.93597,
            -656.42975,
            269.8039,
            89.97183,
            -178.50523,
            89.9939
        ],
        [
            412.30457,
            -656.4414,
            269.82303,
            89.97131,
            -178.50864,
            89.98569
        ],
        [
            408.56433,
            -656.4337,
            269.8768,
            89.97296,
            -178.50954,
            89.98514
        ],
        [
            404.99442,
            -656.42926,
            269.91125,
            89.97645,
            -178.51031,
            89.993164
        ],
        [
            402.31375,
            -656.43866,
            269.93073,
            89.97799,
            -178.50569,
            89.99678
        ],
        [
            400.6923,
            -656.44165,
            269.92975,
            89.9764,
            -178.50603,
            89.99503
        ],
        [
            399.09494,
            -656.44336,
            269.91205,
            89.97397,
