{
    "CMD": 4000,
    "motion_trajectory": [
        [
            448.83942,
            -541.40936,
            267.85187,
            89.9701,
            -178.56062,
            89.95063
        ],
        [
            448.83905,
            -541.4102,
            267.85226,
            89.9701,
            -178.56041,
            89.9506
        ],
        [
            448.83936,
            -541.4096,
            267.85147,
            89.970055,
            -178.56049,
            89.950645
        ],
        [
            448.83905,
            -541.41016,
            267.8517,
            89.97008,
            -178.5604,
            89.9506
        ],
        [
            448.84006,
            -541.4097,
            267.85306,
            89.970146,
            -178.56027,
            89.95069
        ],
        [
            448.83932,
            -541.4099,
            267.85214,
            89.970055,
            -178.56017,
            89.95066
        ],
        [
            448.83908,
            -541.4101,
            267.85284,
            89.97014,
            -178.56015,
            89.95065
        ],
        [
            448.83905,
            -541.4101,
            267.85175,
            89.97009,
            -178.56029,
            89.95065
        ],
        [
            448.83804,
            -541.4102,
            267.85193,
            89.96997,
            -178.56029,
            89.95125
        ],
        [
            448.83344,
            -541.404,
            267.85272,
            89.970726,
            -178.56015,
            89.95592
        ],
        [
            448.8337,
            -541.4024,
            267.8531,
            89.97095,
            -178.56018,
            89.95669
        ],
        [
            448.83365,
            -541.40265,
            267.85324,
            89.970924,
            -178.56012,
            89.9567
        ],
        [
            448.833,
            -541.4027,
            267.8527,
            89.970856,
            -178.56026,
            89.95661
        ],
        [
            448.83353,
            -541.40265,
            267.8529,
            89.97086,
            -178.5601,
            89.956604
        ],
        [
            448.83365,
            -541.40265,
            267.85324,
            89.970924,
            -178.56012,
            89.9567
        ],
        [
            448.83194,
            -541.40436,
            267.85858,
            89.970726,
            -178.56038,
            89.956726
        ],
        [
            448.8217,
            -541.41235,
            267.93704,
            89.96983,
            -178.55917,
            89.957344
        ],
        [
            448.78302,
            -541.46313,
            268.48248,
            89.97087,
            -178.55974,
            89.95429
        ],
        [
            448.7594,
            -541.5313,
            269.39642,
            89.97306,
            -178.55225,
            89.94415
        ],
        [
            448.76642,
            -541.551,
            269.7162,
            89.97022,
            -178.5545,
            89.93789
        ],
        [
            448.77103,
            -541.5445,
            269.70773,
            89.962265,
            -178.55917,
            89.935555
        ],
        [
            448.781,
            -541.5432,
            269.71637,
            89.95903,
            -178.56163,
            89.93234
        ],
        [
            448.789,
            -541.5353,
            269.70343,
            89.954414,
            -178.56552,
            89.92841
        ],
        [
            448.77994,
            -541.53735,
            269.7072,
            89.9538,
            -178.5651,
            89.92865
        ],
        [
            448.71713,
            -541.523,
            269.6972,
            89.9512,
            -178.568,
            89.92812
        ],
        [
            448.63318,
            -541.50946,
            269.69592,
            89.94981,
            -178.57034,
            89.927765
        ],
        [
            448.0335,
            -541.46136,
            269.69455,
            89.946335,
            -178.57405,
            89.92899
        ],
        [
            447.61774,
            -541.46655,
            269.6862,
            89.94462,
            -178.57494,
            89.927246
        ],
        [
            446.66498,
            -541.50214,
            269.6138,
            89.94052,
            -178.57718,
            89.92299
        ],
        [
            446.04575,
            -541.51904,
            269.5836,
            89.94004,
            -178.57799,
            89.92319
        ],
        [
            444.91907,
            -541.50476,
            269.52142,
            89.93629,
            -178.57962,
            89.92487
        ],
        [
            443.93143,
            -541.50616,
            269.45996,
            89.93524,
            -178.57811,
            89.92748
        ],
        [
            442.5582,
            -541.48615,
            269.43823,
            89.9377,
            -178.57326,
            89.93426
        ],
        [
            441.3036,
            -541.4769,
            269.37448,
            89.93897,
            -178.56935,
            89.94097
        ],
        [
            438.986,
            -541.48395,
            269.2694,
            89.94314,
            -178.56213,
            89.94759
        ],
        [
            436.62454,
            -541.47394,
            269.16653,
            89.94652,
            -178.56145,
            89.950874
        ],
        [
            433.90485,
            -541.4427,
            269.08353,
            89.95013,
            -178.55959,
            89.953865
        ],
        [
            430.99496,
            -541.4177,
            269.03,
            89.954865,
            -178.55399,
            89.951294
        ],
        [
            429.20108,
            -541.41296,
            268.965,
            89.95637,
            -178.55057,
            89.94941
        ],
        [
            426.0136,
            -541.424,
            268.8547,
            89.96077,
            -178.55003,
            89.94341
        ],
        [
            424.32422,
            -541.4218,
            268.79007,
            89.96391,
            -178.54944,
            89.94095
        ],
        [
            420.54913,
            -541.4317,
            268.65372,
            89.97373,
            -178.55397,
            89.93541
        ],
        [
            416.92914,
            -541.4066,
            268.5443,
            89.98435,
            -178.56209,
            89.93581
        ],
        [
            412.83682,
            -541.37683,
            268.41324,
            89.99503,
            -178.56993,
            89.937965
        ],
        [
            409.37936,
            -541.38226,
            268.2648,
            89.997795,
            -178.57515,
            89.93595
        ],
        [
            405.89737,
            -541.4209,
            268.11658,
            89.99655,
            -178.5732,
            89.93215
        ],
        [
            402.33948,
            -541.439,
            267.9751,
            89.98919,
            -178.57138,
            89.92672
        ],
        [
            399.17834,
            -541.4345,
            267.85916,
            89.986176,
            -178.56653,
            89.92968
        ],
        [
            396.94073,
            -541.4175,
            267.76324,
            89.983665,
            -178.56252,
            89.93593
        ],
        [
            394.779,
            -541.4141,
            267.67007,
            89.981964,
            -178.55693,
            89.94065
        ],
        [
            393.42868,
            -541.4188,
            267.63675,
            89.982185,
