{
    "CMD": 3012,
    "motion_trajectory": [
        [
            380.0004,
            -599.0003,
            272.09952,
            89.12987,
            -178.60995,
            89.9901
        ],
        [
            380.0004,
            -599.0003,
            272.09897,
            89.129845,
            -178.60994,
            89.9901
        ],
        [
            380.00085,
            -598.9995,
            272.09912,
            89.129875,
            -178.61006,
            89.99013
        ],
        [
            380.00046,
            -599.0001,
            272.09824,
            89.129845,
            -178.61005,
            89.99003
        ],
        [
            380.00113,
            -598.9997,
            272.0995,
            89.129944,
            -178.61009,
            89.99011
        ],
        [
            380.0,
            -599.0004,
            272.0988,
            89.12986,
            -178.61,
            89.98998
        ],
        [
            380.0004,
            -599.0003,
            272.09952,
            89.12987,
            -178.61,
            89.9901
        ],
        [
            379.99994,
            -599.0009,
            272.10046,
            89.129845,
            -178.61063,
            89.99074
        ],
        [
            379.99954,
            -599.00336,
            272.10178,
            89.12981,
            -178.61145,
            89.9909
        ],
        [
            379.99988,
            -599.0056,
            272.10355,
            89.12994,
            -178.61226,
            89.99078
        ],
        [
            379.99942,
            -599.00543,
            272.10364,
            89.12985,
            -178.61221,
            89.99087
        ],
        [
            379.99905,
            -599.00696,
            272.1047,
            89.12984,
            -178.61191,
            89.9908
        ],
        [
            379.99915,
            -599.007,
            272.105,
            89.12987,
            -178.61192,
            89.990845
        ],
        [
            379.99875,
            -599.00745,
            272.10583,
            89.12992,
            -178.61179,
            89.99085
        ],
        [
            379.99948,
            -599.00885,
            272.1063,
            89.12988,
            -178.6117,
            89.99082
        ],
        [
            380.0044,
            -599.0132,
            272.11224,
            89.13032,
            -178.61111,
            89.99081
        ],
        [
            380.03107,
            -599.0236,
            272.12567,
            89.131424,
            -178.61067,
            89.991295
        ],
        [
            380.20337,
            -599.0382,
            272.1653,
            89.13363,
            -178.60728,
            89.993515
        ],
        [
            380.63284,
            -599.0377,
            272.21347,
            89.13509,
            -178.60297,
            89.996254
        ],
        [
            381.39423,
            -599.00885,
            272.25668,
            89.134415,
            -178.60211,
            89.99986
        ],
        [
            382.53555,
            -598.9964,
            272.27783,
            89.132355,
            -178.60132,
            90.00076
        ],
        [
            383.87082,
            -599.01953,
            272.27347,
            89.12952,
            -178.60199,
            89.99669
        ],
        [
            385.42752,
            -599.0135,
            272.28326,
            89.12626,
            -178.60573,
            89.99414
        ],
        [
            387.19122,
            -599.0235,
            272.3545,
            89.125824,
            -178.60603,
            89.99079
        ],
        [
            388.56903,
            -599.0197,
            272.42487,
            89.12721,
            -178.60602,
            89.99221
        ],
        [
            390.78806,
            -599.05383,
            272.55667,
            89.13179,
            -178.60234,
            89.99061
        ],
        [
            393.8005,
            -599.0668,
            272.65262,
            89.13563,
            -178.60138,
            89.98936
        ],
        [
            396.575,
            -599.05316,
            272.69684,
            89.1374,
            -178.60963,
            89.98658
        ],
        [
            399.59726,
            -599.0537,
            272.76434,
            89.13809,
            -178.61562,
            89.980125
        ],
        [
            402.8348,
            -599.05096,
            272.86407,
            89.138535,
            -178.61702,
            89.97372
        ],
        [
            406.38925,
            -599.06976,
            272.9789,
            89.1391,
            -178.61443,
            89.971214
        ],
        [
            410.1741,
            -599.0741,
            273.07172,
            89.13846,
            -178.61227,
            89.97255
        ],
        [
            413.74475,
            -599.0424,
            273.12985,
            89.13652,
            -178.61685,
            89.97759
        ],
        [
            417.3995,
            -599.0196,
            273.2053,
            89.135284,
            -178.6161,
            89.98229
        ],
        [
            421.224,
            -599.0101,
            273.3646,
            89.13629,
            -178.61209,
            89.98125
        ],
        [
            424.74963,
            -599.00507,
            273.4801,
            89.13489,
            -178.61194,
            89.97932
        ],
        [
            428.09164,
            -599.00165,
            273.58502,
            89.131676,
            -178.61098,
            89.980286
        ],
        [
            430.9258,
            -598.9932,
            273.64328,
            89.12652,
            -178.61426,
            89.98276
        ],
        [
            432.2963,
            -598.9903,
            273.69455,
            89.12476,
            -178.61246,
            89.98448
        ],
        [
            436.8516,
            -599.01227,
            273.82245,
            89.11861,
            -178.60686,
            89.99129
        ],
        [
            438.5928,
            -598.9971,
            273.8623,
            89.11779,
            -178.60596,
            89.99516
        ],
        [
            440.4299,
            -598.9776,
            273.8837,
            89.11805,
            -178.6098,
            89.99634
        ],
        [
            442.28418,
            -598.995,
            273.90936,
            89.117676,
            -178.61333,
            89.98968
        ],
        [
            444.07312,
            -599.0034,
            273.93124,
            89.114235,
            -178.6144,
            89.98233
        ],
        [
            445.46848,
            -598.9893,
            273.96667,
            89.11382,
            -178.61478,
            89.98226
        ],
        [
            446.07666,
            -598.99005,
            274.00427,
            89.11514,
            -178.61345,
            89.98102
        ],
        [
            447.1617,
            -598.9888,
            274.03387,
            89.115616,
            -178.61179,
            89.98123
        ],
        [
            447.90836,
            -598.98944,
            274.0851,
            89.11865,
            -178.61006,
            89.984535
        ],
        [
            448.40802,
            -598.9849,
            274.1048,
            89.119896,
            -178.60933,
            89.986176
        ],
        [
            448.67337,
            -598.9796,
            274.12018,
            89.12088,
            -178.6121,
            89.986534
        ],
        [
            448.7529,
            -598.96826,
            274.1004,
            89.11805,
