{
    "CMD": 4001,
    "motion_trajectory": [
        [
            448.68475,
            -598.9907,
            272.09955,
            89.12879,
            -178.61002,
            89.990875
        ],
        [
            448.68448,
            -598.9908,
            272.09854,
            89.12868,
            -178.61006,
            89.99078
        ],
        [
            448.68533,
            -598.9907,
            272.0992,
            89.12877,
            -178.60991,
            89.990814
        ],
        [
            448.6849,
            -598.9908,
            272.09842,
            89.12877,
            -178.61006,
            89.99076
        ],
        [
            448.68463,
            -598.9906,
            272.09866,
            89.12874,
            -178.61009,
            89.99082
        ],
        [
            448.6842,
            -598.99097,
            272.09982,
            89.12878,
            -178.60995,
            89.990776
        ],
        [
            448.6848,
            -598.99054,
            272.09933,
            89.12881,
            -178.60992,
            89.990814
        ],
        [
            448.68494,
            -598.99054,
            272.09988,
            89.12874,
            -178.61024,
            89.99116
        ],
        [
            448.68344,
            -598.98895,
            272.1001,
            89.12902,
            -178.61035,
            89.99257
        ],
        [
            448.68344,
            -598.98724,
            272.10043,
            89.12921,
            -178.61037,
            89.99347
        ],
        [
            448.68347,
            -598.9877,
            272.1003,
            89.12919,
            -178.6103,
            89.99348
        ],
        [
            448.6838,
            -598.98755,
            272.10052,
            89.12928,
            -178.61029,
            89.993454
        ],
        [
            448.68353,
            -598.98737,
            272.10074,
            89.12924,
            -178.61032,
            89.99352
        ],
        [
            448.68295,
            -598.98773,
            272.10043,
            89.1292,
            -178.61037,
            89.99337
        ],
        [
            448.68304,
            -598.98785,
            272.10013,
            89.1292,
            -178.61037,
            89.99337
        ],
        [
            448.6827,
            -598.9884,
            272.10278,
            89.12932,
            -178.61049,
            89.99337
        ],
        [
            448.68256,
            -598.9897,
            272.12076,
            89.129684,
            -178.6109,
            89.99334
        ],
        [
            448.68262,
            -598.9908,
            272.16187,
            89.13079,
            -178.61133,
            89.993225
        ],
        [
            448.67755,
            -599.00134,
            272.3581,
            89.13438,
            -178.61337,
            89.99269
        ],
        [
            448.66226,
            -599.02356,
            272.68393,
            89.13768,
            -178.61397,
            89.99193
        ],
        [
            448.6365,
            -599.05975,
            273.26248,
            89.141136,
            -178.60948,
            89.989815
        ],
        [
            448.62262,
            -599.07513,
            273.53726,
            89.14147,
            -178.60701,
            89.988884
        ],
        [
            448.61108,
            -599.0954,
            273.9333,
            89.140915,
            -178.60504,
            89.98745
        ],
        [
            448.60736,
            -599.1012,
            274.1472,
            89.138885,
            -178.6051,
            89.985344
        ],
        [
            448.6031,
            -599.09937,
            274.1841,
            89.13521,
            -178.60469,
            89.98439
        ],
        [
            448.606,
            -599.09937,
            274.21112,
            89.13268,
            -178.60542,
            89.98227
        ],
        [
            448.60883,
            -599.0981,
            274.21268,
            89.12976,
            -178.60707,
            89.98047
        ],
        [
            448.61163,
            -599.09314,
            274.20578,
            89.12729,
            -178.60794,
            89.98013
        ],
        [
            448.61407,
            -599.0876,
            274.19812,
            89.125305,
            -178.60896,
            89.97988
        ],
        [
            448.61542,
            -599.0834,
            274.19183,
            89.12385,
            -178.60966,
            89.9794
        ],
        [
            448.6116,
            -599.0837,
            274.19327,
            89.12278,
            -178.6106,
            89.978676
        ],
        [
            448.591,
            -599.0775,
            274.19394,
            89.12166,
            -178.61151,
            89.9788
        ],
        [
            448.49915,
            -599.05664,
            274.18292,
            89.11874,
            -178.61653,
            89.97832
        ],
        [
            448.18216,
            -599.01886,
            274.17334,
            89.11302,
            -178.62012,
            89.981346
        ],
        [
            447.562,
            -599.0226,
            274.16412,
            89.10632,
            -178.61856,
            89.98086
        ],
        [
            446.56882,
            -599.06085,
            274.1374,
            89.099915,
            -178.61632,
            89.97594
        ],
        [
            445.3575,
            -599.0826,
            274.06415,
            89.09269,
            -178.6158,
            89.9724
        ],
        [
            443.9096,
            -599.05774,
            273.98996,
            89.09133,
            -178.61533,
            89.97831
        ],
        [
            442.19003,
            -599.0387,
            273.88577,
            89.09147,
            -178.61552,
            89.98183
        ],
        [
            440.34216,
            -599.025,
            273.8167,
            89.09417,
            -178.6127,
            89.984886
        ],
        [
            438.15475,
            -599.0165,
            273.7827,
            89.100586,
            -178.60773,
            89.99108
        ],
        [
            435.58865,
            -599.01324,
            273.74048,
            89.107574,
            -178.60489,
            89.99604
        ],
        [
            433.12744,
            -599.0349,
            273.71146,
            89.114075,
            -178.60027,
            89.99809
        ],
        [
            429.96353,
            -598.9993,
            273.61404,
            89.11777,
            -178.6057,
            89.997284
        ],
        [
            427.11307,
            -598.9705,
            273.49893,
            89.12271,
            -178.6146,
            89.99663
        ],
        [
            423.59543,
            -598.96814,
            273.3747,
            89.12559,
            -178.61823,
            89.98916
        ],
        [
            419.37912,
            -599.008,
            273.27072,
            89.13018,
            -178.61317,
            89.98285
        ],
        [
            417.51044,
            -599.01385,
            273.22507,
            89.13194,
            -178.61247,
            89.98248
        ],
        [
            415.48093,
            -599.0035,
            273.16257,
            89.133415,
            -178.61232,
            89.985306
        ],
        [
            412.7617,
            -598.9988,
            273.08905,
            89.132645,
            -178.61212,
            89.98802
        ],
        [
            408.5163,
            -598.98895,
            272.94992,
