{
    "CMD": 4001,
    "motion_trajectory": [
        [
            448.68307,
            -598.9885,
            272.09503,
            89.12852,
            -178.61069,
            89.99099
        ],
        [
            448.68286,
            -598.98895,
            272.09485,
            89.12856,
            -178.61066,
            89.99094
        ],
        [
            448.68362,
            -598.9889,
            272.09637,
            89.12867,
            -178.6105,
            89.99092
        ],
        [
            448.68353,
            -598.98895,
            272.0954,
            89.12861,
            -178.61041,
            89.99098
        ],
        [
            448.6839,
            -598.98865,
            272.0951,
            89.12856,
            -178.6105,
            89.99092
        ],
        [
            448.6835,
            -598.9886,
            272.09552,
            89.12863,
            -178.61043,
            89.990974
        ],
        [
            448.68378,
            -598.9889,
            272.0959,
            89.12868,
            -178.61041,
            89.99086
        ],
        [
            448.68372,
            -598.9891,
            272.09665,
            89.128685,
            -178.61035,
            89.99092
        ],
        [
            448.6824,
            -598.9898,
            272.09665,
            89.128654,
            -178.61078,
            89.99151
        ],
        [
            448.68256,
            -598.9898,
            272.0967,
            89.12869,
            -178.6108,
            89.99145
        ],
        [
            448.68234,
            -598.9901,
            272.0968,
            89.12862,
            -178.6107,
            89.99147
        ],
        [
            448.68192,
            -598.9901,
            272.09604,
            89.12863,
            -178.61076,
            89.99146
        ],
        [
            448.6823,
            -598.9896,
            272.09634,
            89.12863,
            -178.61076,
            89.99151
        ],
        [
            448.6821,
            -598.99036,
            272.1019,
            89.12873,
            -178.61084,
            89.99153
        ],
        [
            448.68213,
            -598.9921,
            272.1322,
            89.12955,
            -178.61024,
            89.99144
        ],
        [
            448.68158,
            -598.9945,
            272.19257,
            89.13108,
            -178.60999,
            89.99126
        ],
        [
            448.67993,
            -599.0001,
            272.31247,
            89.13383,
            -178.61086,
            89.991
        ],
        [
            448.67432,
            -599.0109,
            272.49924,
            89.13681,
            -178.61134,
            89.99051
        ],
        [
            448.66672,
            -599.0259,
            272.6901,
            89.13869,
            -178.6116,
            89.98869
        ],
        [
            448.64313,
            -599.0596,
            273.21545,
            89.1425,
            -178.60828,
            89.98704
        ],
        [
            448.61975,
            -599.0862,
            273.66864,
            89.1424,
            -178.60591,
            89.98569
        ],
        [
            448.60724,
            -599.1079,
            273.9979,
            89.14091,
            -178.60594,
            89.983505
        ],
        [
            448.6029,
            -599.10394,
            274.178,
            89.134056,
            -178.60583,
            89.98186
        ],
        [
            448.6056,
            -599.10284,
            274.19775,
            89.13209,
            -178.60515,
            89.98125
        ],
        [
            448.60828,
            -599.1011,
            274.21173,
            89.12946,
            -178.60626,
            89.97939
        ],
        [
            448.6075,
            -599.0946,
            274.19846,
            89.12568,
            -178.60843,
            89.97814
        ],
        [
            448.61075,
            -599.08704,
            274.18918,
            89.12256,
            -178.60864,
            89.977715
        ],
        [
            448.60596,
            -599.0875,
            274.18982,
            89.121376,
            -178.60866,
            89.9772
        ],
        [
            448.5746,
            -599.08154,
            274.18808,
            89.11977,
            -178.61026,
            89.976456
        ],
        [
            448.44687,
            -599.0521,
            274.17566,
            89.11623,
            -178.6163,
            89.97685
        ],
        [
            448.1054,
            -599.01746,
            274.1736,
            89.110794,
            -178.61932,
            89.98024
        ],
        [
            447.42377,
            -599.0364,
            274.15845,
            89.10433,
            -178.61671,
            89.97864
        ],
        [
            446.37827,
            -599.07227,
            274.1324,
            89.09787,
            -178.61394,
            89.973495
        ],
        [
            445.1039,
            -599.0775,
            274.0405,
            89.0911,
            -178.61465,
            89.972206
        ],
        [
            443.48895,
            -599.05414,
            273.9689,
            89.0909,
            -178.61475,
            89.977104
        ],
        [
            441.86182,
            -599.0288,
            273.8776,
            89.09255,
            -178.61496,
            89.98202
        ],
        [
            439.7928,
            -599.0203,
            273.805,
            89.095985,
            -178.61157,
            89.985756
        ],
        [
            437.77963,
            -599.0111,
            273.7783,
            89.10221,
            -178.60574,
            89.990974
        ],
        [
            435.28598,
            -599.0035,
            273.7399,
            89.10878,
            -178.60287,
            89.99627
        ],
        [
            432.67953,
            -599.0227,
            273.70258,
            89.11517,
            -178.59952,
            89.9977
        ],
        [
            430.39648,
            -599.0034,
            273.63327,
            89.117485,
            -178.6033,
            89.99595
        ],
        [
            428.9677,
            -598.9928,
            273.5754,
            89.11923,
            -178.6077,
            89.995
        ],
        [
            427.23752,
            -598.9751,
            273.51694,
            89.12223,
            -178.61162,
            89.99604
        ],
        [
            423.67514,
            -598.97076,
            273.3912,
            89.12529,
            -178.61514,
            89.99064
        ],
        [
            421.75378,
            -598.9825,
            273.32083,
            89.1265,
            -178.61603,
            89.98814
        ],
        [
            417.64764,
            -599.018,
            273.2381,
            89.13115,
            -178.61151,
            89.98351
        ],
        [
            413.95862,
            -599.0071,
            273.11948,
            89.13209,
            -178.61195,
            89.98725
        ],
        [
            409.9571,
            -598.99036,
            272.97748,
            89.12952,
            -178.61143,
            89.99141
        ],
        [
            406.6425,
            -598.9993,
            272.8949,
            89.12925,
            -178.6073,
            89.99074
        ],
        [
            403.04117,
            -599.04126,
            272.84857,
            89.13207,
            -178.60324,
            89.98516
        ],
        [
            399.61252,
            -599.0665,
            272.76624,
            89.13082,
            -178.6047,
