{
    "CMD": 3003,
    "motion_trajectory": [
        [
            380.0007,
            -599.0006,
            272.09863,
            89.12962,
            -178.60991,
            89.990204
        ],
        [
            380.0008,
            -599.0004,
            272.09845,
            89.12964,
            -178.60999,
            89.99014
        ],
        [
            380.0006,
            -599.00037,
            272.09784,
            89.12959,
            -178.61,
            89.990204
        ],
        [
            380.00134,
            -599.0003,
            272.09705,
            89.12961,
            -178.61,
            89.99019
        ],
        [
            380.0008,
            -599.0003,
            272.09738,
            89.12962,
            -178.61006,
            89.9902
        ],
        [
            380.00183,
            -599.0001,
            272.0977,
            89.12962,
            -178.61006,
            89.9902
        ],
        [
            380.00098,
            -599.0003,
            272.09805,
            89.129684,
            -178.61005,
            89.99018
        ],
        [
            380.0009,
            -599.00055,
            272.0982,
            89.129654,
            -178.60999,
            89.99019
        ],
        [
            380.00043,
            -599.00146,
            272.09906,
            89.12959,
            -178.61032,
            89.990685
        ],
        [
            379.99908,
            -599.0115,
            272.106,
            89.129364,
            -178.61206,
            89.991104
        ],
        [
            380.00085,
            -599.02985,
            272.11337,
            89.129395,
            -178.61183,
            89.991234
        ],
        [
            380.0071,
            -599.06696,
            272.12445,
            89.130005,
            -178.61053,
            89.99153
        ],
        [
            380.03024,
            -599.18524,
            272.15472,
            89.13323,
            -178.60689,
            89.99183
        ],
        [
            380.0657,
            -599.3973,
            272.18146,
            89.138504,
            -178.60335,
            89.99213
        ],
        [
            380.11526,
            -599.8891,
            272.18646,
            89.14681,
            -178.60078,
            89.993484
        ],
        [
            380.14368,
            -600.2497,
            272.17236,
            89.15348,
            -178.59854,
            89.99427
        ],
        [
            380.15842,
            -600.6607,
            272.13284,
            89.15944,
            -178.5991,
            89.994865
        ],
        [
            380.1644,
            -601.825,
            272.06262,
            89.177925,
            -178.6027,
            89.99384
        ],
        [
            380.15475,
            -602.70575,
            272.06537,
            89.1942,
            -178.60118,
            89.99202
        ],
        [
            380.15076,
            -603.71606,
            272.0637,
            89.21119,
            -178.59795,
            89.99085
        ],
        [
            380.1468,
            -605.0158,
            272.04355,
            89.23261,
            -178.59175,
            89.98897
        ],
        [
            380.11856,
            -606.90796,
            271.93484,
            89.25538,
            -178.59042,
            89.98826
        ],
        [
            380.09454,
            -608.9857,
            271.8091,
            89.27957,
            -178.58817,
            89.990105
        ],
        [
            380.09464,
            -610.2989,
            271.758,
            89.29843,
            -178.58621,
            89.99099
        ],
        [
            380.0819,
            -612.99994,
            271.63556,
            89.33854,
            -178.57794,
            89.99329
        ],
        [
            380.07526,
            -615.6815,
            271.47934,
            89.37902,
            -178.57906,
            89.99235
        ],
        [
            380.07025,
            -617.40045,
            271.42886,
            89.40526,
            -178.57483,
            89.99222
        ],
        [
            380.05722,
            -619.22894,
            271.3916,
            89.43307,
            -178.56868,
            89.99125
        ],
        [
            380.04565,
            -622.71204,
            271.2943,
            89.48468,
            -178.5614,
            89.99203
        ],
        [
            380.03833,
            -626.096,
            271.1756,
            89.53271,
            -178.55363,
            89.996445
        ],
        [
            380.03137,
            -629.6652,
            270.9682,
            89.58295,
            -178.55031,
            89.998344
        ],
        [
            379.9898,
            -633.35095,
            270.73248,
            89.62916,
            -178.5481,
            89.99551
        ],
        [
            379.96942,
            -636.7221,
            270.62262,
            89.67794,
            -178.54193,
            89.99479
        ],
        [
            379.97324,
            -638.2021,
            270.58405,
            89.70129,
            -178.53928,
            89.99603
        ],
        [
            379.96564,
            -642.8165,
            270.4244,
            89.77288,
            -178.53183,
            89.99315
        ],
        [
            379.95587,
            -645.7021,
            270.19077,
            89.809326,
            -178.53392,
            89.99067
        ],
        [
            379.95175,
            -647.75195,
            270.12308,
            89.84056,
            -178.52841,
            89.98678
        ],
        [
            379.94937,
            -649.8812,
            270.04654,
            89.87191,
            -178.52379,
            89.9869
        ],
        [
            379.9555,
            -651.52155,
            270.01157,
            89.8962,
            -178.52094,
            89.98974
        ],
        [
            379.9688,
            -652.8113,
            269.94775,
            89.91551,
            -178.52014,
            89.99197
        ],
        [
            379.96695,
            -654.2283,
            269.88873,
            89.93875,
            -178.52141,
            89.990166
        ],
        [
            379.9561,
            -654.8259,
            269.8452,
            89.94639,
            -178.52045,
            89.989105
        ],
        [
            379.94226,
            -655.4936,
            269.78934,
            89.95423,
            -178.51889,
            89.98777
        ],
        [
            379.9294,
            -655.92596,
            269.75214,
            89.95811,
            -178.5226,
            89.98708
        ],
        [
            379.9175,
            -656.30536,
            269.6919,
            89.96047,
            -178.5257,
            89.98715
        ],
        [
            379.9123,
            -656.42957,
            269.7106,
            89.961945,
            -178.524,
            89.98798
        ],
        [
            379.9122,
            -656.46497,
            269.73294,
            89.962395,
            -178.52194,
            89.98854
        ],
        [
            379.9127,
            -656.47797,
            269.74954,
            89.96277,
            -178.52031,
            89.98873
        ],
        [
            379.91504,
            -656.48364,
            269.7583,
            89.96316,
            -178.51906,
            89.98879
        ],
        [
            379.9153,
            -656.48315,
            269.7591,
            89.963135,
            -178.51889,
            89.9889
        ],
        [
            379.9177,
            -656.48224,
            269.76126,
            89.96324,
