{
    "CMD": 4000,
    "motion_trajectory": [
        [
            448.84003,
            -541.41125,
            267.85596,
            89.970375,
            -178.56026,
            89.95051
        ],
        [
            448.83966,
            -541.41144,
            267.85513,
            89.970245,
            -178.5603,
            89.95049
        ],
        [
            448.83966,
            -541.41156,
            267.8551,
            89.97022,
            -178.56041,
            89.95045
        ],
        [
            448.83972,
            -541.41113,
            267.855,
            89.97028,
            -178.56038,
            89.95053
        ],
        [
            448.8394,
            -541.41125,
            267.85535,
            89.970215,
            -178.56029,
            89.95056
        ],
        [
            448.83984,
            -541.41144,
            267.8558,
            89.97031,
            -178.56029,
            89.95048
        ],
        [
            448.83957,
            -541.4114,
            267.85483,
            89.9702,
            -178.56029,
            89.95045
        ],
        [
            448.83984,
            -541.4113,
            267.85583,
            89.97033,
            -178.56024,
            89.95053
        ],
        [
            448.83972,
            -541.41125,
            267.85553,
            89.97028,
            -178.56027,
            89.95048
        ],
        [
            448.83893,
            -541.412,
            267.85568,
            89.97026,
            -178.56026,
            89.950874
        ],
        [
            448.83713,
            -541.4085,
            267.85522,
            89.97068,
            -178.56023,
            89.95319
        ],
        [
            448.83655,
            -541.40137,
            267.8525,
            89.972015,
            -178.5602,
            89.95695
        ],
        [
            448.83548,
            -541.3951,
            267.82065,
            89.972244,
            -178.55318,
            89.95964
        ],
        [
            448.83484,
            -541.38983,
            267.7609,
            89.97167,
            -178.54681,
            89.96157
        ],
        [
            448.8337,
            -541.38,
            267.56998,
            89.969086,
            -178.54164,
            89.962845
        ],
        [
            448.83194,
            -541.3763,
            267.4585,
            89.967705,
            -178.54182,
            89.9628
        ],
        [
            448.82825,
            -541.37445,
            267.34335,
            89.96591,
            -178.54216,
            89.96238
        ],
        [
            448.8217,
            -541.37415,
            267.2471,
            89.96428,
            -178.54266,
            89.96175
        ],
        [
            448.81973,
            -541.37695,
            267.17978,
            89.964355,
            -178.5431,
            89.95972
        ],
        [
            448.8241,
            -541.3772,
            267.1707,
            89.96604,
            -178.54301,
            89.95848
        ],
        [
            448.8289,
            -541.3774,
            267.16684,
            89.968056,
            -178.54257,
            89.95731
        ],
        [
            448.83557,
            -541.3753,
            267.15616,
            89.96978,
            -178.54286,
            89.956375
        ],
        [
            448.8462,
            -541.37146,
            267.12643,
            89.972084,
            -178.54413,
            89.95448
        ],
        [
            448.85156,
            -541.3708,
            267.12225,
            89.97377,
            -178.54411,
            89.95352
        ],
        [
            448.85782,
            -541.3699,
            267.12314,
            89.97564,
            -178.54373,
            89.95265
        ],
        [
            448.8613,
            -541.36884,
            267.1256,
            89.97668,
            -178.54233,
            89.95213
        ],
        [
            448.8619,
            -541.3691,
            267.13083,
            89.976974,
            -178.54216,
            89.95197
        ],
        [
            448.8622,
            -541.37103,
            267.1415,
            89.97728,
            -178.54225,
            89.95181
        ],
        [
            448.8639,
            -541.374,
            267.17252,
            89.977974,
            -178.54407,
            89.95119
        ],
        [
            448.86444,
            -541.38293,
            267.30667,
            89.98026,
            -178.55211,
            89.94927
        ],
        [
            448.86188,
            -541.4007,
            267.54587,
            89.982254,
            -178.56236,
            89.94664
        ],
        [
            448.84454,
            -541.442,
            268.10733,
            89.986786,
            -178.56543,
            89.94275
        ],
        [
            448.8361,
            -541.46155,
            268.35266,
            89.98782,
            -178.56462,
            89.94041
        ],
        [
            448.82333,
            -541.4868,
            268.65396,
            89.987686,
            -178.56346,
            89.93772
        ],
        [
            448.81076,
            -541.5106,
            268.94714,
            89.98706,
            -178.56203,
            89.93542
        ],
        [
            448.80032,
            -541.52954,
            269.21796,
            89.98602,
            -178.55986,
            89.93371
        ],
        [
            448.79242,
            -541.54443,
            269.41663,
            89.98383,
            -178.55933,
            89.93207
        ],
        [
            448.7885,
            -541.55756,
            269.65884,
            89.97906,
            -178.56015,
            89.93073
        ],
        [
            448.79367,
            -541.5561,
            269.7088,
            89.97658,
            -178.56091,
            89.93042
        ],
        [
            448.79492,
            -541.55334,
            269.71735,
            89.97227,
            -178.56036,
            89.93049
        ],
        [
            448.79797,
            -541.54846,
            269.7113,
            89.96922,
            -178.5613,
            89.930305
        ],
        [
            448.8006,
            -541.54395,
            269.70282,
            89.96577,
            -178.56299,
            89.930016
        ],
        [
            448.7986,
            -541.5446,
            269.7027,
            89.962204,
            -178.56389,
            89.92948
        ],
        [
            448.79745,
            -541.54474,
            269.70694,
            89.959496,
            -178.56465,
            89.92884
        ],
        [
            448.79352,
            -541.5417,
            269.69473,
            89.95521,
            -178.56592,
            89.9282
        ],
        [
            448.79172,
            -541.54004,
            269.68967,
            89.95343,
            -178.56618,
            89.92815
        ],
        [
            448.79037,
            -541.54047,
            269.68726,
            89.952385,
            -178.56665,
            89.92792
        ],
        [
            448.77502,
            -541.5451,
            269.68805,
            89.95091,
            -178.56671,
            89.92813
        ],
        [
            448.74973,
            -541.54297,
            269.68558,
            89.94967,
            -178.56746,
            89.92774
        ],
        [
            448.6911,
            -541.52966,
            269.68,
            89.94798,
            -178.57005,
            89.92764
        ],
        [
            448.608,
            -541.51697,
            269.6825,
