{
    "CMD": 4000,
    "motion_trajectory": [
        [
            448.835,
            -541.40753,
            267.84555,
            89.969055,
            -178.56052,
            89.95062
        ],
        [
            448.83432,
            -541.4082,
            267.84558,
            89.96899,
            -178.56042,
            89.950615
        ],
        [
            448.83432,
            -541.4081,
            267.8456,
            89.96901,
            -178.56042,
            89.95066
        ],
        [
            448.83514,
            -541.4082,
            267.84622,
            89.96908,
            -178.56027,
            89.95064
        ],
        [
            448.8348,
            -541.40753,
            267.846,
            89.969055,
            -178.5604,
            89.95069
        ],
        [
            448.83423,
            -541.408,
            267.84534,
            89.96897,
            -178.56036,
            89.950615
        ],
        [
            448.83493,
            -541.4077,
            267.84573,
            89.969055,
            -178.5604,
            89.95069
        ],
        [
            448.8241,
            -541.4018,
            267.83917,
            89.96826,
            -178.55952,
            89.95731
        ],
        [
            448.8244,
            -541.3921,
            267.79382,
            89.96865,
            -178.55537,
            89.96115
        ],
        [
            448.82422,
            -541.387,
            267.73734,
            89.96801,
            -178.55095,
            89.96297
        ],
        [
            448.82742,
            -541.374,
            267.50247,
            89.96571,
            -178.54924,
            89.96429
        ],
        [
            448.8255,
            -541.3663,
            267.31628,
            89.962814,
            -178.55063,
            89.964195
        ],
        [
            448.8188,
            -541.3667,
            267.17526,
            89.9613,
            -178.55116,
            89.9628
        ],
        [
            448.81876,
            -541.3686,
            267.14432,
            89.9623,
            -178.5507,
            89.961266
        ],
        [
            448.82498,
            -541.37177,
            267.13055,
            89.9657,
            -178.54874,
            89.958595
        ],
        [
            448.83212,
            -541.3699,
            267.1201,
            89.96786,
            -178.54878,
            89.95721
        ],
        [
            448.84006,
            -541.36847,
            267.10852,
            89.97011,
            -178.54973,
            89.95572
        ],
        [
            448.85126,
            -541.3661,
            267.1001,
            89.97341,
            -178.54982,
            89.953896
        ],
        [
            448.8577,
            -541.36536,
            267.10333,
            89.97549,
            -178.549,
            89.95281
        ],
        [
            448.86224,
            -541.3645,
            267.1092,
            89.97702,
            -178.54802,
            89.95215
        ],
        [
            448.86163,
            -541.36536,
            267.1155,
            89.97718,
            -178.54842,
            89.95208
        ],
        [
            448.8618,
            -541.37177,
            267.19073,
            89.97873,
            -178.55186,
            89.95105
        ],
        [
            448.85764,
            -541.3888,
            267.41614,
            89.98187,
            -178.56047,
            89.948715
        ],
        [
            448.85205,
            -541.4046,
            267.60684,
            89.983635,
            -178.56558,
            89.94648
        ],
        [
            448.84058,
            -541.4276,
            267.91534,
            89.98586,
            -178.56593,
            89.94457
        ],
        [
            448.82938,
            -541.4515,
            268.2275,
            89.98724,
            -178.56488,
            89.94227
        ],
        [
            448.81927,
            -541.47406,
            268.5154,
            89.98786,
            -178.56421,
            89.9397
        ],
        [
            448.79672,
            -541.51996,
            269.12296,
            89.987144,
            -178.56079,
            89.934746
        ],
        [
            448.78653,
            -541.5389,
            269.38394,
            89.9849,
            -178.55975,
            89.93279
        ],
        [
            448.7808,
            -541.5465,
            269.52722,
            89.9822,
            -178.56018,
            89.93191
        ],
        [
            448.7804,
            -541.55273,
            269.64536,
            89.97951,
            -178.55977,
            89.931076
        ],
        [
            448.78586,
            -541.55206,
            269.7093,
            89.97685,
            -178.5602,
            89.93055
        ],
        [
            448.78766,
            -541.5488,
            269.72333,
            89.9733,
            -178.56183,
            89.93033
        ],
        [
            448.78998,
            -541.5434,
            269.71512,
            89.9696,
            -178.56361,
            89.930176
        ],
        [
            448.79343,
            -541.5351,
            269.7031,
            89.962944,
            -178.56645,
            89.92956
        ],
        [
            448.79266,
            -541.53314,
            269.70206,
            89.957924,
            -178.56697,
            89.92848
        ],
        [
            448.78674,
            -541.5295,
            269.6854,
            89.952896,
            -178.56749,
            89.92764
        ],
        [
            448.78363,
            -541.53015,
            269.68018,
            89.951126,
            -178.56761,
            89.9273
        ],
        [
            448.77878,
            -541.53174,
            269.6798,
            89.95018,
            -178.56793,
            89.92766
        ],
        [
            448.7689,
            -541.53375,
            269.6805,
            89.94935,
            -178.56757,
            89.927704
        ],
        [
            448.7458,
            -541.5293,
            269.67783,
            89.94784,
            -178.56818,
            89.92738
        ],
        [
            448.5971,
            -541.4959,
            269.66953,
            89.94442,
            -178.57356,
            89.92699
        ],
        [
            448.449,
            -541.4733,
            269.6704,
            89.94318,
            -178.57626,
            89.92788
        ],
        [
            448.24344,
            -541.44727,
            269.66464,
            89.94155,
            -178.5781,
            89.92934
        ],
        [
            447.89178,
            -541.4374,
            269.65497,
            89.93995,
            -178.57906,
            89.92931
        ],
        [
            447.47565,
            -541.4367,
            269.64523,
            89.93835,
            -178.58041,
            89.92844
        ],
        [
            446.3818,
            -541.4516,
            269.55765,
            89.9335,
            -178.58461,
            89.926605
        ],
        [
            445.6471,
            -541.45917,
            269.53125,
            89.931946,
            -178.58514,
            89.9265
        ],
        [
            444.9349,
            -541.4543,
            269.50195,
            89.92986,
            -178.58568,
            89.926834
        ],
        [
            444.07352,
            -541.4529,
            269.45926,
            89.92921,
            -178.5849,
            89.92934
        ],
        [
            441.19644,
            -541.445,
            269.41095,
            89.933945,
