{
    "CMD": 4002,
    "motion_trajectory": [
        [
            447.97604,
            -656.3703,
            267.92892,
            89.97899,
            -178.5099,
            90.000435
        ],
        [
            447.9763,
            -656.3701,
            267.92944,
            89.97908,
            -178.5099,
            90.000374
        ],
        [
            447.9759,
            -656.37,
            267.92896,
            89.978966,
            -178.50995,
            90.000435
        ],
        [
            447.97614,
            -656.36975,
            267.9282,
            89.97902,
            -178.51007,
            90.000374
        ],
        [
            447.97614,
            -656.3701,
            267.92935,
            89.979034,
            -178.50993,
            90.000435
        ],
        [
            447.9756,
            -656.3704,
            267.9287,
            89.97901,
            -178.50998,
            90.00039
        ],
        [
            447.9756,
            -656.3708,
            267.9286,
            89.97899,
            -178.50996,
            90.00039
        ],
        [
            447.9742,
            -656.36786,
            267.9296,
            89.97895,
            -178.51111,
            90.002594
        ],
        [
            447.9735,
            -656.36804,
            267.9289,
            89.9789,
            -178.51123,
            90.00266
        ],
        [
            447.97342,
            -656.3683,
            267.9294,
            89.97902,
            -178.51135,
            90.00266
        ],
        [
            447.9737,
            -656.36774,
            267.92902,
            89.97895,
            -178.51137,
            90.00276
        ],
        [
            447.9735,
            -656.36786,
            267.92892,
            89.978905,
            -178.51134,
            90.00277
        ],
        [
            447.9737,
            -656.36774,
            267.92902,
            89.97895,
            -178.51141,
            90.00276
        ],
        [
            447.9738,
            -656.36786,
            267.92996,
            89.979,
            -178.51134,
            90.002815
        ],
        [
            447.97357,
            -656.3682,
            267.93195,
            89.97898,
            -178.51172,
            90.00282
        ],
        [
            447.9725,
            -656.37024,
            267.96252,
            89.9794,
            -178.51375,
            90.00281
        ],
        [
            447.96976,
            -656.37445,
            268.01962,
            89.97997,
            -178.51622,
            90.00273
        ],
        [
            447.96057,
            -656.38513,
            268.16223,
            89.980644,
            -178.5204,
            90.002754
        ],
        [
            447.93542,
            -656.412,
            268.5237,
            89.98151,
            -178.51805,
            90.003525
        ],
        [
            447.9084,
            -656.445,
            269.08176,
            89.98404,
            -178.50896,
            90.00197
        ],
        [
            447.89987,
            -656.4687,
            269.54892,
            89.98666,
            -178.502,
            89.99999
        ],
        [
            447.89722,
            -656.4764,
            269.69897,
            89.98644,
            -178.50061,
            89.99935
        ],
        [
            447.8939,
            -656.47815,
            269.79993,
            89.98488,
            -178.50012,
            89.99902
        ],
        [
            447.88913,
            -656.47754,
            269.84433,
            89.98266,
            -178.50122,
            89.99846
        ],
        [
            447.88544,
            -656.4772,
            269.8825,
            89.97907,
            -178.50305,
            89.99646
        ],
        [
            447.88416,
            -656.47833,
            269.89203,
            89.97786,
            -178.50357,
            89.99546
        ],
        [
            447.88376,
            -656.47687,
            269.8903,
            89.97507,
            -178.50551,
            89.99345
        ],
        [
            447.88617,
            -656.4723,
            269.88046,
            89.97317,
            -178.50716,
            89.99187
        ],
        [
            447.88876,
            -656.46765,
            269.87338,
            89.972244,
            -178.50829,
            89.99151
        ],
        [
            447.8813,
            -656.47095,
            269.87424,
            89.97145,
            -178.50848,
            89.99057
        ],
        [
            447.83743,
            -656.4567,
            269.86264,
            89.969124,
            -178.5119,
            89.9903
        ],
        [
            447.66943,
            -656.41675,
            269.83765,
            89.96243,
            -178.5191,
            89.99058
        ],
        [
            447.28036,
            -656.39923,
            269.83585,
            89.95468,
            -178.5193,
            89.98984
        ],
        [
            446.51828,
            -656.42365,
            269.8084,
            89.94654,
            -178.51949,
            89.986
        ],
        [
            445.48862,
            -656.4632,
            269.84308,
            89.94433,
            -178.51675,
            89.9826
        ],
        [
            444.0833,
            -656.48413,
            269.84967,
            89.94521,
            -178.51288,
            89.98368
        ],
        [
            442.64438,
            -656.47577,
            269.8625,
            89.94715,
            -178.50687,
            89.98846
        ],
        [
            440.9676,
            -656.452,
            269.85522,
            89.94968,
            -178.50496,
            89.99442
        ],
        [
            439.39685,
            -656.43256,
            269.83063,
            89.950615,
            -178.50888,
            89.99312
        ],
        [
            436.7235,
            -656.4128,
            269.80743,
            89.95346,
            -178.51312,
            89.99133
        ],
        [
            434.32733,
            -656.414,
            269.81412,
            89.958954,
            -178.5153,
            89.989876
        ],
        [
            431.4057,
            -656.41797,
            269.8597,
            89.96857,
            -178.51195,
            89.99127
        ],
        [
            428.1865,
            -656.4036,
            269.84338,
            89.970985,
            -178.5101,
            90.00057
        ],
        [
            425.0504,
            -656.3784,
            269.8195,
            89.970184,
            -178.51346,
            90.00555
        ],
        [
            421.74765,
            -656.36334,
            269.80057,
            89.970924,
            -178.51064,
            90.005
        ],
        [
            418.1591,
            -656.39197,
            269.78455,
            89.969986,
            -178.50813,
            90.00009
        ],
        [
            414.44696,
            -656.4254,
            269.79306,
            89.9706,
            -178.5076,
            89.99175
        ],
        [
            410.37988,
            -656.4286,
            269.84384,
            89.97222,
            -178.51138,
            89.98371
        ],
        [
            406.98657,
            -656.4285,
            269.91028,
            89.97581,
            -178.50948,
            89.98623
        ],
        [
            403.5039,
            -656.4341,
            269.90637,
            89.97722,
            -178.5105,
            89.99286
        ],
        [
            400.3407,
            -656.4492,
            269.92053,
            89.97547,
