{
    "CMD": 4000,
    "motion_trajectory": [
        [
            448.9106,
            -541.3925,
            267.20776,
            89.991684,
            -178.54324,
            89.95623
        ],
        [
            448.9102,
            -541.39246,
            267.20837,
            89.991615,
            -178.54315,
            89.95626
        ],
        [
            448.91028,
            -541.39264,
            267.20755,
            89.99159,
            -178.5432,
            89.95626
        ],
        [
            448.91025,
            -541.3929,
            267.20822,
            89.99159,
            -178.54303,
            89.956276
        ],
        [
            448.91058,
            -541.3929,
            267.20844,
            89.99167,
            -178.54309,
            89.95619
        ],
        [
            448.91013,
            -541.3926,
            267.208,
            89.99159,
            -178.54312,
            89.95633
        ],
        [
            448.9102,
            -541.3925,
            267.2078,
            89.99158,
            -178.54309,
            89.956215
        ],
        [
            448.91013,
            -541.39276,
            267.20795,
            89.991554,
            -178.54301,
            89.95623
        ],
        [
            448.91006,
            -541.3922,
            267.20703,
            89.99155,
            -178.54317,
            89.95626
        ],
        [
            448.90515,
            -541.3927,
            267.2063,
            89.99092,
            -178.54239,
            89.95862
        ],
        [
            448.89243,
            -541.39526,
            267.19446,
            89.987785,
            -178.54105,
            89.96015
        ],
        [
            448.88748,
            -541.3968,
            267.18652,
            89.98634,
            -178.54085,
            89.960304
        ],
        [
            448.88696,
            -541.39716,
            267.18442,
            89.986084,
            -178.54083,
            89.960205
        ],
        [
            448.88748,
            -541.3971,
            267.1841,
            89.98606,
            -178.54083,
            89.9602
        ],
        [
            448.88748,
            -541.39685,
            267.18173,
            89.98598,
            -178.5411,
            89.96014
        ],
        [
            448.8869,
            -541.3974,
            267.17966,
            89.985794,
            -178.54121,
            89.95984
        ],
        [
            448.88693,
            -541.39667,
            267.17712,
            89.9856,
            -178.54146,
            89.95973
        ],
        [
            448.8868,
            -541.3977,
            267.17618,
            89.985565,
            -178.5415,
            89.95959
        ],
        [
            448.88696,
            -541.398,
            267.1794,
            89.98573,
            -178.54132,
            89.959755
        ],
        [
            448.88385,
            -541.4011,
            267.19543,
            89.98496,
            -178.54196,
            89.959816
        ],
        [
            448.87576,
            -541.4084,
            267.24677,
            89.98367,
            -178.54625,
            89.959366
        ],
        [
            448.83868,
            -541.44226,
            267.49774,
            89.97563,
            -178.55486,
            89.956436
        ],
        [
            448.7872,
            -541.47943,
            267.78015,
            89.96389,
            -178.55849,
            89.952255
        ],
        [
            448.71396,
            -541.51874,
            268.27502,
            89.951706,
            -178.56276,
            89.94506
        ],
        [
            448.6931,
            -541.5437,
            268.76205,
            89.9497,
            -178.5637,
            89.939445
        ],
        [
            448.6929,
            -541.5511,
            269.05338,
            89.95148,
            -178.56255,
            89.93675
        ],
        [
            448.6926,
            -541.556,
            269.2914,
            89.95184,
            -178.56268,
            89.93436
        ],
        [
            448.705,
            -541.5556,
            269.54993,
            89.95138,
            -178.56427,
            89.93152
        ],
        [
            448.72284,
            -541.5467,
            269.6146,
            89.95037,
            -178.56622,
            89.93084
        ],
        [
            448.74048,
            -541.5258,
            269.61353,
            89.947105,
            -178.57025,
            89.93064
        ],
        [
            448.75726,
            -541.5135,
            269.6211,
            89.94627,
            -178.57188,
            89.9303
        ],
        [
            448.76904,
            -541.5052,
            269.63318,
            89.94589,
            -178.57137,
            89.92959
        ],
        [
            448.77383,
            -541.49835,
            269.63104,
            89.945526,
            -178.57181,
            89.929634
        ],
        [
            448.77188,
            -541.4983,
            269.63196,
            89.94499,
            -178.57217,
            89.929085
        ],
        [
            448.7342,
            -541.4832,
            269.61728,
            89.9428,
            -178.57527,
            89.92878
        ],
        [
            448.60495,
            -541.4439,
            269.59097,
            89.93884,
            -178.58282,
            89.92853
        ],
        [
            448.25687,
            -541.3856,
            269.57483,
            89.93466,
            -178.58914,
            89.93013
        ],
        [
            447.58713,
            -541.37463,
            269.55716,
            89.93199,
            -178.5897,
            89.92994
        ],
        [
            446.5764,
            -541.3989,
            269.47302,
            89.92715,
            -178.59135,
            89.926735
        ],
        [
            445.4217,
            -541.41547,
            269.4033,
            89.9242,
            -178.59229,
            89.92691
        ],
        [
            444.3111,
            -541.42053,
            269.35107,
            89.9224,
            -178.58882,
            89.92824
        ],
        [
            443.04025,
            -541.4122,
            269.33688,
            89.92567,
            -178.58296,
            89.93552
        ],
        [
            442.03296,
            -541.40796,
            269.31732,
            89.92751,
            -178.57849,
            89.939865
        ],
        [
            440.9394,
            -541.41626,
            269.27026,
            89.929665,
            -178.57639,
            89.94358
        ],
        [
            438.83295,
            -541.42725,
            269.16855,
            89.93333,
            -178.57225,
            89.94874
        ],
        [
            437.49365,
            -541.42737,
            269.13312,
            89.93646,
            -178.56874,
            89.95101
        ],
        [
            435.07175,
            -541.4216,
            269.05252,
            89.94061,
            -178.56635,
            89.95344
        ],
        [
            431.82996,
            -541.3893,
            268.9716,
            89.94556,
            -178.56139,
            89.95234
        ],
        [
            429.30106,
            -541.3728,
            268.8983,
            89.94911,
            -178.55814,
            89.95106
        ],
        [
            426.0399,
            -541.39404,
            268.7986,
            89.95477,
            -178.55606,
            89.94459
        ],
        [
            419.96173,
            -541.4004,
            268.59476,
            89.97069,
