{
    "CMD": 4001,
    "motion_trajectory": [
        [
            448.6909,
            -598.9915,
            272.10892,
            89.13071,
            -178.61057,
            89.98977
        ],
        [
            448.69202,
            -598.99066,
            272.1102,
            89.130806,
            -178.61046,
            89.9899
        ],
        [
            448.6908,
            -598.992,
            272.1108,
            89.13086,
            -178.61043,
            89.989815
        ],
        [
            448.69174,
            -598.9913,
            272.1102,
            89.13084,
            -178.61041,
            89.98991
        ],
        [
            448.69128,
            -598.9916,
            272.1108,
            89.130875,
            -178.61037,
            89.989914
        ],
        [
            448.69135,
            -598.9914,
            272.11063,
            89.13089,
            -178.61044,
            89.989845
        ],
        [
            448.6909,
            -598.9913,
            272.11014,
            89.13078,
            -178.61043,
            89.98992
        ],
        [
            448.69116,
            -598.9914,
            272.11053,
            89.13085,
            -178.61035,
            89.989914
        ],
        [
            448.68753,
            -598.98505,
            272.1108,
            89.13106,
            -178.61032,
            89.994736
        ],
        [
            448.6878,
            -598.9844,
            272.1102,
            89.131035,
            -178.61034,
            89.995
        ],
        [
            448.68726,
            -598.9849,
            272.1098,
            89.13099,
            -178.61032,
            89.994965
        ],
        [
            448.68787,
            -598.9842,
            272.10883,
            89.131004,
            -178.6106,
            89.994934
        ],
        [
            448.68723,
            -598.9848,
            272.10867,
            89.130936,
            -178.61046,
            89.9948
        ],
        [
            448.68723,
            -598.9845,
            272.10876,
            89.13097,
            -178.61052,
            89.99496
        ],
        [
            448.6878,
            -598.9855,
            272.11572,
            89.13116,
            -178.61055,
            89.99502
        ],
        [
            448.68118,
            -598.9915,
            272.1985,
            89.13169,
            -178.61195,
            89.994995
        ],
        [
            448.65866,
            -599.01086,
            272.42343,
            89.13123,
            -178.6129,
            89.99517
        ],
        [
            448.6467,
            -599.0247,
            272.57462,
            89.13138,
            -178.6138,
            89.99431
        ],
        [
            448.6305,
            -599.04565,
            272.8198,
            89.131805,
            -178.6128,
            89.99287
        ],
        [
            448.60846,
            -599.0766,
            273.32593,
            89.13427,
            -178.60754,
            89.99139
        ],
        [
            448.60117,
            -599.0906,
            273.5693,
            89.13542,
            -178.60545,
            89.990395
        ],
        [
            448.595,
            -599.1041,
            273.7777,
            89.135735,
            -178.6048,
            89.98868
        ],
        [
            448.5931,
            -599.1152,
            273.9804,
            89.13564,
            -178.60341,
            89.98688
        ],
        [
            448.59488,
            -599.1195,
            274.14624,
            89.134254,
            -178.60426,
            89.98446
        ],
        [
            448.5997,
            -599.1168,
            274.18024,
            89.13227,
            -178.60326,
            89.98358
        ],
        [
            448.6038,
            -599.11646,
            274.20023,
            89.130714,
            -178.60222,
            89.98267
        ],
        [
            448.60898,
            -599.1149,
            274.2191,
            89.12854,
            -178.60237,
            89.98064
        ],
        [
            448.60693,
            -599.11066,
            274.20807,
            89.12533,
            -178.60466,
            89.97889
        ],
        [
            448.61444,
            -599.1021,
            274.20337,
            89.12397,
            -178.6056,
            89.977875
        ],
        [
            448.6147,
            -599.10175,
            274.20395,
            89.12344,
            -178.60585,
            89.97722
        ],
        [
            448.60596,
            -599.10345,
            274.20743,
            89.12318,
            -178.60583,
            89.97696
        ],
        [
            448.53162,
            -599.085,
            274.20312,
            89.12069,
            -178.60995,
            89.97625
        ],
        [
            448.2985,
            -599.0505,
            274.19708,
            89.11633,
            -178.61395,
            89.97901
        ],
        [
            447.73972,
            -599.0429,
            274.20264,
            89.11016,
            -178.61212,
            89.980125
        ],
        [
            446.86752,
            -599.08405,
            274.17572,
            89.10457,
            -178.60924,
            89.97752
        ],
        [
            444.68802,
            -599.09155,
            274.04544,
            89.094376,
            -178.61026,
            89.9764
        ],
        [
            443.1761,
            -599.0648,
            273.97244,
            89.09333,
            -178.61047,
            89.978676
        ],
        [
            441.93246,
            -599.05023,
            273.90436,
            89.09415,
            -178.61029,
            89.98143
        ],
        [
            440.6721,
            -599.04315,
            273.85873,
            89.096016,
            -178.60924,
            89.983444
        ],
        [
            438.96323,
            -599.0337,
            273.81015,
            89.1002,
            -178.60666,
            89.988556
        ],
        [
            437.71194,
            -599.02893,
            273.78018,
            89.103165,
            -178.604,
            89.99181
        ],
        [
            436.35233,
            -599.01666,
            273.75925,
            89.10659,
            -178.60333,
            89.99609
        ],
        [
            435.1419,
            -599.0207,
            273.7444,
            89.110115,
            -178.60161,
            89.99674
        ],
        [
            432.3284,
            -599.0237,
            273.67072,
            89.11508,
            -178.60152,
            89.99949
        ],
        [
            429.31796,
            -598.9928,
            273.57867,
            89.118645,
            -178.6079,
            89.9974
        ],
        [
            426.0355,
            -598.9807,
            273.46597,
            89.12362,
            -178.6129,
            89.99397
        ],
        [
            422.72595,
            -598.9744,
            273.3258,
            89.12405,
            -178.61589,
            89.99018
        ],
        [
            419.1367,
            -599.01733,
            273.27484,
            89.129105,
            -178.61006,
            89.98275
        ],
        [
            415.2976,
            -599.0109,
            273.152,
            89.13169,
            -178.6102,
            89.98608
        ],
        [
            411.48187,
            -599.0001,
            273.05154,
            89.13265,
            -178.60933,
            89.99079
        ],
        [
            407.81885,
            -599.0073,
            272.9248,
            89.129845,
