{
    "CMD": 4002,
    "motion_trajectory": [
        [
            447.97665,
            -656.3703,
            267.9328,
            89.97911,
            -178.50934,
            90.00087
        ],
        [
            447.97665,
            -656.37006,
            267.93283,
            89.97912,
            -178.50934,
            90.00098
        ],
        [
            447.97675,
            -656.37036,
            267.93375,
            89.97916,
            -178.50925,
            90.00092
        ],
        [
            447.97693,
            -656.37036,
            267.9332,
            89.97918,
            -178.50937,
            90.00086
        ],
        [
            447.97665,
            -656.3708,
            267.9336,
            89.97925,
            -178.5093,
            90.00081
        ],
        [
            447.97644,
            -656.37085,
            267.93225,
            89.97916,
            -178.50941,
            90.00082
        ],
        [
            447.97708,
            -656.37036,
            267.93268,
            89.9792,
            -178.50943,
            90.0008
        ],
        [
            447.97717,
            -656.37067,
            267.9336,
            89.97924,
            -178.5093,
            90.00075
        ],
        [
            447.97507,
            -656.37146,
            267.93378,
            89.9791,
            -178.51265,
            90.00117
        ],
        [
            447.97507,
            -656.3723,
            267.93365,
            89.97907,
            -178.5141,
            90.00107
        ],
        [
            447.97455,
            -656.37195,
            267.93378,
            89.97911,
            -178.51405,
            90.00118
        ],
        [
            447.9749,
            -656.3719,
            267.93365,
            89.97906,
            -178.51398,
            90.00113
        ],
        [
            447.9743,
            -656.372,
            267.93338,
            89.979034,
            -178.51407,
            90.00114
        ],
        [
            447.97488,
            -656.3719,
            267.93304,
            89.979034,
            -178.51396,
            90.00113
        ],
        [
            447.97467,
            -656.3717,
            267.9333,
            89.97899,
            -178.5141,
            90.00119
        ],
        [
            447.97357,
            -656.3726,
            267.93536,
            89.97903,
            -178.51462,
            90.00115
        ],
        [
            447.97504,
            -656.374,
            267.97253,
            89.98002,
            -178.51697,
            90.001175
        ],
        [
            447.97186,
            -656.38196,
            268.1272,
            89.982635,
            -178.51968,
            90.00123
        ],
        [
            447.95844,
            -656.4008,
            268.41373,
            89.98468,
            -178.521,
            90.00137
        ],
        [
            447.93326,
            -656.4378,
            268.91385,
            89.986595,
            -178.51295,
            89.99711
        ],
        [
            447.91776,
            -656.4622,
            269.34775,
            89.98904,
            -178.50505,
            89.99588
        ],
        [
            447.90976,
            -656.48267,
            269.69867,
            89.989395,
            -178.50008,
            89.994835
        ],
        [
            447.89886,
            -656.4884,
            269.86826,
            89.98558,
            -178.49966,
            89.99344
        ],
        [
            447.8969,
            -656.48773,
            269.89423,
            89.98349,
            -178.50085,
            89.99276
        ],
        [
            447.8967,
            -656.48676,
            269.91605,
            89.98055,
            -178.50153,
            89.9921
        ],
        [
            447.89542,
            -656.48553,
            269.91644,
            89.977295,
            -178.50317,
            89.99079
        ],
        [
            447.89325,
            -656.48126,
            269.90482,
            89.97476,
            -178.50488,
            89.990135
        ],
        [
            447.89346,
            -656.47815,
            269.89685,
            89.97359,
            -178.50566,
            89.98988
        ],
        [
            447.89178,
            -656.47876,
            269.89615,
            89.972984,
            -178.50586,
            89.989334
        ],
        [
            447.8876,
            -656.48065,
            269.89816,
            89.9725,
            -178.50562,
            89.98938
        ],
        [
            447.8605,
            -656.4765,
            269.89395,
            89.97106,
            -178.50725,
            89.988716
        ],
        [
            447.7448,
            -656.44965,
            269.87268,
            89.96595,
            -178.51367,
            89.98753
        ],
        [
            447.40607,
            -656.42035,
            269.85864,
            89.95715,
            -178.51653,
            89.98745
        ],
        [
            446.91068,
            -656.4232,
            269.8467,
            89.949936,
            -178.5156,
            89.987
        ],
        [
            446.05743,
            -656.467,
            269.85883,
            89.94592,
            -178.51419,
            89.98125
        ],
        [
            445.53177,
            -656.4826,
            269.8768,
            89.94563,
            -178.51309,
            89.98001
        ],
        [
            444.14618,
            -656.5052,
            269.888,
            89.94659,
            -178.50798,
            89.98141
        ],
        [
            442.45667,
            -656.49335,
            269.9103,
            89.94986,
            -178.50156,
            89.98695
        ],
        [
            440.62476,
            -656.4652,
            269.88596,
            89.95194,
            -178.50146,
            89.991295
        ],
        [
            438.659,
            -656.4378,
            269.83667,
            89.95268,
            -178.50763,
            89.99046
        ],
        [
            437.19302,
            -656.43097,
            269.82944,
            89.954704,
            -178.51047,
            89.98838
        ],
        [
            434.24796,
            -656.42126,
            269.82843,
            89.95965,
            -178.51462,
            89.98817
        ],
        [
            431.83914,
            -656.4223,
            269.87616,
            89.96865,
            -178.51123,
            89.9893
        ],
        [
            429.07324,
            -656.4185,
            269.8639,
            89.971985,
            -178.50911,
            89.996864
        ],
        [
            425.72382,
            -656.38434,
            269.83014,
            89.97062,
            -178.51309,
            90.00424
        ],
        [
            421.95593,
            -656.36346,
            269.81573,
            89.97207,
            -178.51003,
            90.004906
        ],
        [
            418.81558,
            -656.38184,
            269.80258,
            89.97124,
            -178.5072,
            90.00216
        ],
        [
            415.11868,
            -656.42163,
            269.7999,
            89.971634,
            -178.50618,
            89.9935
        ],
        [
            411.33817,
            -656.4258,
            269.832,
            89.97205,
            -178.5102,
            89.9857
        ],
        [
            407.4995,
            -656.4323,
            269.89636,
            89.97491,
            -178.51013,
            89.98462
        ],
        [
            404.98492,
            -656.4356,
            269.91696,
            89.97691,
