{
    "CMD": 3001,
    "motion_trajectory": [
        [
            330.01602,
            -600.8045,
            329.90375,
            90.34181,
            -177.89157,
            89.957405
        ],
        [
            330.0162,
            -600.80457,
            329.90384,
            90.34185,
            -177.89165,
            89.957344
        ],
        [
            330.0161,
            -600.8047,
            329.90402,
            90.34183,
            -177.89153,
            89.957405
        ],
        [
            330.0158,
            -600.80493,
            329.9046,
            90.34182,
            -177.89139,
            89.95746
        ],
        [
            330.0164,
            -600.80444,
            329.90445,
            90.34179,
            -177.89146,
            89.957466
        ],
        [
            330.01587,
            -600.80505,
            329.90442,
            90.3419,
            -177.89156,
            89.9574
        ],
        [
            330.01562,
            -600.80475,
            329.9039,
            90.34178,
            -177.89157,
            89.95742
        ],
        [
            330.0152,
            -600.8035,
            329.9019,
            90.341644,
            -177.89204,
            89.957886
        ],
        [
            330.0168,
            -600.7953,
            329.8927,
            90.34121,
            -177.89288,
            89.958084
        ],
        [
            330.0255,
            -600.7727,
            329.87,
            90.340195,
            -177.89268,
            89.958984
        ],
        [
            330.0465,
            -600.724,
            329.82336,
            90.3385,
            -177.89206,
            89.96027
        ],
        [
            330.13672,
            -600.58673,
            329.7027,
            90.33734,
            -177.89061,
            89.96192
        ],
        [
            330.25107,
            -600.44196,
            329.5763,
            90.337,
            -177.88863,
            89.96244
        ],
        [
            330.41263,
            -600.2506,
            329.41165,
            90.336754,
            -177.8872,
            89.96414
        ],
        [
            330.8429,
            -599.747,
            328.94995,
            90.335335,
            -177.88577,
            89.96713
        ],
        [
            331.22443,
            -599.2845,
            328.48013,
            90.33139,
            -177.8864,
            89.96781
        ],
        [
            331.8681,
            -598.48785,
            327.62305,
            90.32308,
            -177.89107,
            89.966675
        ],
        [
            332.55618,
            -597.65466,
            326.68298,
            90.316025,
            -177.90149,
            89.96524
        ],
        [
            333.16736,
            -596.9238,
            325.87277,
            90.31257,
            -177.91516,
            89.96274
        ],
        [
            334.1376,
            -595.7772,
            324.61362,
            90.30598,
            -177.93495,
            89.95957
        ],
        [
            334.7816,
            -595.00305,
            323.7782,
            90.3007,
            -177.94775,
            89.95612
        ],
        [
            335.94528,
            -593.642,
            322.3262,
            90.29435,
            -177.96692,
            89.95208
        ],
        [
            336.7475,
            -592.70337,
            321.3293,
            90.287506,
            -177.97646,
            89.95175
        ],
        [
            338.15002,
            -591.06696,
            319.5945,
            90.278824,
            -177.99542,
            89.95036
        ],
        [
            339.24222,
            -589.80145,
            318.27252,
            90.27605,
            -178.00998,
            89.95081
        ],
        [
            340.76016,
            -588.0279,
            316.39914,
            90.26764,
            -178.02882,
            89.94964
        ],
        [
            342.5336,
            -585.8854,
            314.13477,
            90.25546,
            -178.0541,
            89.95233
        ],
        [
            344.4529,
            -583.5739,
            311.68085,
            90.23828,
            -178.08157,
            89.9519
        ],
        [
            346.5452,
            -581.07806,
            309.0672,
            90.22149,
            -178.11143,
            89.95529
        ],
        [
            348.3832,
            -578.90796,
            306.78134,
            90.20873,
            -178.133,
            89.95767
        ],
        [
            349.85577,
            -577.1865,
            304.95215,
            90.20038,
            -178.14854,
            89.95682
        ],
        [
            350.9505,
            -575.88153,
            303.59055,
            90.19308,
            -178.16011,
            89.95529
        ],
        [
            353.5829,
            -572.74115,
            300.29428,
            90.171364,
            -178.19478,
            89.95119
        ],
        [
            356.04333,
            -569.8269,
            297.20087,
            90.15085,
            -178.22978,
            89.94726
        ],
        [
            358.46988,
            -566.9657,
            294.1479,
            90.13201,
            -178.26672,
            89.95007
        ],
        [
            360.8015,
            -564.25134,
            291.26456,
            90.1201,
            -178.28995,
            89.94667
        ],
        [
            363.17868,
            -561.4004,
            288.26938,
            90.100555,
            -178.32353,
            89.94641
        ],
        [
            365.19162,
            -558.9893,
            285.7266,
            90.08446,
            -178.35628,
            89.95062
        ],
        [
            366.95334,
            -556.88605,
            283.4766,
            90.07014,
            -178.3862,
            89.95341
        ],
        [
            367.9469,
            -555.70184,
            282.22467,
            90.06496,
            -178.39766,
            89.95517
        ],
        [
            368.8074,
            -554.6923,
            281.155,
            90.060074,
            -178.40639,
            89.9561
        ],
        [
            369.7235,
            -553.6176,
            280.0063,
            90.05349,
            -178.41605,
            89.956726
        ],
        [
            371.4336,
            -551.598,
            277.9157,
            90.04343,
            -178.43512,
            89.960655
        ],
        [
            372.90805,
            -549.87836,
            276.13513,
            90.03771,
            -178.4526,
            89.95885
        ],
        [
            374.2452,
            -548.25665,
            274.3931,
            90.02307,
            -178.47185,
            89.95941
        ],
        [
            375.36252,
            -546.8962,
            272.95377,
            90.01538,
            -178.49622,
            89.95905
        ],
        [
            375.97885,
            -546.14795,
            272.1821,
            90.0097,
            -178.50433,
            89.96033
        ],
        [
            376.7734,
            -545.2095,
            271.19333,
            90.005295,
            -178.5157,
            89.95894
        ],
        [
            377.2578,
            -544.6401,
            270.58832,
            90.00355,
            -178.5214,
            89.956856
        ],
        [
            377.7946,
            -543.9959,
            269.88528,
            89.9979,
            -178.52905,
            89.95549
        ],
        [
            378.1701,
            -543.54364,
            269.39383,
            89.99308,
            -178.532,
