{
    "CMD": 4002,
    "motion_trajectory": [
        [
            447.97757,
            -656.37134,
            267.93298,
            89.97964,
            -178.50935,
            90.000565
        ],
        [
            447.9782,
            -656.3712,
            267.9339,
            89.97962,
            -178.50945,
            90.00066
        ],
        [
            447.97845,
            -656.3714,
            267.9343,
            89.97968,
            -178.50943,
            90.0006
        ],
        [
            447.97827,
            -656.371,
            267.9337,
            89.979645,
            -178.5095,
            90.000656
        ],
        [
            447.97766,
            -656.37164,
            267.93326,
            89.97959,
            -178.50949,
            90.000565
        ],
        [
            447.97855,
            -656.37054,
            267.9336,
            89.97973,
            -178.50966,
            90.0007
        ],
        [
            447.97827,
            -656.3709,
            267.93307,
            89.97962,
            -178.50961,
            90.000656
        ],
        [
            447.9758,
            -656.37085,
            267.93234,
            89.97914,
            -178.51176,
            90.00149
        ],
        [
            447.97412,
            -656.3714,
            267.93262,
            89.97899,
            -178.5162,
            90.001686
        ],
        [
            447.97385,
            -656.3716,
            267.9315,
            89.978874,
            -178.51663,
            90.001755
        ],
        [
            447.9741,
            -656.3717,
            267.93253,
            89.978966,
            -178.51651,
            90.00175
        ],
        [
            447.97348,
            -656.37177,
            267.9316,
            89.97893,
            -178.51654,
            90.001755
        ],
        [
            447.97372,
            -656.37177,
            267.9335,
            89.978745,
            -178.51778,
            90.00193
        ],
        [
            447.96906,
            -656.37665,
            267.9858,
            89.97866,
            -178.52054,
            90.00197
        ],
        [
            447.95593,
            -656.3886,
            268.11523,
            89.97804,
            -178.52246,
            90.00234
        ],
        [
            447.9428,
            -656.401,
            268.24484,
            89.9768,
            -178.52249,
            90.00281
        ],
        [
            447.93253,
            -656.4116,
            268.39246,
            89.9771,
            -178.52148,
            90.0033
        ],
        [
            447.90924,
            -656.43756,
            268.81604,
            89.97924,
            -178.51495,
            90.00253
        ],
        [
            447.89642,
            -656.4601,
            269.19086,
            89.98136,
            -178.50711,
            90.00056
        ],
        [
            447.88998,
            -656.48,
            269.58572,
            89.98362,
            -178.49995,
            89.999695
        ],
        [
            447.88977,
            -656.4864,
            269.71558,
            89.98403,
            -178.49838,
            89.999016
        ],
        [
            447.8856,
            -656.4878,
            269.88132,
            89.98139,
            -178.4982,
            89.997314
        ],
        [
            447.88577,
            -656.4875,
            269.9146,
            89.97888,
            -178.49971,
            89.99603
        ],
        [
            447.88596,
            -656.48865,
            269.92242,
            89.97754,
            -178.50111,
            89.994736
        ],
        [
            447.8869,
            -656.48663,
            269.91693,
            89.975716,
            -178.50322,
            89.99298
        ],
        [
            447.88733,
            -656.4839,
            269.90912,
            89.97458,
            -178.50447,
            89.99229
        ],
        [
            447.8922,
            -656.47656,
            269.8994,
            89.97313,
            -178.50583,
            89.99118
        ],
        [
            447.88754,
            -656.4786,
            269.90186,
            89.97256,
            -178.5061,
            89.99019
        ],
        [
            447.85654,
            -656.472,
            269.89883,
            89.971054,
            -178.50793,
            89.98956
        ],
        [
            447.70575,
            -656.4405,
            269.87488,
            89.96521,
            -178.51505,
            89.988884
        ],
        [
            447.38443,
            -656.41113,
            269.8594,
            89.957275,
            -178.51752,
            89.98963
        ],
        [
            446.97467,
            -656.4094,
            269.84152,
            89.9513,
            -178.51729,
            89.989555
        ],
        [
            446.56143,
            -656.422,
            269.81982,
            89.9477,
            -178.51837,
            89.987595
        ],
        [
            446.03757,
            -656.4464,
            269.8346,
            89.94629,
            -178.51747,
            89.98487
        ],
        [
            445.39017,
            -656.45917,
            269.84756,
            89.9454,
            -178.51646,
            89.985054
        ],
        [
            443.95865,
            -656.4777,
            269.86185,
            89.94647,
            -178.51233,
            89.98662
        ],
        [
            443.22183,
            -656.4723,
            269.8736,
            89.94685,
            -178.50894,
            89.988434
        ],
        [
            442.5076,
            -656.46155,
            269.8699,
            89.94833,
            -178.50632,
            89.991585
        ],
        [
            440.27704,
            -656.4202,
            269.84177,
            89.95054,
            -178.50705,
            89.99691
        ],
        [
            438.26086,
            -656.3957,
            269.82138,
            89.95219,
            -178.5106,
            89.99628
        ],
        [
            435.78732,
            -656.39905,
            269.81097,
            89.954254,
            -178.51263,
            89.99421
        ],
        [
            433.4033,
            -656.4138,
            269.8355,
            89.960945,
            -178.51315,
            89.99252
        ],
        [
            430.45175,
            -656.40643,
            269.87564,
            89.968605,
            -178.50949,
            89.99796
        ],
        [
            427.54617,
            -656.39026,
            269.8315,
            89.969864,
            -178.51169,
            90.00359
        ],
        [
            424.30542,
            -656.3646,
            269.81155,
            89.96942,
            -178.51373,
            90.00629
        ],
        [
            420.65317,
            -656.35986,
            269.8023,
            89.97106,
            -178.50885,
            90.00462
        ],
        [
            416.92746,
            -656.39825,
            269.779,
            89.971085,
            -178.50713,
            89.99989
        ],
        [
            412.8611,
            -656.4083,
            269.79852,
            89.97107,
            -178.50879,
            89.99288
        ],
        [
            408.63553,
            -656.39703,
            269.8506,
            89.97238,
            -178.51065,
            89.99138
        ],
        [
            404.1664,
            -656.3898,
            269.89142,
            89.976166,
            -178.51256,
            89.9984
        ],
        [
            399.54495,
            -656.39923,
            269.90176,
            89.97531,
