{
    "CMD": 3011,
    "motion_trajectory": [
        [
            380.00043,
            -541.3801,
            267.09952,
            89.9801,
            -178.55016,
            89.94985
        ],
        [
            380.00037,
            -541.3804,
            267.10013,
            89.98009,
            -178.55005,
            89.949875
        ],
        [
            380.0006,
            -541.3806,
            267.09943,
            89.980095,
            -178.55011,
            89.94981
        ],
        [
            380.00046,
            -541.38074,
            267.10034,
            89.98009,
            -178.54996,
            89.94982
        ],
        [
            380.00052,
            -541.3804,
            267.10025,
            89.98013,
            -178.55006,
            89.94985
        ],
        [
            380.00034,
            -541.3804,
            267.09912,
            89.98005,
            -178.55019,
            89.949875
        ],
        [
            380.00018,
            -541.3805,
            267.09946,
            89.98,
            -178.55006,
            89.949844
        ],
        [
            380.0007,
            -541.3804,
            267.10025,
            89.980064,
            -178.54993,
            89.94987
        ],
        [
            379.99954,
            -541.3842,
            267.10138,
            89.97989,
            -178.5515,
            89.95075
        ],
        [
            380.0018,
            -541.3893,
            267.10663,
            89.98026,
            -178.55318,
            89.95088
        ],
        [
            380.0017,
            -541.38995,
            267.10703,
            89.98026,
            -178.55325,
            89.95078
        ],
        [
            380.00174,
            -541.39075,
            267.10736,
            89.98036,
            -178.55313,
            89.95076
        ],
        [
            380.00168,
            -541.39105,
            267.108,
            89.980354,
            -178.55298,
            89.95078
        ],
        [
            380.0019,
            -541.3903,
            267.10754,
            89.980316,
            -178.55301,
            89.95083
        ],
        [
            380.0024,
            -541.39197,
            267.10852,
            89.98036,
            -178.55296,
            89.9508
        ],
        [
            380.02682,
            -541.40265,
            267.12396,
            89.98162,
            -178.55197,
            89.95149
        ],
        [
            380.17636,
            -541.4178,
            267.15454,
            89.98261,
            -178.54913,
            89.95399
        ],
        [
            380.5478,
            -541.4213,
            267.19492,
            89.98044,
            -178.54404,
            89.95688
        ],
        [
            381.14847,
            -541.4016,
            267.21603,
            89.975525,
            -178.54083,
            89.96184
        ],
        [
            381.57413,
            -541.39484,
            267.21814,
            89.97327,
            -178.54042,
            89.964455
        ],
        [
            382.04034,
            -541.3861,
            267.22458,
            89.97081,
            -178.54036,
            89.965614
        ],
        [
            383.05737,
            -541.39624,
            267.2431,
            89.965614,
            -178.5396,
            89.96114
        ],
        [
            385.6508,
            -541.4231,
            267.33643,
            89.964325,
            -178.5406,
            89.95131
        ],
        [
            387.21448,
            -541.4266,
            267.3884,
            89.96456,
            -178.54298,
            89.94867
        ],
        [
            389.35284,
            -541.4331,
            267.47522,
            89.96622,
            -178.54391,
            89.94628
        ],
        [
            391.6347,
            -541.4475,
            267.56335,
            89.96702,
            -178.54402,
            89.94566
        ],
        [
            394.12546,
            -541.4779,
            267.65164,
            89.967545,
            -178.54498,
            89.944
        ],
        [
            396.76874,
            -541.4971,
            267.75848,
            89.96871,
            -178.54398,
            89.94299
        ],
        [
            399.46854,
            -541.471,
            267.85602,
            89.97018,
            -178.54744,
            89.945274
        ],
        [
            402.85178,
            -541.46967,
            267.9585,
            89.96875,
            -178.55437,
            89.940155
        ],
        [
            406.40317,
            -541.45776,
            268.1012,
            89.96684,
            -178.56013,
            89.93626
        ],
        [
            410.71844,
            -541.4616,
            268.26892,
            89.96786,
            -178.5613,
            89.93466
        ],
        [
            414.50888,
            -541.4515,
            268.42868,
            89.96718,
            -178.56401,
            89.93467
        ],
        [
            416.45517,
            -541.44305,
            268.5075,
            89.96799,
            -178.5654,
            89.93671
        ],
        [
            419.02396,
            -541.4301,
            268.6253,
            89.969635,
            -178.56465,
            89.93932
        ],
        [
            422.18832,
            -541.43256,
            268.7279,
            89.96745,
            -178.56412,
            89.93816
        ],
        [
            426.08572,
            -541.43616,
            268.84793,
            89.963844,
            -178.56136,
            89.93747
        ],
        [
            429.24518,
            -541.42126,
            268.95013,
            89.961044,
            -178.56267,
            89.93559
        ],
        [
            431.93655,
            -541.4231,
            269.04306,
            89.96002,
            -178.56216,
            89.93378
        ],
        [
            433.46942,
            -541.437,
            269.0813,
            89.95879,
            -178.56361,
            89.93191
        ],
        [
            434.8378,
            -541.41864,
            269.10413,
            89.95776,
            -178.56717,
            89.93471
        ],
        [
            437.41855,
            -541.40485,
            269.17722,
            89.95846,
            -178.5732,
            89.93807
        ],
        [
            439.7162,
            -541.4077,
            269.2425,
            89.96045,
            -178.57932,
            89.93949
        ],
        [
            441.72388,
            -541.3887,
            269.34113,
            89.96316,
            -178.58055,
            89.9398
        ],
        [
            443.46042,
            -541.3781,
            269.45047,
            89.96533,
            -178.58183,
            89.93582
        ],
        [
            444.96103,
            -541.37634,
            269.5109,
            89.96649,
            -178.58617,
            89.932884
        ],
        [
            446.25677,
            -541.3849,
            269.54736,
            89.965805,
            -178.58948,
            89.9291
        ],
        [
            447.29465,
            -541.3913,
            269.56894,
            89.96444,
            -178.58958,
            89.92908
        ],
        [
            448.01645,
            -541.38617,
            269.6092,
            89.961914,
            -178.58615,
            89.92822
        ],
        [
            448.42404,
            -541.37915,
            269.63733,
            89.96115,
            -178.5842,
            89.9286
        ],
        [
            448.70157,
            -541.3795,
            269.6563,
            89.95943,
