{
    "CMD": 4000,
    "motion_trajectory": [
        [
            448.9107,
            -541.3953,
            267.19836,
            89.98989,
            -178.54419,
            89.952194
        ],
        [
            448.91028,
            -541.39545,
            267.19846,
            89.98992,
            -178.54408,
            89.95225
        ],
        [
            448.91077,
            -541.39575,
            267.1982,
            89.98987,
            -178.544,
            89.95221
        ],
        [
            448.9104,
            -541.3959,
            267.19864,
            89.98991,
            -178.54399,
            89.95215
        ],
        [
            448.91034,
            -541.3959,
            267.1983,
            89.98991,
            -178.5439,
            89.95226
        ],
        [
            448.91006,
            -541.39594,
            267.19785,
            89.9898,
            -178.54387,
            89.95219
        ],
        [
            448.91013,
            -541.3963,
            267.19885,
            89.98984,
            -178.54382,
            89.95225
        ],
        [
            448.90842,
            -541.3954,
            267.19907,
            89.99007,
            -178.54362,
            89.9543
        ],
        [
            448.9049,
            -541.39246,
            267.19632,
            89.98992,
            -178.5435,
            89.956535
        ],
        [
            448.8999,
            -541.39404,
            267.19037,
            89.98869,
            -178.54318,
            89.95676
        ],
        [
            448.899,
            -541.39453,
            267.1883,
            89.98837,
            -178.54306,
            89.95686
        ],
        [
            448.8985,
            -541.3946,
            267.18665,
            89.98818,
            -178.54318,
            89.9568
        ],
        [
            448.8982,
            -541.3945,
            267.18512,
            89.98805,
            -178.54321,
            89.956764
        ],
        [
            448.89804,
            -541.3946,
            267.18497,
            89.98798,
            -178.54318,
            89.95673
        ],
        [
            448.89697,
            -541.3955,
            267.18314,
            89.98784,
            -178.54327,
            89.956566
        ],
        [
            448.8975,
            -541.3949,
            267.1799,
            89.98758,
            -178.54349,
            89.956474
        ],
        [
            448.89716,
            -541.3955,
            267.1826,
            89.987724,
            -178.54329,
            89.9566
        ],
        [
            448.896,
            -541.396,
            267.18643,
            89.98757,
            -178.54344,
            89.956665
        ],
        [
            448.89023,
            -541.39966,
            267.20062,
            89.985954,
            -178.54407,
            89.956985
        ],
        [
            448.88113,
            -541.4073,
            267.25693,
            89.984215,
            -178.54727,
            89.9569
        ],
        [
            448.86465,
            -541.421,
            267.36768,
            89.98134,
            -178.55078,
            89.956726
        ],
        [
            448.84225,
            -541.438,
            267.5067,
            89.97649,
            -178.55408,
            89.95651
        ],
        [
            448.80457,
            -541.46643,
            267.72202,
            89.96829,
            -178.5566,
            89.954704
        ],
        [
            448.76544,
            -541.49304,
            267.98703,
            89.96103,
            -178.55759,
            89.95227
        ],
        [
            448.73615,
            -541.51355,
            268.25485,
            89.95654,
            -178.55942,
            89.94925
        ],
        [
            448.71396,
            -541.5446,
            268.86972,
            89.95598,
            -178.55943,
            89.943306
        ],
        [
            448.7125,
            -541.5544,
            269.16644,
            89.957596,
            -178.55768,
            89.9404
        ],
        [
            448.71133,
            -541.5583,
            269.3911,
            89.957184,
            -178.55795,
            89.938034
        ],
        [
            448.71475,
            -541.5586,
            269.5211,
            89.956,
            -178.55931,
            89.936325
        ],
        [
            448.72775,
            -541.55676,
            269.61584,
            89.95471,
            -178.56084,
            89.934814
        ],
        [
            448.73834,
            -541.5488,
            269.6459,
            89.95341,
            -178.56209,
            89.93456
        ],
        [
            448.75183,
            -541.5309,
            269.64233,
            89.9496,
            -178.56592,
            89.93358
        ],
        [
            448.76102,
            -541.52264,
            269.64316,
            89.94872,
            -178.56743,
            89.93299
        ],
        [
            448.7685,
            -541.5185,
            269.6521,
            89.94856,
            -178.56776,
            89.93238
        ],
        [
            448.7729,
            -541.51544,
            269.65625,
            89.94817,
            -178.56784,
            89.93156
        ],
        [
            448.7747,
            -541.5077,
            269.64886,
            89.94681,
            -178.5692,
            89.93024
        ],
        [
            448.77618,
            -541.5047,
            269.64685,
            89.94604,
            -178.56984,
            89.92932
        ],
        [
            448.7609,
            -541.4998,
            269.64523,
            89.94527,
            -178.57079,
            89.92919
        ],
        [
            448.67935,
            -541.4679,
            269.62268,
            89.941635,
            -178.57677,
            89.92867
        ],
        [
            448.41876,
            -541.41504,
            269.59683,
            89.936905,
            -178.58485,
            89.92896
        ],
        [
            447.8817,
            -541.38416,
            269.56787,
            89.9331,
            -178.5889,
            89.92957
        ],
        [
            447.00748,
            -541.40027,
            269.53195,
            89.92954,
            -178.58861,
            89.926
        ],
        [
            445.7951,
            -541.4361,
            269.4545,
            89.92666,
            -178.58948,
            89.9246
        ],
        [
            444.15906,
            -541.44366,
            269.37192,
            89.92335,
            -178.58698,
            89.92576
        ],
        [
            442.81635,
            -541.42957,
            269.36227,
            89.92675,
            -178.57945,
            89.93417
        ],
        [
            440.8918,
            -541.4343,
            269.29388,
            89.93066,
            -178.57327,
            89.94222
        ],
        [
            439.5632,
            -541.4388,
            269.2399,
            89.932724,
            -178.56927,
            89.945915
        ],
        [
            437.41656,
            -541.43744,
            269.15723,
            89.937965,
            -178.56627,
            89.95014
        ],
        [
            434.56525,
            -541.4274,
            269.05188,
            89.94188,
            -178.56389,
            89.95173
        ],
        [
            432.99973,
            -541.412,
            269.02094,
            89.94434,
            -178.55907,
            89.953255
        ],
        [
            430.1781,
            -541.3844,
            268.95477,
            89.94882,
