{
    "CMD": 4001,
    "motion_trajectory": [
        [
            448.6793,
            -598.98846,
            272.0912,
            89.12766,
            -178.61029,
            89.99135
        ],
        [
            448.67816,
            -598.98914,
            272.09174,
            89.127625,
            -178.61029,
            89.991104
        ],
        [
            448.6789,
            -598.9888,
            272.09097,
            89.12766,
            -178.61035,
            89.99119
        ],
        [
            448.67908,
            -598.9887,
            272.09167,
            89.12773,
            -178.61034,
            89.99118
        ],
        [
            448.67963,
            -598.98865,
            272.09134,
            89.12772,
            -178.61028,
            89.99117
        ],
        [
            448.67953,
            -598.98865,
            272.09158,
            89.1277,
            -178.61034,
            89.991066
        ],
        [
            448.6794,
            -598.9889,
            272.0918,
            89.12779,
            -178.61034,
            89.991
        ],
        [
            448.6783,
            -598.98895,
            272.092,
            89.12774,
            -178.61067,
            89.99175
        ],
        [
            448.67874,
            -598.9889,
            272.09195,
            89.12784,
            -178.61082,
            89.991776
        ],
        [
            448.67847,
            -598.9886,
            272.0916,
            89.12779,
            -178.6109,
            89.9919
        ],
        [
            448.67862,
            -598.9895,
            272.09286,
            89.1278,
            -178.61076,
            89.991745
        ],
        [
            448.67813,
            -598.9897,
            272.09238,
            89.12779,
            -178.61076,
            89.991684
        ],
        [
            448.67795,
            -598.9895,
            272.09232,
            89.127754,
            -178.61084,
            89.9917
        ],
        [
            448.67825,
            -598.9894,
            272.09192,
            89.12783,
            -178.61082,
            89.99168
        ],
        [
            448.67795,
            -598.9894,
            272.09354,
            89.12782,
            -178.61104,
            89.9918
        ],
        [
            448.67804,
            -598.99005,
            272.10187,
            89.12808,
            -178.61188,
            89.99168
        ],
        [
            448.67877,
            -598.9959,
            272.22955,
            89.13135,
            -178.6142,
            89.99109
        ],
        [
            448.6722,
            -599.0182,
            272.54056,
            89.13649,
            -178.61761,
            89.987076
        ],
        [
            448.65506,
            -599.0454,
            272.93323,
            89.14005,
            -178.61662,
            89.98517
        ],
        [
            448.64252,
            -599.06274,
            273.2152,
            89.14153,
            -178.61385,
            89.98437
        ],
        [
            448.62683,
            -599.0818,
            273.5351,
            89.14166,
            -178.61078,
            89.983025
        ],
        [
            448.61798,
            -599.09265,
            273.7406,
            89.14147,
            -178.60895,
            89.98208
        ],
        [
            448.61166,
            -599.10815,
            274.02682,
            89.14049,
            -178.6087,
            89.98001
        ],
        [
            448.60632,
            -599.1037,
            274.1501,
            89.135635,
            -178.60959,
            89.97922
        ],
        [
            448.60358,
            -599.1006,
            274.1839,
            89.13159,
            -178.61018,
            89.978035
        ],
        [
            448.60513,
            -599.0987,
            274.19736,
            89.13019,
            -178.60995,
            89.97785
        ],
        [
            448.6065,
            -599.0926,
            274.19406,
            89.12645,
            -178.61095,
            89.97714
        ],
        [
            448.61414,
            -599.0815,
            274.1852,
            89.123856,
            -178.61131,
            89.97775
        ],
        [
            448.6183,
            -599.07733,
            274.18265,
            89.12282,
            -178.61113,
            89.977936
        ],
        [
            448.61374,
            -599.077,
            274.1833,
            89.12176,
            -178.6113,
            89.97767
        ],
        [
            448.5825,
            -599.06903,
            274.17984,
            89.12012,
            -178.61322,
            89.97704
        ],
        [
            448.43982,
            -599.03656,
            274.15997,
            89.11573,
            -178.62048,
            89.97729
        ],
        [
            448.21704,
            -599.00397,
            274.15033,
            89.11134,
            -178.6235,
            89.98
        ],
        [
            447.6789,
            -598.9981,
            274.14917,
            89.10525,
            -178.62135,
            89.980644
        ],
        [
            447.18234,
            -599.0149,
            274.12576,
            89.10125,
            -178.61974,
            89.98019
        ],
        [
            446.62607,
            -599.0296,
            274.11328,
            89.09754,
            -178.61966,
            89.97708
        ],
        [
            446.02335,
            -599.04144,
            274.0833,
            89.093544,
            -178.61879,
            89.97505
        ],
        [
            444.4438,
            -599.0307,
            273.9823,
            89.0897,
            -178.61906,
            89.979744
        ],
        [
            442.75647,
            -599.01483,
            273.8952,
            89.08936,
            -178.61806,
            89.982056
        ],
        [
            441.00623,
            -599.0059,
            273.8506,
            89.092545,
            -178.61508,
            89.98507
        ],
        [
            438.9538,
            -598.99536,
            273.7957,
            89.09836,
            -178.61093,
            89.99017
        ],
        [
            436.8041,
            -598.9872,
            273.76282,
            89.10494,
            -178.60635,
            89.995605
        ],
        [
            435.4249,
            -599.0003,
            273.73846,
            89.10857,
            -178.60547,
            89.99664
        ],
        [
            432.65347,
            -599.01685,
            273.67865,
            89.11356,
            -178.60435,
            89.99829
        ],
        [
            429.8266,
            -598.9868,
            273.59235,
            89.11718,
            -178.60873,
            89.996574
        ],
        [
            426.54633,
            -598.96716,
            273.47232,
            89.122894,
            -178.61676,
            89.99495
        ],
        [
            423.27386,
            -598.9549,
            273.35526,
            89.12519,
            -178.61922,
            89.99037
        ],
        [
            419.56146,
            -598.99756,
            273.26877,
            89.129456,
            -178.61511,
            89.98385
        ],
        [
            415.81284,
            -599.00116,
            273.16782,
            89.13235,
            -178.61287,
            89.98436
        ],
        [
            412.10327,
            -598.9995,
            273.06976,
            89.132904,
            -178.6118,
            89.98852
        ],
        [
            408.28397,
            -598.9933,
            272.93707,
            89.12983,
