{
    "CMD": 3012,
    "motion_trajectory": [
        [
            379.99982,
            -599.0005,
            272.09924,
            89.12983,
            -178.61,
            89.99
        ],
        [
            379.99994,
            -599.00073,
            272.10007,
            89.12987,
            -178.60991,
            89.99
        ],
        [
            380.00018,
            -599.00085,
            272.09988,
            89.12991,
            -178.60988,
            89.98998
        ],
        [
            380.0005,
            -599.0005,
            272.0998,
            89.12988,
            -178.61002,
            89.99009
        ],
        [
            380.0001,
            -599.00073,
            272.09958,
            89.12988,
            -178.60992,
            89.98993
        ],
        [
            380.00055,
            -599.00024,
            272.0991,
            89.12989,
            -178.61002,
            89.99008
        ],
        [
            380.00018,
            -599.00085,
            272.10043,
            89.12994,
            -178.60983,
            89.98998
        ],
        [
            379.99875,
            -599.00146,
            272.10007,
            89.12976,
            -178.61058,
            89.99061
        ],
        [
            379.99762,
            -599.0037,
            272.10168,
            89.12969,
            -178.61266,
            89.99066
        ],
        [
            379.99777,
            -599.0046,
            272.10205,
            89.1297,
            -178.61382,
            89.990654
        ],
        [
            379.99777,
            -599.00494,
            272.10196,
            89.129684,
            -178.61386,
            89.990715
        ],
        [
            379.99753,
            -599.0053,
            272.10196,
            89.12959,
            -178.61377,
            89.9907
        ],
        [
            379.99753,
            -599.0053,
            272.10196,
            89.12959,
            -178.61372,
            89.9907
        ],
        [
            379.99744,
            -599.0055,
            272.10214,
            89.12958,
            -178.61366,
            89.99076
        ],
        [
            379.99707,
            -599.00555,
            272.10193,
            89.12948,
            -178.61368,
            89.99079
        ],
        [
            380.0019,
            -599.0093,
            272.1072,
            89.12991,
            -178.61334,
            89.99076
        ],
        [
            380.06277,
            -599.0214,
            272.1261,
            89.13145,
            -178.61234,
            89.99214
        ],
        [
            380.14688,
            -599.02655,
            272.1451,
            89.13265,
            -178.61102,
            89.99372
        ],
        [
            380.29852,
            -599.0318,
            272.16992,
            89.133675,
            -178.60866,
            89.99479
        ],
        [
            380.51297,
            -599.0355,
            272.1938,
            89.13441,
            -178.60643,
            89.99576
        ],
        [
            380.80005,
            -599.0283,
            272.21436,
            89.1347,
            -178.60503,
            89.99778
        ],
        [
            381.5155,
            -599.01624,
            272.25677,
            89.13415,
            -178.60428,
            89.99864
        ],
        [
            382.03903,
            -599.00916,
            272.2651,
            89.132904,
            -178.60454,
            89.998825
        ],
        [
            382.98035,
            -599.02124,
            272.2773,
            89.13121,
            -178.60278,
            89.996414
        ],
        [
            384.01913,
            -599.0352,
            272.27466,
            89.12859,
            -178.60373,
            89.992485
        ],
        [
            385.25198,
            -599.0356,
            272.28015,
            89.12599,
            -178.60661,
            89.989815
        ],
        [
            387.0397,
            -599.0312,
            272.33768,
            89.12518,
            -178.60873,
            89.98878
        ],
        [
            388.081,
            -599.03894,
            272.39578,
            89.12615,
            -178.60783,
            89.98793
        ],
        [
            390.3625,
            -599.0531,
            272.5266,
            89.12989,
            -178.60501,
            89.988106
        ],
        [
            392.71463,
            -599.06744,
            272.6159,
            89.133545,
            -178.6022,
            89.98823
        ],
        [
            395.48608,
            -599.0694,
            272.68216,
            89.13687,
            -178.60582,
            89.98673
        ],
        [
            398.3312,
            -599.0587,
            272.75314,
            89.138435,
            -178.61238,
            89.98306
        ],
        [
            401.34674,
            -599.0639,
            272.8267,
            89.13857,
            -178.61414,
            89.97473
        ],
        [
            404.6948,
            -599.06,
            272.92648,
            89.1388,
            -178.61835,
            89.97138
        ],
        [
            408.35944,
            -599.09106,
            273.03644,
            89.13868,
            -178.61328,
            89.96871
        ],
        [
            412.09717,
            -599.06635,
            273.10703,
            89.13695,
            -178.61424,
            89.97365
        ],
        [
            415.33536,
            -599.036,
            273.172,
            89.135765,
            -178.61552,
            89.97978
        ],
        [
            418.2328,
            -599.00836,
            273.22342,
            89.13409,
            -178.61586,
            89.98502
        ],
        [
            421.95328,
            -598.9977,
            273.37103,
            89.13417,
            -178.61438,
            89.98284
        ],
        [
            424.3609,
            -599.0008,
            273.44937,
            89.13358,
            -178.61334,
            89.9805
        ],
        [
            427.44476,
            -599.0121,
            273.57254,
            89.13198,
            -178.61012,
            89.978714
        ],
        [
            430.84985,
            -598.99945,
            273.64536,
            89.12699,
            -178.61423,
            89.981346
        ],
        [
            433.5171,
            -598.9953,
            273.72845,
            89.12269,
            -178.61331,
            89.98472
        ],
        [
            435.2067,
            -598.99854,
            273.7667,
            89.12101,
            -178.61223,
            89.98947
        ],
        [
            436.54727,
            -599.01117,
            273.81754,
            89.120186,
            -178.60869,
            89.99055
        ],
        [
            438.92697,
            -598.9817,
            273.8671,
            89.11911,
            -178.60794,
            89.99655
        ],
        [
            441.03326,
            -598.9663,
            273.89267,
            89.11938,
            -178.61238,
            89.99667
        ],
        [
            442.8123,
            -598.9924,
            273.92484,
            89.118286,
            -178.61502,
            89.9889
        ],
        [
            444.38574,
            -598.9899,
            273.94247,
            89.11438,
            -178.61472,
            89.98276
        ],
        [
            445.6878,
            -598.9804,
            273.9639,
            89.11363,
            -178.61642,
            89.98246
        ],
        [
            446.7799,
            -598.9799,
            274.0059,
            89.11412,
