{
    "CMD": 4000,
    "motion_trajectory": [
        [
            448.83615,
            -541.4094,
            267.8493,
            89.96937,
            -178.56049,
            89.950714
        ],
        [
            448.83673,
            -541.409,
            267.84943,
            89.969406,
            -178.56046,
            89.950745
        ],
        [
            448.8362,
            -541.40924,
            267.84912,
            89.96937,
            -178.56038,
            89.950645
        ],
        [
            448.83627,
            -541.40955,
            267.8496,
            89.969406,
            -178.56033,
            89.95077
        ],
        [
            448.837,
            -541.4091,
            267.84924,
            89.96945,
            -178.56036,
            89.95073
        ],
        [
            448.83704,
            -541.4092,
            267.8498,
            89.969475,
            -178.56044,
            89.95072
        ],
        [
            448.8367,
            -541.40924,
            267.84955,
            89.96939,
            -178.56029,
            89.95076
        ],
        [
            448.8365,
            -541.4093,
            267.84952,
            89.96945,
            -178.56036,
            89.95068
        ],
        [
            448.8365,
            -541.4094,
            267.85004,
            89.96946,
            -178.56033,
            89.95063
        ],
        [
            448.8367,
            -541.40924,
            267.84955,
            89.96939,
            -178.56029,
            89.95076
        ],
        [
            448.83667,
            -541.40924,
            267.849,
            89.96937,
            -178.56027,
            89.95076
        ],
        [
            448.83276,
            -541.4094,
            267.8479,
            89.96879,
            -178.56021,
            89.95219
        ],
        [
            448.82056,
            -541.4072,
            267.83655,
            89.96686,
            -178.55856,
            89.956474
        ],
        [
            448.81995,
            -541.402,
            267.8107,
            89.966995,
            -178.55478,
            89.958755
        ],
        [
            448.819,
            -541.3952,
            267.7416,
            89.966064,
            -178.54909,
            89.961136
        ],
        [
            448.8181,
            -541.38965,
            267.6622,
            89.96446,
            -178.54575,
            89.962524
        ],
        [
            448.81857,
            -541.3832,
            267.52985,
            89.96338,
            -178.54408,
            89.9629
        ],
        [
            448.8197,
            -541.37805,
            267.3969,
            89.962364,
            -178.54451,
            89.96273
        ],
        [
            448.81317,
            -541.37415,
            267.19153,
            89.95977,
            -178.54495,
            89.96162
        ],
        [
            448.8126,
            -541.37537,
            267.15546,
            89.96045,
            -178.54504,
            89.960594
        ],
        [
            448.81342,
            -541.37695,
            267.14166,
            89.96173,
            -178.54472,
            89.95952
        ],
        [
            448.818,
            -541.3776,
            267.13477,
            89.963905,
            -178.54468,
            89.95809
        ],
        [
            448.82364,
            -541.3762,
            267.12796,
            89.96584,
            -178.54489,
            89.95686
        ],
        [
            448.83585,
            -541.37317,
            267.10614,
            89.96903,
            -178.54556,
            89.95488
        ],
        [
            448.84872,
            -541.3702,
            267.09998,
            89.97285,
            -178.546,
            89.95293
        ],
        [
            448.85562,
            -541.3681,
            267.10214,
            89.97487,
            -178.54532,
            89.9521
        ],
        [
            448.85614,
            -541.3678,
            267.10358,
            89.97492,
            -178.54527,
            89.95203
        ],
        [
            448.85614,
            -541.36884,
            267.11224,
            89.975136,
            -178.54553,
            89.95185
        ],
        [
            448.8572,
            -541.37427,
            267.18262,
            89.97679,
            -178.54828,
            89.950806
        ],
        [
            448.85812,
            -541.37964,
            267.26907,
            89.978195,
            -178.55232,
            89.94975
        ],
        [
            448.85098,
            -541.4062,
            267.6151,
            89.98187,
            -178.56392,
            89.9459
        ],
        [
            448.8445,
            -541.42285,
            267.85168,
            89.984215,
            -178.56639,
            89.94418
        ],
        [
            448.83612,
            -541.44336,
            268.14868,
            89.98665,
            -178.56616,
            89.94262
        ],
        [
            448.81482,
            -541.49274,
            268.75583,
            89.98729,
            -178.5642,
            89.936905
        ],
        [
            448.80612,
            -541.51196,
            269.01474,
            89.98747,
            -178.56287,
            89.93467
        ],
        [
            448.79593,
            -541.5291,
            269.26907,
            89.986,
            -178.56122,
            89.932976
        ],
        [
            448.78812,
            -541.54083,
            269.45032,
            89.98383,
            -178.56131,
            89.931496
        ],
        [
            448.78458,
            -541.5491,
            269.61783,
            89.98,
            -178.56108,
            89.93035
        ],
        [
            448.79413,
            -541.5452,
            269.7022,
            89.97375,
            -178.5633,
            89.92963
        ],
        [
            448.79556,
            -541.53595,
            269.6929,
            89.968315,
            -178.56586,
            89.92967
        ],
        [
            448.79428,
            -541.5326,
            269.6855,
            89.96556,
            -178.56712,
            89.92947
        ],
        [
            448.7942,
            -541.5279,
            269.68756,
            89.95939,
            -178.56773,
            89.92924
        ],
        [
            448.79465,
            -541.52673,
            269.69043,
            89.95725,
            -178.56801,
            89.928856
        ],
        [
            448.78925,
            -541.52057,
            269.67807,
            89.95282,
            -178.56975,
            89.92861
        ],
        [
            448.78278,
            -541.5218,
            269.67172,
            89.95034,
            -178.57057,
            89.928444
        ],
        [
            448.776,
            -541.5236,
            269.6721,
            89.949356,
            -178.57024,
            89.928856
        ],
        [
            448.72772,
            -541.5134,
            269.66364,
            89.94652,
            -178.572,
            89.928925
        ],
        [
            448.666,
            -541.4963,
            269.6563,
            89.94484,
            -178.57533,
            89.928734
        ],
        [
            448.56262,
            -541.4753,
            269.65643,
            89.94357,
            -178.5788,
            89.92919
        ],
        [
            448.36655,
            -541.4508,
            269.65533,
            89.94169,
            -178.58113,
            89.92945
        ],
        [
            448.16473,
            -541.4266,
            269.64972,
            89.94029,
