{
    "CMD": 3011,
    "motion_trajectory": [
        [
            380.00027,
            -541.38074,
            267.10022,
            89.98004,
            -178.54999,
            89.949844
        ],
        [
            380.00085,
            -541.3801,
            267.09888,
            89.98007,
            -178.55019,
            89.949974
        ],
        [
            380.00043,
            -541.3807,
            267.09982,
            89.98007,
            -178.55005,
            89.94983
        ],
        [
            380.00037,
            -541.3804,
            267.10013,
            89.98009,
            -178.54994,
            89.949875
        ],
        [
            380.0005,
            -541.38116,
            267.10068,
            89.98008,
            -178.54991,
            89.949844
        ],
        [
            380.00098,
            -541.3805,
            267.09958,
            89.98009,
            -178.55,
            89.94992
        ],
        [
            380.0009,
            -541.3802,
            267.0999,
            89.98011,
            -178.55005,
            89.94997
        ],
        [
            380.00027,
            -541.3806,
            267.09973,
            89.98004,
            -178.55008,
            89.9499
        ],
        [
            380.00024,
            -541.38007,
            267.09995,
            89.980095,
            -178.55014,
            89.94993
        ],
        [
            380.00046,
            -541.3806,
            267.09985,
            89.98009,
            -178.55,
            89.949875
        ],
        [
            380.00055,
            -541.3809,
            267.09955,
            89.98007,
            -178.55005,
            89.94983
        ],
        [
            379.99948,
            -541.3817,
            267.1005,
            89.97997,
            -178.55107,
            89.95058
        ],
        [
            380.00018,
            -541.3849,
            267.10233,
            89.980034,
            -178.55197,
            89.95071
        ],
        [
            380.00116,
            -541.38806,
            267.10507,
            89.98014,
            -178.55264,
            89.950645
        ],
        [
            380.0014,
            -541.3893,
            267.10684,
            89.980225,
            -178.55269,
            89.95078
        ],
        [
            380.00168,
            -541.3895,
            267.10663,
            89.98025,
            -178.55281,
            89.95071
        ],
        [
            380.0023,
            -541.38934,
            267.10672,
            89.98027,
            -178.55272,
            89.95068
        ],
        [
            380.00198,
            -541.39026,
            267.10733,
            89.9803,
            -178.55264,
            89.95071
        ],
        [
            380.00153,
            -541.39044,
            267.10687,
            89.98031,
            -178.55257,
            89.95073
        ],
        [
            380.00217,
            -541.39056,
            267.10785,
            89.98036,
            -178.55255,
            89.95076
        ],
        [
            380.0035,
            -541.3908,
            267.10806,
            89.9804,
            -178.55266,
            89.95073
        ],
        [
            380.01935,
            -541.3994,
            267.12064,
            89.9813,
            -178.5517,
            89.9512
        ],
        [
            380.07812,
            -541.4097,
            267.14032,
            89.9825,
            -178.55034,
            89.95285
        ],
        [
            380.1639,
            -541.4144,
            267.15625,
            89.98276,
            -178.54884,
            89.95413
        ],
        [
            380.3717,
            -541.4155,
            267.18433,
            89.981926,
            -178.54582,
            89.95609
        ],
        [
            380.6396,
            -541.4105,
            267.20468,
            89.979965,
            -178.54332,
            89.95885
        ],
        [
            380.9919,
            -541.3987,
            267.21545,
            89.97668,
            -178.5412,
            89.961235
        ],
        [
            381.37946,
            -541.3864,
            267.2194,
            89.97442,
            -178.54034,
            89.964134
        ],
        [
            381.9889,
            -541.37933,
            267.22678,
            89.97216,
            -178.53989,
            89.965935
        ],
        [
            382.55762,
            -541.3697,
            267.23773,
            89.96926,
            -178.54034,
            89.965
        ],
        [
            383.34418,
            -541.37775,
            267.2467,
            89.966385,
            -178.53955,
            89.96165
        ],
        [
            384.69745,
            -541.40686,
            267.29398,
            89.96562,
            -178.54012,
            89.95513
        ],
        [
            386.42282,
            -541.41626,
            267.35788,
            89.96485,
            -178.54245,
            89.95021
        ],
        [
            388.34134,
            -541.428,
            267.44043,
            89.96659,
            -178.5432,
            89.94733
        ],
        [
            390.53857,
            -541.429,
            267.51248,
            89.96657,
            -178.54411,
            89.94747
        ],
        [
            393.0992,
            -541.4663,
            267.61105,
            89.967415,
            -178.54515,
            89.94582
        ],
        [
            394.9586,
            -541.4832,
            267.69144,
            89.968315,
            -178.54346,
            89.94494
        ],
        [
            396.83524,
            -541.49866,
            267.7744,
            89.969406,
            -178.54305,
            89.94324
        ],
        [
            398.64496,
            -541.47784,
            267.8306,
            89.9706,
            -178.54686,
            89.94504
        ],
        [
            403.2929,
            -541.4767,
            267.9749,
            89.96812,
            -178.55544,
            89.93824
        ],
        [
            406.9726,
            -541.4621,
            268.12415,
            89.96616,
            -178.55997,
            89.935036
        ],
        [
            410.8663,
            -541.46106,
            268.28122,
            89.96746,
            -178.56114,
            89.934074
        ],
        [
            414.4678,
            -541.4606,
            268.4359,
            89.96716,
            -178.563,
            89.93353
        ],
        [
            418.0241,
            -541.4453,
            268.56973,
            89.96838,
            -178.56628,
            89.93663
        ],
        [
            420.82602,
            -541.43445,
            268.69214,
            89.96889,
            -178.56448,
            89.939095
        ],
        [
            422.55646,
            -541.43726,
            268.74362,
            89.96723,
            -178.56323,
            89.938194
        ],
        [
            426.24756,
            -541.4402,
            268.8558,
            89.96364,
            -178.56001,
            89.937004
        ],
        [
            429.689,
            -541.4226,
            268.96237,
            89.961006,
            -178.56282,
            89.93524
        ],
        [
            432.4704,
            -541.439,
            269.06003,
            89.95954,
            -178.56262,
            89.93151
        ],
        [
            435.32565,
            -541.4268,
            269.11176,
            89.95686,
            -178.5683,
            89.933044
        ],
        [
            437.79895,
            -541.41583,
            269.1861,
            89.957825,
