{
    "CMD": 4002,
    "motion_trajectory": [
        [
            447.9775,
            -656.37134,
            267.93118,
            89.97936,
            -178.5098,
            90.0003
        ],
        [
            447.9782,
            -656.37103,
            267.93127,
            89.97941,
            -178.50983,
            90.00028
        ],
        [
            447.9776,
            -656.37115,
            267.93097,
            89.97939,
            -178.50987,
            90.00029
        ],
        [
            447.97742,
            -656.37103,
            267.92966,
            89.97931,
            -178.50981,
            90.00035
        ],
        [
            447.97775,
            -656.37103,
            267.93045,
            89.979416,
            -178.50987,
            90.00029
        ],
        [
            447.97723,
            -656.3715,
            267.93106,
            89.97944,
            -178.50989,
            90.00019
        ],
        [
            447.97775,
            -656.371,
            267.9311,
            89.97945,
            -178.50984,
            90.00034
        ],
        [
            447.97775,
            -656.37134,
            267.9316,
            89.97944,
            -178.50974,
            90.00034
        ],
        [
            447.9779,
            -656.37134,
            267.93106,
            89.97946,
            -178.5098,
            90.00029
        ],
        [
            447.9767,
            -656.3699,
            267.9314,
            89.97938,
            -178.51024,
            90.00162
        ],
        [
            447.97586,
            -656.3652,
            267.93228,
            89.979546,
            -178.51031,
            90.004395
        ],
        [
            447.97623,
            -656.3641,
            267.93164,
            89.979515,
            -178.51028,
            90.004875
        ],
        [
            447.97495,
            -656.3648,
            267.9324,
            89.97948,
            -178.51021,
            90.00496
        ],
        [
            447.975,
            -656.36444,
            267.93094,
            89.97947,
            -178.51035,
            90.00501
        ],
        [
            447.97464,
            -656.3642,
            267.92963,
            89.979355,
            -178.51039,
            90.00502
        ],
        [
            447.9748,
            -656.3646,
            267.93356,
            89.979485,
            -178.51053,
            90.00513
        ],
        [
            447.97083,
            -656.36975,
            267.9883,
            89.979774,
            -178.51079,
            90.00509
        ],
        [
            447.9649,
            -656.37573,
            268.06323,
            89.97971,
            -178.51202,
            90.00512
        ],
        [
            447.94208,
            -656.3984,
            268.31885,
            89.97916,
            -178.51424,
            90.005264
        ],
        [
            447.91565,
            -656.4305,
            268.79855,
            89.98177,
            -178.50851,
            90.00428
        ],
        [
            447.90323,
            -656.4489,
            269.07132,
            89.9828,
            -178.50407,
            90.003235
        ],
        [
            447.89264,
            -656.4767,
            269.53305,
            89.98584,
            -178.49698,
            90.00113
        ],
        [
            447.89062,
            -656.4877,
            269.75055,
            89.986244,
            -178.49568,
            90.00003
        ],
        [
            447.8885,
            -656.48816,
            269.88065,
            89.98348,
            -178.49675,
            89.998825
        ],
        [
            447.88742,
            -656.49023,
            269.9192,
            89.98071,
            -178.49852,
            89.99693
        ],
        [
            447.88596,
            -656.4912,
            269.9285,
            89.97873,
            -178.49971,
            89.99575
        ],
        [
            447.88474,
            -656.49207,
            269.9284,
            89.97753,
            -178.50067,
            89.99479
        ],
        [
            447.88428,
            -656.4904,
            269.92288,
            89.97611,
            -178.50214,
            89.993965
        ],
        [
            447.88867,
            -656.4856,
            269.91092,
            89.97401,
            -178.50429,
            89.99198
        ],
        [
            447.89017,
            -656.4847,
            269.9075,
            89.97332,
            -178.50488,
            89.991
        ],
        [
            447.8892,
            -656.48615,
            269.90936,
            89.97307,
            -178.505,
            89.99054
        ],
        [
            447.88358,
            -656.4883,
            269.91162,
            89.97252,
            -178.50484,
            89.990555
        ],
        [
            447.87277,
            -656.488,
            269.91147,
            89.97208,
            -178.50525,
            89.99022
        ],
        [
            447.8271,
            -656.4771,
            269.90393,
            89.969986,
            -178.50797,
            89.98944
        ],
        [
            447.7652,
            -656.4624,
            269.89487,
            89.967415,
            -178.51102,
            89.9892
        ],
        [
            447.62958,
            -656.4339,
            269.87875,
            89.96271,
            -178.51459,
            89.99056
        ],
        [
            447.46176,
            -656.41907,
            269.87387,
            89.95846,
            -178.51472,
            89.991295
        ],
        [
            447.1856,
            -656.4174,
            269.87253,
            89.95401,
            -178.51353,
            89.9908
        ],
        [
            446.55096,
            -656.4299,
            269.83853,
            89.94745,
            -178.5143,
            89.98876
        ],
        [
            445.36026,
            -656.4649,
            269.85727,
            89.94343,
            -178.51305,
            89.98666
        ],
        [
            444.76114,
            -656.4802,
            269.84576,
            89.94284,
            -178.51202,
            89.98725
        ],
        [
            443.9217,
            -656.48413,
            269.86377,
            89.94484,
            -178.50883,
            89.98763
        ],
        [
            442.51086,
            -656.4699,
            269.86365,
            89.946304,
            -178.50525,
            89.99256
        ],
        [
            441.48044,
            -656.44775,
            269.866,
            89.94823,
            -178.50406,
            89.9973
        ],
        [
            440.4654,
            -656.43353,
            269.84494,
            89.94863,
            -178.50493,
            89.99765
        ],
        [
            439.48325,
            -656.41785,
            269.83597,
            89.94955,
            -178.50801,
            89.997475
        ],
        [
            438.25598,
            -656.41583,
            269.8132,
            89.9504,
            -178.5104,
            89.99536
        ],
        [
            436.94617,
            -656.4142,
            269.81052,
            89.95199,
            -178.51222,
            89.99372
        ],
        [
            435.7361,
            -656.41144,
            269.81622,
            89.95373,
            -178.512,
            89.9937
        ],
        [
            434.69876,
            -656.41876,
            269.81635,
            89.95574,
            -178.51215,
            89.992386
        ],
        [
            433.2362,
            -656.41376,
            269.82022,
            89.960594,
