{
    "CMD": 3003,
    "motion_trajectory": [
        [
            380.00143,
            -598.9993,
            272.09824,
            89.129745,
            -178.6101,
            89.99031
        ],
        [
            380.0017,
            -598.99963,
            272.09857,
            89.1298,
            -178.61008,
            89.99024
        ],
        [
            380.00156,
            -598.99945,
            272.0991,
            89.1298,
            -178.61008,
            89.990364
        ],
        [
            380.00125,
            -598.9994,
            272.09756,
            89.12968,
            -178.61018,
            89.990326
        ],
        [
            380.00098,
            -598.99963,
            272.0977,
            89.12973,
            -178.61015,
            89.990265
        ],
        [
            380.00134,
            -599.00006,
            272.09943,
            89.129845,
            -178.61006,
            89.99025
        ],
        [
            380.00104,
            -598.99927,
            272.09756,
            89.129776,
            -178.61021,
            89.9903
        ],
        [
            380.0018,
            -598.9993,
            272.09842,
            89.12983,
            -178.6102,
            89.99023
        ],
        [
            380.00052,
            -599.0014,
            272.09995,
            89.12967,
            -178.61046,
            89.99084
        ],
        [
            379.999,
            -599.0083,
            272.10342,
            89.12918,
            -178.61165,
            89.991264
        ],
        [
            380.00073,
            -599.0244,
            272.11063,
            89.12919,
            -178.6115,
            89.99136
        ],
        [
            380.01007,
            -599.0708,
            272.12598,
            89.13005,
            -178.61041,
            89.99189
        ],
        [
            380.02478,
            -599.14325,
            272.1462,
            89.13169,
            -178.60748,
            89.99221
        ],
        [
            380.07794,
            -599.4523,
            272.18756,
            89.13814,
            -178.60187,
            89.993515
        ],
        [
            380.10788,
            -599.7006,
            272.20004,
            89.14292,
            -178.60078,
            89.994
        ],
        [
            380.13995,
            -600.0524,
            272.17474,
            89.148796,
            -178.60057,
            89.99481
        ],
        [
            380.18262,
            -600.9865,
            272.11398,
            89.16501,
            -178.60043,
            89.99575
        ],
        [
            380.16864,
            -602.09296,
            272.04993,
            89.18255,
            -178.60326,
            89.99354
        ],
        [
            380.15894,
            -603.52997,
            272.05222,
            89.20862,
            -178.59903,
            89.99061
        ],
        [
            380.1428,
            -605.1734,
            272.01736,
            89.23506,
            -178.59248,
            89.98799
        ],
        [
            380.1091,
            -606.69244,
            271.9366,
            89.2531,
            -178.59143,
            89.986786
        ],
        [
            380.07666,
            -608.8249,
            271.80435,
            89.276726,
            -178.58989,
            89.98806
        ],
        [
            380.07544,
            -611.18146,
            271.71158,
            89.31136,
            -178.58594,
            89.99041
        ],
        [
            380.07657,
            -613.742,
            271.5871,
            89.34978,
            -178.58087,
            89.99282
        ],
        [
            380.06784,
            -616.67053,
            271.4449,
            89.39424,
            -178.57965,
            89.991325
        ],
        [
            380.06613,
            -618.63354,
            271.40793,
            89.42481,
            -178.57042,
            89.99062
        ],
        [
            380.0511,
            -620.4448,
            271.3518,
            89.450134,
            -178.56581,
            89.991684
        ],
        [
            380.05212,
            -623.5629,
            271.2617,
            89.49581,
            -178.5576,
            89.99335
        ],
        [
            380.0375,
            -625.5001,
            271.19247,
            89.52281,
            -178.55365,
            89.99559
        ],
        [
            380.02875,
            -627.05084,
            271.10852,
            89.54456,
            -178.55226,
            89.997154
        ],
        [
            380.02664,
            -628.85724,
            270.99673,
            89.571236,
            -178.55293,
            89.99838
        ],
        [
            380.0295,
            -630.31036,
            270.89145,
            89.590385,
            -178.5537,
            89.99844
        ],
        [
            380.00122,
            -632.5264,
            270.74112,
            89.61721,
            -178.55399,
            89.996376
        ],
        [
            379.97708,
            -634.59186,
            270.65594,
            89.646194,
            -178.54727,
            89.99543
        ],
        [
            379.9677,
            -637.3876,
            270.59268,
            89.68852,
            -178.54045,
            89.99475
        ],
        [
            379.9711,
            -640.91797,
            270.54843,
            89.7462,
            -178.52995,
            89.99413
        ],
        [
            379.96933,
            -643.50165,
            270.3655,
            89.78189,
            -178.53325,
            89.99291
        ],
        [
            379.96442,
            -645.93054,
            270.1812,
            89.81298,
            -178.53458,
            89.99095
        ],
        [
            379.95554,
            -648.0381,
            270.10574,
            89.844986,
            -178.52966,
            89.987465
        ],
        [
            379.9497,
            -649.4546,
            270.06866,
            89.86647,
            -178.52475,
            89.98685
        ],
        [
            379.9534,
            -651.20795,
            270.03107,
            89.89343,
            -178.52037,
            89.988304
        ],
        [
            379.96884,
            -652.641,
            269.97614,
            89.9139,
            -178.51862,
            89.99153
        ],
        [
            379.9718,
            -653.3757,
            269.94675,
            89.926155,
            -178.51756,
            89.99119
        ],
        [
            379.97375,
            -654.44037,
            269.8822,
            89.942375,
            -178.52126,
            89.99017
        ],
        [
            379.95673,
            -655.3323,
            269.8056,
            89.95253,
            -178.52042,
            89.98892
        ],
        [
            379.9292,
            -656.1464,
            269.72095,
            89.95944,
            -178.52415,
            89.98822
        ],
        [
            379.92126,
            -656.3362,
            269.70322,
            89.96023,
            -178.52394,
            89.988335
        ],
        [
            379.9172,
            -656.41925,
            269.72324,
            89.96139,
            -178.5213,
            89.988754
        ],
        [
            379.91803,
            -656.4723,
            269.76105,
            89.96262,
            -178.51707,
            89.98893
        ],
        [
            379.91864,
            -656.4779,
            269.76874,
            89.962845,
            -178.5165,
            89.98886
        ],
        [
            379.91965,
            -656.4773,
            269.76816,
