{
    "CMD": 4000,
    "motion_trajectory": [
        [
            448.839,
            -541.4101,
            267.85318,
            89.97029,
            -178.5603,
            89.95072
        ],
        [
            448.8391,
            -541.4096,
            267.8528,
            89.97022,
            -178.56027,
            89.95078
        ],
        [
            448.8389,
            -541.40936,
            267.85223,
            89.97014,
            -178.56029,
            89.95068
        ],
        [
            448.8393,
            -541.40955,
            267.8535,
            89.97029,
            -178.56026,
            89.95077
        ],
        [
            448.83914,
            -541.4098,
            267.8533,
            89.97021,
            -178.56018,
            89.95068
        ],
        [
            448.83914,
            -541.4098,
            267.8533,
            89.9702,
            -178.56017,
            89.95075
        ],
        [
            448.83914,
            -541.4099,
            267.85324,
            89.970184,
            -178.56023,
            89.95063
        ],
        [
            448.8392,
            -541.4095,
            267.85373,
            89.97027,
            -178.56026,
            89.950714
        ],
        [
            448.83917,
            -541.4095,
            267.8526,
            89.97021,
            -178.56033,
            89.95067
        ],
        [
            448.83804,
            -541.4101,
            267.85373,
            89.97019,
            -178.5605,
            89.95125
        ],
        [
            448.8375,
            -541.4085,
            267.85437,
            89.97061,
            -178.56389,
            89.95255
        ],
        [
            448.83713,
            -541.4073,
            267.85406,
            89.97069,
            -178.5651,
            89.953026
        ],
        [
            448.83722,
            -541.407,
            267.85394,
            89.97079,
            -178.5653,
            89.95328
        ],
        [
            448.83685,
            -541.4071,
            267.8538,
            89.97081,
            -178.56537,
            89.95322
        ],
        [
            448.83722,
            -541.40704,
            267.8545,
            89.97081,
            -178.56522,
            89.95328
        ],
        [
            448.8372,
            -541.4073,
            267.85507,
            89.97085,
            -178.56534,
            89.95328
        ],
        [
            448.83685,
            -541.40704,
            267.8573,
            89.97083,
            -178.56616,
            89.95331
        ],
        [
            448.8368,
            -541.40894,
            267.8812,
            89.97141,
            -178.56836,
            89.953094
        ],
        [
            448.83597,
            -541.41284,
            267.93158,
            89.97252,
            -178.5708,
            89.952736
        ],
        [
            448.83173,
            -541.42035,
            268.03134,
            89.97381,
            -178.5751,
            89.952065
        ],
        [
            448.82373,
            -541.4345,
            268.17664,
            89.97495,
            -178.57631,
            89.95028
        ],
        [
            448.81088,
            -541.453,
            268.3688,
            89.976395,
            -178.57518,
            89.94909
        ],
        [
            448.79575,
            -541.47736,
            268.6456,
            89.977104,
            -178.57251,
            89.94745
        ],
        [
            448.7816,
            -541.5019,
            268.99127,
            89.97797,
            -178.56783,
            89.9446
        ],
        [
            448.77124,
            -541.525,
            269.36038,
            89.97696,
            -178.56274,
            89.94144
        ],
        [
            448.76678,
            -541.5446,
            269.65143,
            89.97522,
            -178.56056,
            89.93709
        ],
        [
            448.77026,
            -541.5476,
            269.7351,
            89.97056,
            -178.56177,
            89.93485
        ],
        [
            448.77243,
            -541.5405,
            269.72565,
            89.96647,
            -178.56415,
            89.933945
        ],
        [
            448.77554,
            -541.53564,
            269.71716,
            89.96181,
            -178.56586,
            89.93241
        ],
        [
            448.77673,
            -541.53503,
            269.71887,
            89.95967,
            -178.56595,
            89.93162
        ],
        [
            448.77756,
            -541.5297,
            269.7054,
            89.955444,
            -178.56668,
            89.9303
        ],
        [
            448.7782,
            -541.52405,
            269.69418,
            89.95237,
            -178.56726,
            89.92877
        ],
        [
            448.77075,
            -541.5273,
            269.6984,
            89.951584,
            -178.56674,
            89.92867
        ],
        [
            448.74887,
            -541.52405,
            269.69293,
            89.95032,
            -178.56778,
            89.92837
        ],
        [
            448.63034,
            -541.4929,
            269.6796,
            89.947014,
            -178.5732,
            89.928085
        ],
        [
            448.50482,
            -541.4701,
            269.68057,
            89.945595,
            -178.5755,
            89.92861
        ],
        [
            448.2293,
            -541.43677,
            269.67004,
            89.943146,
            -178.57817,
            89.92992
        ],
        [
            447.3943,
            -541.44824,
            269.6431,
            89.939575,
            -178.57826,
            89.92607
        ],
        [
            446.5019,
            -541.48865,
            269.5685,
            89.936195,
            -178.58003,
            89.92245
        ],
        [
            445.81494,
            -541.49646,
            269.5344,
            89.93471,
            -178.5812,
            89.922874
        ],
        [
            443.4539,
            -541.47845,
            269.41644,
            89.93139,
            -178.58116,
            89.93011
        ],
        [
            442.00574,
            -541.45966,
            269.38214,
            89.93323,
            -178.57428,
            89.937805
        ],
        [
            440.32242,
            -541.4676,
            269.32477,
            89.93734,
            -178.56696,
            89.94363
        ],
        [
            438.24066,
            -541.46313,
            269.21512,
            89.94124,
            -178.56433,
            89.94984
        ],
        [
            435.87726,
            -541.4584,
            269.12747,
            89.94427,
            -178.56256,
            89.95237
        ],
        [
            433.9282,
            -541.4457,
            269.06894,
            89.94698,
            -178.56137,
            89.952515
        ],
        [
            431.17892,
            -541.42664,
            269.00925,
            89.95189,
            -178.55705,
            89.94932
        ],
        [
            427.76135,
            -541.4216,
            268.90097,
            89.95679,
            -178.55324,
            89.946335
        ],
        [
            424.68274,
            -541.43365,
            268.802,
            89.96262,
            -178.5504,
            89.940216
        ],
        [
            421.02335,
            -541.44,
            268.6654,
            89.97172,
            -178.5547,
            89.935234
        ],
        [
            418.19785,
            -541.42615,
            268.59988,
            89.981865,
