{
    "CMD": 3003,
    "motion_trajectory": [
        [
            380.0011,
            -599.0001,
            272.09894,
            89.12962,
            -178.61008,
            89.99025
        ],
        [
            380.00183,
            -598.9995,
            272.09888,
            89.12971,
            -178.6101,
            89.990265
        ],
        [
            380.0007,
            -599.00006,
            272.09827,
            89.129654,
            -178.61012,
            89.99024
        ],
        [
            380.00134,
            -598.99976,
            272.09778,
            89.12967,
            -178.61024,
            89.99022
        ],
        [
            380.00137,
            -599.00024,
            272.09875,
            89.12968,
            -178.60999,
            89.990234
        ],
        [
            380.00125,
            -598.99963,
            272.0975,
            89.12964,
            -178.61023,
            89.99017
        ],
        [
            380.00073,
            -599.0,
            272.0982,
            89.12957,
            -178.61029,
            89.9906
        ],
        [
            379.99915,
            -599.0151,
            272.10684,
            89.12918,
            -178.61005,
            89.99107
        ],
        [
            380.00986,
            -599.0833,
            272.1276,
            89.13,
            -178.60713,
            89.99182
        ],
        [
            380.05136,
            -599.28925,
            272.16498,
            89.13562,
            -178.60178,
            89.99222
        ],
        [
            380.10217,
            -599.69305,
            272.18997,
            89.143555,
            -178.5975,
            89.99346
        ],
        [
            380.14435,
            -600.27496,
            272.14987,
            89.15278,
            -178.59697,
            89.99443
        ],
        [
            380.16412,
            -601.07477,
            272.09457,
            89.16574,
            -178.59697,
            89.99441
        ],
        [
            380.14786,
            -603.9187,
            272.04214,
            89.214775,
            -178.59587,
            89.98949
        ],
        [
            380.1109,
            -606.84656,
            271.91638,
            89.25403,
            -178.59111,
            89.98737
        ],
        [
            380.07648,
            -610.04846,
            271.76276,
            89.29335,
            -178.58743,
            89.98983
        ],
        [
            380.07297,
            -611.6435,
            271.7028,
            89.31747,
            -178.5818,
            89.99181
        ],
        [
            380.07202,
            -614.1746,
            271.56232,
            89.355446,
            -178.58005,
            89.99279
        ],
        [
            380.0668,
            -617.11365,
            271.43457,
            89.40011,
            -178.57648,
            89.99223
        ],
        [
            380.0588,
            -618.9793,
            271.39502,
            89.42837,
            -178.56781,
            89.9912
        ],
        [
            380.0413,
            -622.3733,
            271.29718,
            89.477875,
            -178.56006,
            89.9921
        ],
        [
            380.03638,
            -626.50397,
            271.13596,
            89.53767,
            -178.55472,
            89.9976
        ],
        [
            380.0284,
            -629.3661,
            270.95966,
            89.57943,
            -178.55473,
            89.9984
        ],
        [
            379.99368,
            -632.5047,
            270.7559,
            89.61775,
            -178.55223,
            89.99595
        ],
        [
            379.97485,
            -635.0051,
            270.66556,
            89.65309,
            -178.54463,
            89.99568
        ],
        [
            379.987,
            -638.55975,
            270.577,
            89.70826,
            -178.538,
            89.99652
        ],
        [
            379.97623,
            -641.1532,
            270.5266,
            89.75014,
            -178.53226,
            89.994385
        ],
        [
            379.96317,
            -642.5656,
            270.42914,
            89.76988,
            -178.53368,
            89.99262
        ],
        [
            379.95828,
            -645.32965,
            270.20212,
            89.80447,
            -178.5374,
            89.99051
        ],
        [
            379.95966,
            -646.5081,
            270.1755,
            89.82287,
            -178.5338,
            89.98796
        ],
        [
            379.95697,
            -647.53394,
            270.14453,
            89.838196,
            -178.52968,
            89.98695
        ],
        [
            379.95358,
            -648.89386,
            270.08896,
            89.85807,
            -178.52516,
            89.98598
        ],
        [
            379.96167,
            -650.58765,
            270.03436,
            89.88275,
            -178.52275,
            89.98785
        ],
        [
            379.96448,
            -651.4822,
            270.0238,
            89.89708,
            -178.52055,
            89.98925
        ],
        [
            379.975,
            -652.429,
            269.98535,
            89.911026,
            -178.51962,
            89.99135
        ],
        [
            379.97324,
            -653.70197,
            269.92245,
            89.93165,
            -178.51955,
            89.99079
        ],
        [
            379.97223,
            -654.26917,
            269.9008,
            89.94089,
            -178.52069,
            89.990234
        ],
        [
            379.95337,
            -655.1666,
            269.8273,
            89.95138,
            -178.52187,
            89.98876
        ],
        [
            379.9347,
            -655.8375,
            269.7655,
            89.95747,
            -178.52434,
            89.98845
        ],
        [
            379.9272,
            -656.08386,
            269.73648,
            89.95936,
            -178.52492,
            89.98806
        ],
        [
            379.92145,
            -656.2457,
            269.70074,
            89.959694,
            -178.5266,
            89.98825
        ],
        [
            379.91443,
            -656.44543,
            269.7344,
            89.96191,
            -178.52296,
            89.98955
        ],
        [
            379.91766,
            -656.47,
            269.76407,
            89.96292,
            -178.51976,
            89.989655
        ],
        [
            379.91745,
            -656.47034,
            269.76352,
            89.96269,
            -178.51945,
            89.989746
        ],
        [
            379.91806,
            -656.4698,
            269.76334,
            89.96272,
            -178.51952,
            89.989784
        ],
        [
            379.91852,
            -656.46985,
            269.7653,
            89.96273,
            -178.51927,
            89.989784
        ],
        [
            379.9204,
            -656.4694,
            269.76654,
            89.96282,
            -178.519,
            89.98985
        ],
        [
            379.91803,
            -656.4703,
            269.75958,
            89.96244,
            -178.51955,
            89.98976
        ],
        [
            379.92328,
            -656.4729,
            269.76233,
            89.96267,
            -178.51915,
            89.98992
        ],
        [
            379.9487,
            -656.483,
            269.7723,
            89.963646,
            -178.51872,
            89.99003
        ],
        [
            380.0927,
            -656.5172,
            269.78937,
            89.96626,
