{
    "CMD": 3012,
    "motion_trajectory": [
        [
            380.0,
            -599.0008,
            272.0987,
            89.129845,
            -178.61,
            89.99005
        ],
        [
            379.9999,
            -599.0007,
            272.09894,
            89.12983,
            -178.61,
            89.99
        ],
        [
            379.99963,
            -599.0005,
            272.09857,
            89.12977,
            -178.61002,
            89.99001
        ],
        [
            380.0001,
            -599.00104,
            272.10007,
            89.1299,
            -178.60982,
            89.99005
        ],
        [
            380.0,
            -599.0008,
            272.09924,
            89.12987,
            -178.60995,
            89.99005
        ],
        [
            380.00018,
            -599.00073,
            272.09933,
            89.12991,
            -178.60997,
            89.990036
        ],
        [
            380.0,
            -599.0008,
            272.09924,
            89.12987,
            -178.60995,
            89.99005
        ],
        [
            379.999,
            -599.00146,
            272.10046,
            89.12989,
            -178.61122,
            89.99091
        ],
        [
            379.9985,
            -599.0038,
            272.1024,
            89.12986,
            -178.61255,
            89.9909
        ],
        [
            379.99744,
            -599.0043,
            272.10196,
            89.12966,
            -178.61263,
            89.990906
        ],
        [
            379.99713,
            -599.0049,
            272.1025,
            89.129715,
            -178.61255,
            89.99091
        ],
        [
            379.99677,
            -599.0049,
            272.10178,
            89.129616,
            -178.61255,
            89.991
        ],
        [
            379.9969,
            -599.0052,
            272.10254,
            89.12964,
            -178.61258,
            89.990944
        ],
        [
            380.00403,
            -599.0103,
            272.1086,
            89.13002,
            -178.61223,
            89.990974
        ],
        [
            380.06573,
            -599.0229,
            272.13028,
            89.13167,
            -178.61143,
            89.99222
        ],
        [
            380.18146,
            -599.03033,
            272.15295,
            89.133,
            -178.60962,
            89.99377
        ],
        [
            380.65375,
            -599.0329,
            272.2039,
            89.13449,
            -178.60628,
            89.996605
        ],
        [
            381.35782,
            -599.0117,
            272.24127,
            89.13386,
            -178.60406,
            89.99898
        ],
        [
            382.46613,
            -599.0019,
            272.26358,
            89.13184,
            -178.60316,
            89.99954
        ],
        [
            383.21677,
            -599.007,
            272.2731,
            89.13062,
            -178.60237,
            89.99841
        ],
        [
            383.9244,
            -599.0159,
            272.2713,
            89.12865,
            -178.60358,
            89.99535
        ],
        [
            385.429,
            -599.02576,
            272.27914,
            89.12559,
            -178.60695,
            89.99101
        ],
        [
            387.30115,
            -599.03107,
            272.35013,
            89.125336,
            -178.60739,
            89.989296
        ],
        [
            389.29575,
            -599.04474,
            272.45728,
            89.12806,
            -178.60666,
            89.989044
        ],
        [
            391.58533,
            -599.06995,
            272.58392,
            89.13246,
            -178.6021,
            89.98805
        ],
        [
            394.1218,
            -599.0715,
            272.64694,
            89.13533,
            -178.60301,
            89.9879
        ],
        [
            396.9085,
            -599.0617,
            272.713,
            89.13749,
            -178.60939,
            89.98494
        ],
        [
            400.00665,
            -599.0618,
            272.77362,
            89.136955,
            -178.61562,
            89.97835
        ],
        [
            403.16757,
            -599.055,
            272.87668,
            89.13772,
            -178.61682,
            89.972984
        ],
        [
            405.02844,
            -599.06006,
            272.93784,
            89.13905,
            -178.61806,
            89.97165
        ],
        [
            408.58093,
            -599.09705,
            273.04172,
            89.13849,
            -178.61314,
            89.96807
        ],
        [
            410.9763,
            -599.0884,
            273.09818,
            89.13808,
            -178.61151,
            89.97115
        ],
        [
            414.74246,
            -599.05066,
            273.15524,
            89.1356,
            -178.61606,
            89.977615
        ],
        [
            418.43292,
            -599.0161,
            273.24197,
            89.13457,
            -178.61401,
            89.983536
        ],
        [
            422.5359,
            -598.9963,
            273.3918,
            89.13448,
            -178.61356,
            89.9822
        ],
        [
            426.03964,
            -599.00903,
            273.51404,
            89.13308,
            -178.60985,
            89.97953
        ],
        [
            429.25903,
            -598.99756,
            273.59875,
            89.1287,
            -178.61307,
            89.98172
        ],
        [
            432.24817,
            -598.98883,
            273.68112,
            89.12414,
            -178.61351,
            89.984024
        ],
        [
            434.903,
            -598.9912,
            273.75586,
            89.120445,
            -178.61256,
            89.98948
        ],
        [
            437.35754,
            -599.0036,
            273.82245,
            89.11889,
            -178.60814,
            89.99315
        ],
        [
            439.64337,
            -598.9839,
            273.88138,
            89.11898,
            -178.60667,
            89.99621
        ],
        [
            441.613,
            -598.98425,
            273.89844,
            89.11875,
            -178.61235,
            89.993454
        ],
        [
            443.276,
            -598.9949,
            273.91495,
            89.11613,
            -178.61514,
            89.9867
        ],
        [
            444.82428,
            -598.9846,
            273.95322,
            89.11364,
            -178.61545,
            89.98166
        ],
        [
            445.49103,
            -598.9777,
            273.9642,
            89.11392,
            -178.6149,
            89.98296
        ],
        [
            446.15265,
            -598.97675,
            273.9981,
            89.11447,
            -178.61356,
            89.98214
        ],
        [
            447.1812,
            -598.9689,
            274.01483,
            89.11418,
            -178.61417,
            89.98287
        ],
        [
            447.5671,
            -598.9765,
            274.0342,
            89.11512,
            -178.61343,
            89.98413
        ],
        [
            448.28067,
            -598.9711,
            274.08755,
            89.11813,
            -178.61143,
            89.98607
        ],
        [
            448.6248,
            -598.9697,
            274.11386,
            89.11944,
            -178.61066,
            89.98784
        ],
        [
            448.7537,
            -598.9511,
            274.09766,
            89.11701,
            -178.61491,
