{
    "CMD": 3013,
    "motion_trajectory": [
        [
            379.99973,
            -656.4307,
            269.84943,
            89.969795,
            -178.50981,
            89.99002
        ],
        [
            379.99976,
            -656.43036,
            269.84894,
            89.9698,
            -178.50998,
            89.98996
        ],
        [
            379.99963,
            -656.43097,
            269.8496,
            89.969765,
            -178.50981,
            89.99003
        ],
        [
            380.0,
            -656.4304,
            269.84933,
            89.96988,
            -178.5099,
            89.990005
        ],
        [
            380.00037,
            -656.4303,
            269.8492,
            89.96982,
            -178.50993,
            89.990005
        ],
        [
            379.99982,
            -656.43036,
            269.84924,
            89.96983,
            -178.51,
            89.99007
        ],
        [
            379.99948,
            -656.4307,
            269.84933,
            89.96988,
            -178.50995,
            89.98996
        ],
        [
            379.9999,
            -656.43066,
            269.85013,
            89.969864,
            -178.50986,
            89.99001
        ],
        [
            379.99753,
            -656.4319,
            269.85028,
            89.969536,
            -178.51231,
            89.99077
        ],
        [
            379.99713,
            -656.4323,
            269.84995,
            89.96941,
            -178.51297,
            89.99085
        ],
        [
            379.99652,
            -656.43256,
            269.85077,
            89.96942,
            -178.51286,
            89.990974
        ],
        [
            379.9965,
            -656.4325,
            269.85043,
            89.96926,
            -178.51292,
            89.99099
        ],
        [
            379.99606,
            -656.4331,
            269.8507,
            89.96927,
            -178.51292,
            89.99089
        ],
        [
            379.9961,
            -656.4336,
            269.85147,
            89.96928,
            -178.51279,
            89.99095
        ],
        [
            380.00967,
            -656.43634,
            269.85962,
            89.96983,
            -178.51357,
            89.99136
        ],
        [
            380.0851,
            -656.43805,
            269.87335,
            89.97109,
            -178.51474,
            89.99325
        ],
        [
            380.19955,
            -656.4357,
            269.88864,
            89.971954,
            -178.51479,
            89.994225
        ],
        [
            380.37732,
            -656.43066,
            269.903,
            89.97259,
            -178.51424,
            89.9953
        ],
        [
            381.0124,
            -656.41504,
            269.90842,
            89.973915,
            -178.51341,
            89.99875
        ],
        [
            381.47214,
            -656.3974,
            269.9033,
            89.97418,
            -178.51338,
            90.00164
        ],
        [
            382.6605,
            -656.39844,
            269.87387,
            89.97524,
            -178.5144,
            89.99987
        ],
        [
            384.026,
            -656.3967,
            269.84778,
            89.97503,
            -178.51678,
            89.99981
        ],
        [
            385.8045,
            -656.4221,
            269.87964,
            89.97622,
            -178.51468,
            89.993385
        ],
        [
            387.09183,
            -656.438,
            269.8823,
            89.97595,
            -178.51321,
            89.99055
        ],
        [
            388.05682,
            -656.45703,
            269.89093,
            89.974915,
            -178.51189,
            89.98615
        ],
        [
            389.0897,
            -656.47797,
            269.89703,
            89.9746,
            -178.50867,
            89.98297
        ],
        [
            391.0438,
            -656.4861,
            269.91345,
            89.97408,
            -178.50618,
            89.979324
        ],
        [
            392.59286,
            -656.4988,
            269.9374,
            89.97546,
            -178.50305,
            89.97708
        ],
        [
            395.27835,
            -656.496,
            269.93558,
            89.974785,
            -178.50294,
            89.97473
        ],
        [
            398.0976,
            -656.4867,
            269.95834,
            89.97547,
            -178.50209,
            89.97657
        ],
        [
            401.76154,
            -656.4696,
            269.9783,
            89.97821,
            -178.5055,
            89.98085
        ],
        [
            405.08685,
            -656.49634,
            269.96252,
            89.97884,
            -178.50548,
            89.98348
        ],
        [
            408.499,
            -656.4621,
            269.9254,
            89.97995,
            -178.51399,
            89.9911
        ],
        [
            410.8913,
            -656.44025,
            269.89542,
            89.97762,
            -178.51707,
            89.99243
        ],
        [
            415.24927,
            -656.4317,
            269.8853,
            89.97719,
            -178.5171,
            89.98845
        ],
        [
            418.49954,
            -656.44763,
            269.86044,
            89.97383,
            -178.51276,
            89.985146
        ],
        [
            422.13174,
            -656.42413,
            269.8086,
            89.97126,
            -178.51442,
            89.986855
        ],
        [
            425.45993,
            -656.4181,
            269.82544,
            89.97043,
            -178.50952,
            89.98888
        ],
        [
            428.61407,
            -656.40125,
            269.86676,
            89.969734,
            -178.5069,
            89.99581
        ],
        [
            431.11728,
            -656.4067,
            269.88794,
            89.97182,
            -178.50354,
            89.99987
        ],
        [
            433.9135,
            -656.39386,
            269.87204,
            89.971275,
            -178.50737,
            89.99808
        ],
        [
            435.28766,
            -656.39197,
            269.85962,
            89.97006,
            -178.51038,
            89.9965
        ],
        [
            436.61935,
            -656.39276,
            269.84546,
            89.96786,
            -178.51228,
            89.99465
        ],
        [
            437.94006,
            -656.388,
            269.8567,
            89.967064,
            -178.51224,
            89.99426
        ],
        [
            440.03598,
            -656.39185,
            269.79706,
            89.965614,
            -178.51712,
            89.991135
        ],
        [
            442.14462,
            -656.39325,
            269.7679,
            89.96439,
            -178.51686,
            89.99133
        ],
        [
            443.60303,
            -656.3965,
            269.76514,
            89.96507,
            -178.51482,
            89.99214
        ],
        [
            444.4204,
            -656.39087,
            269.78204,
            89.9662,
            -178.51242,
            89.992905
        ],
        [
            445.70572,
            -656.39307,
            269.8009,
            89.96826,
            -178.51073,
            89.99486
        ],
        [
            446.1918,
            -656.38745,
            269.79834,
            89.968094,
            -178.51083,
            89.99575
        ],
        [
            447.0521,
            -656.3656,
            269.76428,
            89.96723,
