{
    "CMD": 3013,
    "motion_trajectory": [
        [
            349.9997,
            -656.43036,
            269.8603,
            89.969955,
            -178.5099,
            89.98994
        ],
        [
            349.99976,
            -656.4305,
            269.86118,
            89.97,
            -178.50981,
            89.98999
        ],
        [
            349.99646,
            -656.42993,
            269.85947,
            89.96954,
            -178.513,
            89.99132
        ],
        [
            350.00528,
            -656.4317,
            269.86288,
            89.969536,
            -178.5142,
            89.99123
        ],
        [
            351.2862,
            -656.4254,
            269.974,
            89.975296,
            -178.50505,
            90.00046
        ],
        [
            356.25018,
            -656.4579,
            269.96072,
            89.97565,
            -178.49902,
            89.9928
        ],
        [
            364.0451,
            -656.4541,
            269.97644,
            89.981,
            -178.50713,
            89.99291
        ],
        [
            372.67755,
            -656.48505,
            269.96878,
            89.97938,
            -178.50873,
            89.9769
        ],
        [
            386.1699,
            -656.4564,
            269.84686,
            89.971725,
            -178.51814,
            89.98904
        ],
        [
            401.85626,
            -656.42816,
            269.93518,
            89.97299,
            -178.5037,
            89.98843
        ],
        [
            416.97787,
            -656.40326,
            269.8368,
            89.97484,
            -178.51724,
            89.991066
        ],
        [
            427.92352,
            -656.38007,
            269.8419,
            89.96943,
            -178.50862,
            89.997375
        ],
        [
            437.88632,
            -656.3796,
            269.83517,
            89.96766,
            -178.51184,
            89.99635
        ],
        [
            444.2433,
            -656.37726,
            269.75827,
            89.96584,
            -178.51701,
            89.99513
        ],
        [
            447.47552,
            -656.3452,
            269.7447,
            89.96596,
            -178.515,
            90.00035
        ],
        [
            448.0672,
            -656.3396,
            269.771,
            89.9649,
            -178.51353,
            90.00242
        ],
        [
            448.05038,
            -656.35266,
            269.7725,
            89.96482,
            -178.51418,
            90.00054
        ],
        [
            448.056,
            -656.3388,
            269.2481,
            89.95181,
            -178.5245,
            90.001945
        ],
        [
            448.03418,
            -656.33105,
            267.9095,
            89.949005,
            -178.5257,
            89.99939
        ],
        [
            448.01035,
            -656.3578,
            267.86664,
            89.971825,
            -178.51216,
            89.99697
        ]
    ]
}