{
    "CMD": 3002,
    "motion_trajectory": [
        [
            380.00214,
            -541.3774,
            267.0975,
            89.97985,
            -178.55058,
            89.95007
        ],
        [
            380.00183,
            -541.3788,
            267.09808,
            89.97997,
            -178.55052,
            89.95001
        ],
        [
            380.00253,
            -541.3783,
            267.09793,
            89.979904,
            -178.55046,
            89.95007
        ],
        [
            380.00235,
            -541.37823,
            267.09796,
            89.98,
            -178.55054,
            89.950035
        ],
        [
            380.00174,
            -541.3786,
            267.0973,
            89.97992,
            -178.55055,
            89.94996
        ],
        [
            380.00226,
            -541.3785,
            267.09808,
            89.97997,
            -178.55052,
            89.95006
        ],
        [
            380.00134,
            -541.3824,
            267.09982,
            89.980064,
            -178.55174,
            89.950455
        ],
        [
            380.00534,
            -541.3948,
            267.1096,
            89.98073,
            -178.55238,
            89.95044
        ],
        [
            380.0245,
            -541.45856,
            267.13892,
            89.98338,
            -178.5537,
            89.95068
        ],
        [
            380.04535,
            -541.53357,
            267.16818,
            89.98574,
            -178.55455,
            89.95113
        ],
        [
            380.07,
            -541.6658,
            267.20767,
            89.98714,
            -178.5539,
            89.95297
        ],
        [
            380.0935,
            -541.8724,
            267.24637,
            89.98597,
            -178.55392,
            89.9567
        ],
        [
            380.13852,
            -542.496,
            267.307,
            89.978516,
            -178.55385,
            89.96595
        ],
        [
            380.15814,
            -542.8933,
            267.3468,
            89.97273,
            -178.55281,
            89.970505
        ],
        [
            380.17575,
            -543.44836,
            267.37793,
            89.96481,
            -178.55603,
            89.973625
        ],
        [
            380.18237,
            -543.9837,
            267.42142,
            89.95771,
            -178.55716,
            89.97557
        ],
        [
            380.18463,
            -544.6239,
            267.48746,
            89.94786,
            -178.5558,
            89.97818
        ],
        [
            380.18665,
            -545.40894,
            267.55237,
            89.93707,
            -178.55713,
            89.97913
        ],
        [
            380.15714,
            -547.1128,
            267.70108,
            89.91403,
            -178.55582,
            89.97647
        ],
        [
            380.1332,
            -548.22296,
            267.7889,
            89.89607,
            -178.55519,
            89.97542
        ],
        [
            380.0908,
            -550.1826,
            267.94073,
            89.86318,
            -178.55713,
            89.97342
        ],
        [
            380.0501,
            -552.5686,
            268.12375,
            89.819435,
            -178.55916,
            89.975876
        ],
        [
            380.04294,
            -553.939,
            268.21936,
            89.796524,
            -178.5634,
            89.97705
        ],
        [
            380.03964,
            -555.2054,
            268.33255,
            89.777374,
            -178.5642,
            89.97666
        ],
        [
            380.03326,
            -556.5731,
            268.4574,
            89.75699,
            -178.56378,
            89.97634
        ],
        [
            380.0292,
            -558.0839,
            268.56223,
            89.73242,
            -178.56566,
            89.976944
        ],
        [
            380.02844,
            -559.6744,
            268.70474,
            89.709946,
            -178.56535,
            89.97555
        ],
        [
            380.0225,
            -563.06836,
            269.05188,
            89.66248,
            -178.56467,
            89.97209
        ],
        [
            380.01715,
            -564.5686,
            269.21173,
            89.63979,
            -178.56358,
            89.971565
        ],
        [
            380.01904,
            -566.69507,
            269.3769,
            89.60747,
            -178.56909,
            89.97106
        ],
        [
            380.028,
            -568.33405,
            269.5052,
            89.58302,
            -178.57391,
            89.97073
        ],
        [
            380.0224,
            -573.7765,
            269.95932,
            89.50807,
            -178.57956,
            89.96793
        ],
        [
            380.01462,
            -575.5565,
            270.08008,
            89.479904,
            -178.58298,
            89.9691
        ],
        [
            380.02365,
            -577.5513,
            270.1995,
            89.44805,
            -178.59032,
            89.972145
        ],
        [
            379.98694,
            -580.56525,
            270.48083,
            89.39954,
            -178.59238,
            89.975784
        ],
        [
            379.9647,
            -582.09973,
            270.60815,
            89.37637,
            -178.5952,
            89.976685
        ],
        [
            379.95847,
            -583.6959,
            270.76886,
            89.353485,
            -178.59372,
            89.977104
        ],
        [
            379.95618,
            -585.2679,
            270.89966,
            89.33051,
            -178.5937,
            89.9781
        ],
        [
            379.95502,
            -586.4756,
            271.02185,
            89.31417,
            -178.59242,
            89.97859
        ],
        [
            379.9566,
            -587.7801,
            271.1567,
            89.29457,
            -178.5899,
            89.98043
        ],
        [
            379.94754,
            -589.0889,
            271.25485,
            89.27477,
            -178.59334,
            89.980675
        ],
        [
            379.95294,
            -591.1846,
            271.40588,
            89.24215,
            -178.59956,
            89.98282
        ],
        [
            379.95474,
            -593.1518,
            271.53812,
            89.21263,
            -178.60913,
            89.98313
        ],
        [
            379.9615,
            -594.0952,
            271.59756,
            89.19787,
            -178.61252,
            89.98398
        ],
        [
            379.96872,
            -596.22626,
            271.76263,
            89.16832,
            -178.61682,
            89.983536
        ],
        [
            379.9781,
            -597.2905,
            271.86285,
            89.155106,
            -178.61311,
            89.982956
        ],
        [
            379.9863,
            -598.1096,
            271.92072,
            89.14482,
            -178.6156,
            89.98284
        ],
        [
            379.98672,
            -598.4429,
            271.95877,
            89.13943,
            -178.61612,
            89.98355
        ],
        [
            379.9662,
            -598.81354,
            271.9879,
            89.131256,
            -178.61768,
            89.98411
        ],
        [
            379.93976,
            -598.9923,
            272.01102,
            89.12655,
            -178.6161,
            89.98372
        ],
        [
            379.92352,
            -599.0405,
            271.9993,
            89.12327,
