{
    "CMD": 3001,
    "motion_trajectory": [
        [
            380.00113,
            -541.38043,
            267.09918,
            89.98012,
            -178.55011,
            89.9499
        ],
        [
            380.00146,
            -541.38,
            267.0989,
            89.98008,
            -178.55026,
            89.9499
        ],
        [
            380.00113,
            -541.38043,
            267.09918,
            89.98012,
            -178.55017,
            89.9499
        ],
        [
            380.00146,
            -541.38,
            267.09943,
            89.980095,
            -178.55022,
            89.9499
        ],
        [
            380.00104,
            -541.38025,
            267.09946,
            89.98012,
            -178.55006,
            89.9499
        ],
        [
            379.99963,
            -541.383,
            267.10086,
            89.979935,
            -178.55081,
            89.95057
        ],
        [
            379.99927,
            -541.38434,
            267.1016,
            89.97998,
            -178.55174,
            89.95078
        ],
        [
            379.99994,
            -541.38495,
            267.10303,
            89.98014,
            -178.55183,
            89.95074
        ],
        [
            380.0002,
            -541.38525,
            267.10324,
            89.980064,
            -178.55177,
            89.950775
        ],
        [
            380.00397,
            -541.38965,
            267.10764,
            89.98046,
            -178.55196,
            89.95078
        ],
        [
            380.03604,
            -541.39935,
            267.1222,
            89.98165,
            -178.55202,
            89.95176
        ],
        [
            380.241,
            -541.4126,
            267.1545,
            89.98191,
            -178.54848,
            89.95441
        ],
        [
            380.93726,
            -541.4046,
            267.2034,
            89.9771,
            -178.54103,
            89.960045
        ],
        [
            382.06558,
            -541.37714,
            267.21487,
            89.97162,
            -178.54004,
            89.965775
        ],
        [
            384.93192,
            -541.40125,
            267.2878,
            89.96583,
            -178.54195,
            89.95443
        ],
        [
            386.89767,
            -541.4213,
            267.37125,
            89.96512,
            -178.54297,
            89.94834
        ],
        [
            388.27075,
            -541.42566,
            267.43085,
            89.96677,
            -178.54332,
            89.946434
        ],
        [
            390.68988,
            -541.4342,
            267.5118,
            89.96665,
            -178.54378,
            89.94606
        ],
        [
            392.0461,
            -541.442,
            267.5686,
            89.96744,
            -178.54434,
            89.946594
        ],
        [
            394.8294,
            -541.4781,
            267.68018,
            89.968254,
            -178.54277,
            89.944176
        ],
        [
            397.78473,
            -541.481,
            267.80127,
            89.97057,
            -178.54439,
            89.94466
        ],
        [
            399.5848,
            -541.4696,
            267.85675,
            89.97006,
            -178.54733,
            89.94358
        ],
        [
            401.0811,
            -541.46765,
            267.8982,
            89.969475,
            -178.55072,
            89.94208
        ],
        [
            404.4733,
            -541.4652,
            268.0134,
            89.96788,
            -178.55806,
            89.937035
        ],
        [
            408.59564,
            -541.46606,
            268.1773,
            89.96641,
            -178.56064,
            89.93347
        ],
        [
            412.20715,
            -541.457,
            268.3291,
            89.96772,
            -178.56186,
            89.93391
        ],
        [
            414.3784,
            -541.45355,
            268.4182,
            89.96672,
            -178.5638,
            89.934296
        ],
        [
            418.29935,
            -541.4346,
            268.57028,
            89.96766,
            -178.56606,
            89.93691
        ],
        [
            422.0984,
            -541.4329,
            268.7218,
            89.96728,
            -178.56322,
            89.93775
        ],
        [
            425.59695,
            -541.43585,
            268.8238,
            89.96348,
            -178.56183,
            89.9365
        ],
        [
            428.78482,
            -541.4362,
            268.93817,
            89.96191,
            -178.56084,
            89.934975
        ],
        [
            431.92514,
            -541.4294,
            269.04474,
            89.96028,
            -178.56194,
            89.93288
        ],
        [
            434.6674,
            -541.4229,
            269.11777,
            89.95932,
            -178.56479,
            89.93392
        ],
        [
            437.30286,
            -541.3995,
            269.17902,
            89.95893,
            -178.57315,
            89.937744
        ],
        [
            439.48248,
            -541.3951,
            269.24768,
            89.96056,
            -178.57776,
            89.93897
        ],
        [
            441.52292,
            -541.39435,
            269.34003,
            89.963615,
            -178.57996,
            89.938385
        ],
        [
            443.36362,
            -541.3732,
            269.4532,
            89.96578,
            -178.58154,
            89.93613
        ],
        [
            444.82428,
            -541.37354,
            269.50995,
            89.96654,
            -178.58595,
            89.93314
        ],
        [
            445.96155,
            -541.385,
            269.55145,
            89.96588,
            -178.58786,
            89.92953
        ],
        [
            447.30612,
            -541.3934,
            269.56433,
            89.96371,
            -178.58977,
            89.92856
        ],
        [
            447.71878,
            -541.38385,
            269.5916,
            89.96221,
            -178.58742,
            89.92869
        ],
        [
            448.4138,
            -541.3769,
            269.62912,
            89.95942,
            -178.5824,
            89.92957
        ],
        [
            448.76514,
            -541.3681,
            269.6495,
            89.958015,
            -178.5798,
            89.93211
        ],
        [
            448.92184,
            -541.3688,
            269.63873,
            89.95563,
            -178.57869,
            89.93467
        ],
        [
            448.94077,
            -541.36584,
            269.61008,
            89.95149,
            -178.57956,
            89.93602
        ],
        [
            448.92996,
            -541.3702,
            269.59372,
            89.94841,
            -178.57869,
            89.93701
        ],
        [
            448.91907,
            -541.37585,
            269.58908,
            89.946495,
            -178.5776,
            89.937355
        ],
        [
            448.91174,
            -541.382,
            269.58926,
            89.94614,
            -178.57707,
            89.93689
        ],
        [
            448.91028,
            -541.3832,
            269.58453,
            89.94565,
            -178.5772,
            89.936874
        ],
        [
            448.91528,
            -541.3768,
            269.56067,
            89.944756,
            -178.57845,
            89.937675
        ],
        [
            448.91238,
            -541.37305,
            269.44122,
            89.94084,
