{
    "CMD": 3012,
    "motion_trajectory": [
        [
            379.99973,
            -599.00116,
            272.10043,
            89.12994,
            -178.6099,
            89.98994
        ],
        [
            379.9996,
            -599.0013,
            272.0995,
            89.12988,
            -178.60986,
            89.990005
        ],
        [
            379.9999,
            -599.00104,
            272.0994,
            89.12984,
            -178.60979,
            89.99007
        ],
        [
            380.00027,
            -599.001,
            272.10016,
            89.12995,
            -178.60983,
            89.990036
        ],
        [
            380.00018,
            -599.00085,
            272.09988,
            89.12991,
            -178.60994,
            89.98998
        ],
        [
            380.00027,
            -599.00085,
            272.1002,
            89.12996,
            -178.6099,
            89.99008
        ],
        [
            380.00015,
            -599.0006,
            272.09882,
            89.129906,
            -178.61002,
            89.99009
        ],
        [
            379.99854,
            -599.0021,
            272.10037,
            89.129845,
            -178.61116,
            89.990715
        ],
        [
            379.9988,
            -599.00323,
            272.10132,
            89.1299,
            -178.61256,
            89.99075
        ],
        [
            379.99823,
            -599.0036,
            272.1012,
            89.12985,
            -178.6127,
            89.99072
        ],
        [
            379.9984,
            -599.0041,
            272.10226,
            89.12989,
            -178.61258,
            89.99067
        ],
        [
            379.9983,
            -599.0038,
            272.10147,
            89.12987,
            -178.61261,
            89.99072
        ],
        [
            379.99838,
            -599.00433,
            272.10162,
            89.129875,
            -178.61267,
            89.99078
        ],
        [
            380.0017,
            -599.0062,
            272.1053,
            89.13013,
            -178.61226,
            89.99078
        ],
        [
            380.01474,
            -599.01337,
            272.11557,
            89.130875,
            -178.61153,
            89.99093
        ],
        [
            380.12814,
            -599.02765,
            272.148,
            89.133026,
            -178.60838,
            89.99295
        ],
        [
            380.5002,
            -599.0351,
            272.20657,
            89.135124,
            -178.60371,
            89.99537
        ],
        [
            380.84113,
            -599.02014,
            272.238,
            89.13549,
            -178.60176,
            89.99824
        ],
        [
            381.7532,
            -599.00073,
            272.30167,
            89.135155,
            -178.6002,
            90.000244
        ],
        [
            382.25446,
            -598.994,
            272.31454,
            89.134384,
            -178.6003,
            90.000786
        ],
        [
            382.87067,
            -599.0032,
            272.32755,
            89.13355,
            -178.59909,
            89.99938
        ],
        [
            384.35822,
            -599.01544,
            272.32568,
            89.12988,
            -178.60057,
            89.995186
        ],
        [
            385.9205,
            -599.0204,
            272.32355,
            89.126724,
            -178.6064,
            89.991516
        ],
        [
            387.9409,
            -599.02826,
            272.42606,
            89.12784,
            -178.6045,
            89.99021
        ],
        [
            389.95544,
            -599.0537,
            272.53784,
            89.13137,
            -178.60225,
            89.9896
        ],
        [
            392.45444,
            -599.0723,
            272.6218,
            89.13445,
            -178.60103,
            89.98816
        ],
        [
            394.85605,
            -599.0717,
            272.6783,
            89.13695,
            -178.60379,
            89.98714
        ],
        [
            397.7695,
            -599.04895,
            272.73703,
            89.13874,
            -178.61035,
            89.98532
        ],
        [
            399.62073,
            -599.0535,
            272.76645,
            89.13867,
            -178.6152,
            89.98002
        ],
        [
            402.19983,
            -599.0535,
            272.8444,
            89.139984,
            -178.61517,
            89.974434
        ],
        [
            404.1842,
            -599.0531,
            272.88986,
            89.13944,
            -178.61891,
            89.972435
        ],
        [
            407.6955,
            -599.0845,
            272.98712,
            89.139305,
            -178.61708,
            89.96966
        ],
        [
            411.9487,
            -599.06116,
            273.06647,
            89.13724,
            -178.61772,
            89.973946
        ],
        [
            415.61133,
            -599.0258,
            273.14957,
            89.13549,
            -178.61835,
            89.98005
        ],
        [
            419.39523,
            -598.99713,
            273.26453,
            89.13604,
            -178.61697,
            89.984535
        ],
        [
            423.024,
            -598.987,
            273.4111,
            89.13566,
            -178.61554,
            89.98101
        ],
        [
            426.4394,
            -599.00464,
            273.5499,
            89.13529,
            -178.61053,
            89.97852
        ],
        [
            429.71,
            -598.9968,
            273.64047,
            89.13075,
            -178.61171,
            89.98044
        ],
        [
            432.50912,
            -598.9885,
            273.71716,
            89.12673,
            -178.6113,
            89.98397
        ],
        [
            435.23578,
            -598.99866,
            273.7727,
            89.12161,
            -178.61052,
            89.98956
        ],
        [
            437.78162,
            -599.0007,
            273.8354,
            89.118004,
            -178.60727,
            89.99411
        ],
        [
            439.89792,
            -598.9859,
            273.85626,
            89.116844,
            -178.60954,
            89.99608
        ],
        [
            441.80627,
            -598.9881,
            273.88052,
            89.116554,
            -178.61337,
            89.99277
        ],
        [
            443.50174,
            -598.9955,
            273.89447,
            89.11425,
            -178.61626,
            89.98612
        ],
        [
            444.6783,
            -598.9891,
            273.92828,
            89.11275,
            -178.61623,
            89.98268
        ],
        [
            445.93958,
            -598.9855,
            273.98492,
            89.11481,
            -178.61485,
            89.98233
        ],
        [
            446.51297,
            -598.98413,
            274.00464,
            89.115,
            -178.61368,
            89.981155
        ],
        [
            447.47964,
            -598.9903,
            274.03287,
            89.115425,
            -178.61298,
            89.98308
        ],
        [
            448.18768,
            -598.9831,
            274.08035,
            89.11935,
            -178.61226,
            89.986145
        ],
        [
            448.58066,
            -598.9807,
            274.1016,
            89.12022,
            -178.61009,
            89.98818
        ],
        [
            448.73013,
            -598.9668,
            274.09186,
            89.117874,
