{
    "CMD": 3003,
    "motion_trajectory": [
        [
            350.0022,
            -599.001,
            272.09818,
            89.129875,
            -178.61024,
            89.98985
        ],
        [
            350.00262,
            -599.001,
            272.09866,
            89.130005,
            -178.61024,
            89.98987
        ],
        [
            350.0026,
            -599.00146,
            272.0993,
            89.12996,
            -178.61014,
            89.989784
        ],
        [
            350.0019,
            -599.0012,
            272.0983,
            89.12992,
            -178.61028,
            89.98979
        ],
        [
            350.0019,
            -599.00116,
            272.09775,
            89.129906,
            -178.6103,
            89.98979
        ],
        [
            350.00238,
            -599.0008,
            272.09833,
            89.12994,
            -178.61028,
            89.98989
        ],
        [
            350.0022,
            -599.0009,
            272.09763,
            89.12986,
            -178.61029,
            89.98985
        ],
        [
            350.00238,
            -599.00085,
            272.09885,
            89.12995,
            -178.61023,
            89.98988
        ],
        [
            350.0022,
            -599.00085,
            272.09766,
            89.129875,
            -178.61029,
            89.98991
        ],
        [
            350.0014,
            -599.00195,
            272.10025,
            89.12992,
            -178.61081,
            89.99039
        ],
        [
            350.00113,
            -599.0051,
            272.1012,
            89.13,
            -178.61229,
            89.9904
        ],
        [
            350.00705,
            -599.0264,
            272.11594,
            89.131195,
            -178.6127,
            89.99038
        ],
        [
            350.03305,
            -599.1151,
            272.1457,
            89.13536,
            -178.61049,
            89.99001
        ],
        [
            350.09427,
            -599.3897,
            272.1814,
            89.14485,
            -178.6061,
            89.98876
        ],
        [
            350.13147,
            -599.6686,
            272.1992,
            89.15075,
            -178.60287,
            89.98848
        ],
        [
            350.16742,
            -600.01404,
            272.1898,
            89.15621,
            -178.59949,
            89.988884
        ],
        [
            350.21494,
            -600.8245,
            272.18497,
            89.168396,
            -178.59148,
            89.98888
        ],
        [
            350.21423,
            -602.0713,
            272.15445,
            89.18532,
            -178.58932,
            89.989655
        ],
        [
            350.1835,
            -603.3111,
            272.11142,
            89.201256,
            -178.58847,
            89.989655
        ],
        [
            350.14038,
            -605.3125,
            271.98898,
            89.22655,
            -178.59123,
            89.990906
        ],
        [
            350.13818,
            -606.2201,
            271.92166,
            89.2396,
            -178.59195,
            89.99204
        ],
        [
            350.12656,
            -607.61896,
            271.84753,
            89.26031,
            -178.59146,
            89.99131
        ],
        [
            350.08545,
            -609.77435,
            271.74033,
            89.28973,
            -178.58566,
            89.98901
        ],
        [
            350.07693,
            -612.3159,
            271.63382,
            89.32993,
            -178.58316,
            89.98864
        ],
        [
            350.06897,
            -615.1007,
            271.53778,
            89.37313,
            -178.57913,
            89.99327
        ],
        [
            350.06943,
            -616.7602,
            271.51688,
            89.39864,
            -178.57275,
            89.99557
        ],
        [
            350.04678,
            -618.8634,
            271.4352,
            89.42677,
            -178.56741,
            89.99731
        ],
        [
            350.04526,
            -621.1935,
            271.35144,
            89.46173,
            -178.56352,
            89.99477
        ],
        [
            350.03894,
            -623.7393,
            271.26846,
            89.498146,
            -178.5573,
            89.99392
        ],
        [
            350.02823,
            -627.3258,
            271.0461,
            89.54635,
            -178.55367,
            89.99378
        ],
        [
            350.01974,
            -631.2168,
            270.86487,
            89.60137,
            -178.54985,
            89.99517
        ],
        [
            349.99478,
            -633.88904,
            270.77716,
            89.63954,
            -178.54446,
            89.993034
        ],
        [
            349.99384,
            -637.20404,
            270.68405,
            89.68966,
            -178.53716,
            89.98875
        ],
        [
            349.99088,
            -640.06177,
            270.5408,
            89.72985,
            -178.5339,
            89.98734
        ],
        [
            349.96848,
            -644.725,
            270.208,
            89.79401,
            -178.5381,
            89.98674
        ],
        [
            349.93994,
            -646.86096,
            270.1827,
            89.82568,
            -178.53105,
            89.98669
        ],
        [
            349.94888,
            -648.9813,
            270.14636,
            89.86083,
            -178.52487,
            89.98589
        ],
        [
            349.9627,
            -650.7621,
            270.0735,
            89.888275,
            -178.52313,
            89.98503
        ],
        [
            349.95364,
            -652.2917,
            269.98373,
            89.90784,
            -178.52177,
            89.98536
        ],
        [
            349.9669,
            -653.6015,
            269.88684,
            89.924614,
            -178.5231,
            89.98695
        ],
        [
            349.96164,
            -654.66486,
            269.8072,
            89.93833,
            -178.52466,
            89.9872
        ],
        [
            349.94647,
            -655.7338,
            269.71033,
            89.95156,
            -178.52513,
            89.987175
        ],
        [
            349.9376,
            -655.9785,
            269.68045,
            89.95468,
            -178.52586,
            89.98676
        ],
        [
            349.9209,
            -656.33246,
            269.67743,
            89.96119,
            -178.52441,
            89.98547
        ],
        [
            349.89713,
            -656.4529,
            269.68805,
            89.962875,
            -178.526,
            89.985275
        ],
        [
            349.89285,
            -656.4702,
            269.69763,
            89.96318,
            -178.52638,
            89.985565
        ],
        [
            349.893,
            -656.4695,
            269.69717,
            89.96297,
            -178.52629,
            89.98592
        ],
        [
            349.89465,
            -656.469,
            269.6992,
            89.96301,
            -178.52606,
            89.986
        ],
        [
            349.89728,
            -656.4677,
            269.70154,
            89.96307,
            -178.52583,
            89.98623
        ],
        [
            349.89474,
            -656.4686,
            269.69373,
            89.962776,
            -178.52647,
            89.98607
        ],
        [
            349.89996,
            -656.47095,
            269.68924,
            89.9627,
