{
    "CMD": 4001,
    "motion_trajectory": [
        [
            448.66376,
            -598.9847,
            272.06873,
            89.123566,
            -178.61125,
            89.99115
        ],
        [
            448.6642,
            -598.9839,
            272.06824,
            89.123566,
            -178.61131,
            89.99119
        ],
        [
            448.6642,
            -598.9843,
            272.0681,
            89.12354,
            -178.61124,
            89.991196
        ],
        [
            448.66394,
            -598.9845,
            272.06885,
            89.12363,
            -178.61118,
            89.991196
        ],
        [
            448.66467,
            -598.9843,
            272.0686,
            89.12366,
            -178.61119,
            89.99117
        ],
        [
            448.6644,
            -598.9843,
            272.0688,
            89.123604,
            -178.61118,
            89.991135
        ],
        [
            448.66403,
            -598.98395,
            272.06757,
            89.1235,
            -178.61131,
            89.991196
        ],
        [
            448.66434,
            -598.98456,
            272.0684,
            89.12356,
            -178.61108,
            89.99114
        ],
        [
            448.6644,
            -598.98425,
            272.06882,
            89.12361,
            -178.61118,
            89.99119
        ],
        [
            448.6645,
            -598.98444,
            272.0691,
            89.123634,
            -178.61108,
            89.99119
        ],
        [
            448.66257,
            -598.98505,
            272.06876,
            89.12332,
            -178.61107,
            89.9919
        ],
        [
            448.6573,
            -598.9825,
            272.06625,
            89.12237,
            -178.61067,
            89.99468
        ],
        [
            448.6546,
            -598.9807,
            272.06595,
            89.12202,
            -178.61006,
            89.99702
        ],
        [
            448.6546,
            -598.9805,
            272.0666,
            89.122055,
            -178.61003,
            89.997116
        ],
        [
            448.65405,
            -598.9812,
            272.06616,
            89.122,
            -178.60994,
            89.99703
        ],
        [
            448.65417,
            -598.9813,
            272.06763,
            89.12208,
            -178.60977,
            89.997086
        ],
        [
            448.65405,
            -598.9812,
            272.06616,
            89.122,
            -178.61,
            89.99703
        ],
        [
            448.65427,
            -598.9813,
            272.06717,
            89.12221,
            -178.60995,
            89.99694
        ],
        [
            448.65433,
            -598.9816,
            272.06564,
            89.12214,
            -178.61009,
            89.99683
        ],
        [
            448.65427,
            -598.98206,
            272.06696,
            89.12215,
            -178.60994,
            89.996796
        ],
        [
            448.65466,
            -598.9815,
            272.06726,
            89.12215,
            -178.6099,
            89.99684
        ],
        [
            448.65402,
            -598.9818,
            272.0672,
            89.122116,
            -178.60991,
            89.99686
        ],
        [
            448.6542,
            -598.98157,
            272.06876,
            89.12209,
            -178.61008,
            89.99697
        ],
        [
            448.6539,
            -598.9826,
            272.07828,
            89.12229,
            -178.60995,
            89.99695
        ],
        [
            448.6521,
            -598.9853,
            272.10922,
            89.12262,
            -178.60973,
            89.9967
        ],
        [
            448.64767,
            -598.98975,
            272.17557,
            89.12308,
            -178.60953,
            89.99681
        ],
        [
            448.6412,
            -598.998,
            272.28766,
            89.124374,
            -178.60924,
            89.99655
        ],
        [
            448.633,
            -599.00867,
            272.4485,
            89.125854,
            -178.60878,
            89.996376
        ],
        [
            448.62082,
            -599.0239,
            272.63666,
            89.126884,
            -178.60777,
            89.99562
        ],
        [
            448.59286,
            -599.0714,
            273.36618,
            89.13128,
            -178.60304,
            89.99245
        ],
        [
            448.58746,
            -599.0841,
            273.59805,
            89.132545,
            -178.60146,
            89.99111
        ],
        [
            448.58582,
            -599.09534,
            273.7985,
            89.13313,
            -178.60078,
            89.98968
        ],
        [
            448.58832,
            -599.1072,
            274.07248,
            89.13355,
            -178.60144,
            89.98684
        ],
        [
            448.59045,
            -599.1079,
            274.1553,
            89.13182,
            -178.60294,
            89.985115
        ],
        [
            448.5917,
            -599.1076,
            274.17908,
            89.13028,
            -178.60373,
            89.98422
        ],
        [
            448.59393,
            -599.1079,
            274.19766,
            89.129295,
            -178.60403,
            89.983215
        ],
        [
            448.5968,
            -599.1078,
            274.21176,
            89.12832,
            -178.60432,
            89.98206
        ],
        [
            448.59756,
            -599.10614,
            274.2148,
            89.126976,
            -178.60524,
            89.981026
        ],
        [
            448.60336,
            -599.09686,
            274.20358,
            89.12416,
            -178.60774,
            89.9796
        ],
        [
            448.6057,
            -599.09247,
            274.20078,
            89.123344,
            -178.60823,
            89.97924
        ],
        [
            448.60855,
            -599.088,
            274.1964,
            89.12262,
            -178.60858,
            89.97919
        ],
        [
            448.60928,
            -599.0864,
            274.19537,
            89.122,
            -178.6088,
            89.978806
        ],
        [
            448.60614,
            -599.0873,
            274.19604,
            89.121506,
            -178.60918,
            89.97883
        ],
        [
            448.58014,
            -599.08264,
            274.19318,
            89.11995,
            -178.61024,
            89.97836
        ],
        [
            448.47183,
            -599.0544,
            274.17682,
            89.116196,
            -178.6161,
            89.97835
        ],
        [
            448.12695,
            -599.01434,
            274.1766,
            89.11066,
            -178.61954,
            89.98205
        ],
        [
            447.33,
            -599.03143,
            274.16785,
            89.10387,
            -178.61595,
            89.98096
        ],
        [
            446.4959,
            -599.05664,
            274.15295,
            89.09803,
            -178.61566,
            89.97616
        ],
        [
            445.24527,
            -599.0678,
            274.07303,
            89.09087,
            -178.6167,
            89.973785
        ],
        [
            444.60544,
            -599.06714,
            274.04083,
            89.08992,
            -178.6169,
            89.97632
        ],
        [
            443.0189,
            -599.0213,
            273.9617,
            89.08887,
