{
    "CMD": 3001,
    "motion_trajectory": [
        [
            330.01605,
            -600.8052,
            329.905,
            90.34195,
            -177.89153,
            89.95728
        ],
        [
            330.01617,
            -600.8055,
            329.90555,
            90.34199,
            -177.89145,
            89.95733
        ],
        [
            330.0161,
            -600.8055,
            329.90524,
            90.34195,
            -177.89143,
            89.95723
        ],
        [
            330.01575,
            -600.80524,
            329.90463,
            90.342,
            -177.89159,
            89.95733
        ],
        [
            330.01578,
            -600.8058,
            329.90637,
            90.34203,
            -177.89136,
            89.95734
        ],
        [
            330.01547,
            -600.80566,
            329.90515,
            90.34191,
            -177.89148,
            89.957245
        ],
        [
            330.01596,
            -600.80475,
            329.9053,
            90.34197,
            -177.89148,
            89.95738
        ],
        [
            330.014,
            -600.8062,
            329.90564,
            90.34171,
            -177.89162,
            89.95772
        ],
        [
            330.01553,
            -600.80304,
            329.9013,
            90.34159,
            -177.89192,
            89.957825
        ],
        [
            330.02896,
            -600.7627,
            329.86075,
            90.33971,
            -177.89313,
            89.95948
        ],
        [
            330.12103,
            -600.6058,
            329.716,
            90.336205,
            -177.88887,
            89.962036
        ],
        [
            330.28284,
            -600.401,
            329.5356,
            90.33537,
            -177.88597,
            89.963264
        ],
        [
            330.66388,
            -599.95654,
            329.13867,
            90.33386,
            -177.88518,
            89.967735
        ],
        [
            331.29846,
            -599.2025,
            328.38226,
            90.32978,
            -177.88635,
            89.96909
        ],
        [
            331.84302,
            -598.5263,
            327.6521,
            90.32236,
            -177.89043,
            89.96834
        ],
        [
            332.305,
            -597.96564,
            327.0212,
            90.317154,
            -177.8966,
            89.96678
        ],
        [
            332.73236,
            -597.45685,
            326.45688,
            90.314606,
            -177.9039,
            89.964615
        ],
        [
            333.15274,
            -596.9526,
            325.9073,
            90.312225,
            -177.91281,
            89.96294
        ],
        [
            333.63647,
            -596.38574,
            325.2748,
            90.310104,
            -177.92397,
            89.96068
        ],
        [
            334.70874,
            -595.09924,
            323.8985,
            90.302376,
            -177.9452,
            89.955475
        ],
        [
            335.42902,
            -594.2563,
            322.98785,
            90.29747,
            -177.95613,
            89.951546
        ],
        [
            336.84344,
            -592.6049,
            321.22855,
            90.28752,
            -177.97813,
            89.95104
        ],
        [
            338.09595,
            -591.13904,
            319.6686,
            90.27905,
            -177.99432,
            89.95115
        ],
        [
            339.2119,
            -589.85065,
            318.32434,
            90.2762,
            -178.00925,
            89.95152
        ],
        [
            340.8934,
            -587.8816,
            316.25662,
            90.2671,
            -178.0304,
            89.9507
        ],
        [
            342.559,
            -585.8676,
            314.1339,
            90.2558,
            -178.05276,
            89.95258
        ],
        [
            344.43484,
            -583.60315,
            311.7301,
            90.239746,
            -178.08096,
            89.95308
        ],
        [
            346.31458,
            -581.35284,
            309.36987,
            90.22408,
            -178.10931,
            89.956116
        ],
        [
            348.51224,
            -578.7667,
            306.63675,
            90.20942,
            -178.13457,
            89.957405
        ],
        [
            350.72464,
            -576.1587,
            303.8674,
            90.19448,
            -178.15872,
            89.955185
        ],
        [
            352.94745,
            -573.50275,
            301.0765,
            90.17641,
            -178.18672,
            89.9534
        ],
        [
            355.08234,
            -570.9682,
            298.39395,
            90.159256,
            -178.22011,
            89.94945
        ],
        [
            357.19373,
            -568.4629,
            295.71658,
            90.13936,
            -178.25188,
            89.95062
        ],
        [
            358.18246,
            -567.3005,
            294.48544,
            90.133446,
            -178.26611,
            89.95069
        ],
        [
            359.6128,
            -565.63446,
            292.7177,
            90.1254,
            -178.28188,
            89.949974
        ],
        [
            361.19794,
            -563.7773,
            290.75537,
            90.1164,
            -178.29637,
            89.94725
        ],
        [
            364.1197,
            -560.27795,
            287.08575,
            90.09426,
            -178.34077,
            89.94897
        ],
        [
            366.18695,
            -557.7895,
            284.4445,
            90.07448,
            -178.37256,
            89.95168
        ],
        [
            367.99557,
            -555.63855,
            282.15643,
            90.06467,
            -178.39885,
            89.953926
        ],
        [
            369.68,
            -553.66223,
            280.06192,
            90.0538,
            -178.41507,
            89.95629
        ],
        [
            371.19626,
            -551.86584,
            278.20453,
            90.04557,
            -178.43108,
            89.95909
        ],
        [
            372.77765,
            -550.02264,
            276.29318,
            90.03746,
            -178.44928,
            89.95807
        ],
        [
            373.94186,
            -548.6272,
            274.7995,
            90.02538,
            -178.46335,
            89.957726
        ],
        [
            375.05597,
            -547.27057,
            273.3635,
            90.01753,
            -178.48747,
            89.95802
        ],
        [
            376.72876,
            -545.26117,
            271.2563,
            90.0055,
            -178.51395,
            89.958664
        ],
        [
            377.45123,
            -544.4008,
            270.3358,
            90.00113,
            -178.52405,
            89.95582
        ],
        [
            378.1601,
            -543.5515,
            269.4057,
            89.993225,
            -178.53156,
            89.95523
        ],
        [
            378.78302,
            -542.8093,
            268.64355,
            89.98927,
            -178.53616,
            89.95344
        ],
        [
            379.33676,
            -542.18695,
            267.9905,
            89.98581,
            -178.54037,
            89.95164
        ],
        [
            379.75854,
            -541.7073,
            267.47833,
            89.97898,
            -178.54558,
            89.95268
        ],
        [
            379.9635,
            -541.4813,
            267.23093,
            89.97796,
