{
    "CMD": 4000,
    "motion_trajectory": [
        [
            448.83453,
            -541.40955,
            267.84863,
            89.968994,
            -178.55988,
            89.95097
        ],
        [
            448.83466,
            -541.4097,
            267.8489,
            89.96902,
            -178.55989,
            89.95097
        ],
        [
            448.83435,
            -541.40967,
            267.84857,
            89.96905,
            -178.55997,
            89.95084
        ],
        [
            448.83426,
            -541.40985,
            267.84763,
            89.96898,
            -178.56009,
            89.95087
        ],
        [
            448.83502,
            -541.4097,
            267.84964,
            89.96912,
            -178.55984,
            89.95089
        ],
        [
            448.8344,
            -541.4101,
            267.84897,
            89.96905,
            -178.5599,
            89.95086
        ],
        [
            448.8345,
            -541.4103,
            267.84814,
            89.969025,
            -178.55989,
            89.95087
        ],
        [
            448.8348,
            -541.4097,
            267.84842,
            89.969025,
            -178.55984,
            89.95091
        ],
        [
            448.83267,
            -541.40717,
            267.84842,
            89.96961,
            -178.56255,
            89.95332
        ],
        [
            448.83316,
            -541.4023,
            267.83978,
            89.97018,
            -178.56287,
            89.95537
        ],
        [
            448.8326,
            -541.39465,
            267.7856,
            89.96982,
            -178.55699,
            89.95829
        ],
        [
            448.84204,
            -541.37994,
            267.61755,
            89.96977,
            -178.55336,
            89.95961
        ],
        [
            448.8455,
            -541.362,
            267.31024,
            89.96551,
            -178.5521,
            89.96082
        ],
        [
            448.8473,
            -541.35754,
            267.1784,
            89.965004,
            -178.5521,
            89.95966
        ],
        [
            448.84943,
            -541.35895,
            267.15497,
            89.967255,
            -178.55186,
            89.958046
        ],
        [
            448.85327,
            -541.3607,
            267.15366,
            89.969536,
            -178.55107,
            89.956665
        ],
        [
            448.85657,
            -541.3615,
            267.14328,
            89.97163,
            -178.55026,
            89.955025
        ],
        [
            448.86304,
            -541.36017,
            267.12244,
            89.973335,
            -178.55008,
            89.95369
        ],
        [
            448.87027,
            -541.36,
            267.11102,
            89.97624,
            -178.54926,
            89.95189
        ],
        [
            448.8747,
            -541.3598,
            267.11353,
            89.97793,
            -178.5481,
            89.950966
        ],
        [
            448.87476,
            -541.36145,
            267.12836,
            89.978355,
            -178.54861,
            89.95075
        ],
        [
            448.8754,
            -541.36804,
            267.22498,
            89.98039,
            -178.55281,
            89.94964
        ],
        [
            448.87402,
            -541.3762,
            267.34207,
            89.98216,
            -178.55789,
            89.94835
        ],
        [
            448.8585,
            -541.4116,
            267.75693,
            89.98563,
            -178.56795,
            89.94423
        ],
        [
            448.83966,
            -541.44543,
            268.20648,
            89.988174,
            -178.56743,
            89.94188
        ],
        [
            448.81366,
            -541.4919,
            268.72452,
            89.9876,
            -178.56537,
            89.93722
        ],
        [
            448.80136,
            -541.51483,
            269.031,
            89.98751,
            -178.56305,
            89.93504
        ],
        [
            448.78033,
            -541.54767,
            269.49548,
            89.9831,
            -178.56007,
            89.931694
        ],
        [
            448.78085,
            -541.55676,
            269.68317,
            89.97659,
            -178.56165,
            89.929596
        ],
        [
            448.78284,
            -541.54974,
            269.6935,
            89.970215,
            -178.56473,
            89.929634
        ],
        [
            448.78433,
            -541.54114,
            269.67792,
            89.96508,
            -178.56729,
            89.9291
        ],
        [
            448.78918,
            -541.53424,
            269.67865,
            89.9602,
            -178.56804,
            89.92882
        ],
        [
            448.7887,
            -541.5296,
            269.6745,
            89.95532,
            -178.5688,
            89.92847
        ],
        [
            448.78378,
            -541.525,
            269.66287,
            89.95152,
            -178.56966,
            89.92775
        ],
        [
            448.7744,
            -541.5291,
            269.6606,
            89.94941,
            -178.56995,
            89.927666
        ],
        [
            448.7431,
            -541.5223,
            269.65536,
            89.94756,
            -178.57097,
            89.92751
        ],
        [
            448.60825,
            -541.48895,
            269.64536,
            89.94442,
            -178.57628,
            89.927444
        ],
        [
            448.2106,
            -541.43317,
            269.63904,
            89.941025,
            -178.58026,
            89.92985
        ],
        [
            447.77472,
            -541.4332,
            269.6276,
            89.939514,
            -178.58028,
            89.92908
        ],
        [
            447.13843,
            -541.44855,
            269.60208,
            89.93693,
            -178.58096,
            89.92556
        ],
        [
            446.62415,
            -541.46155,
            269.5531,
            89.93458,
            -178.58278,
            89.92459
        ],
        [
            445.32672,
            -541.46594,
            269.48007,
            89.93109,
            -178.58493,
            89.925545
        ],
        [
            444.43127,
            -541.4672,
            269.4316,
            89.92944,
            -178.58409,
            89.926544
        ],
        [
            442.48718,
            -541.4553,
            269.3957,
            89.93305,
            -178.57619,
            89.93519
        ],
        [
            440.64456,
            -541.45544,
            269.3148,
            89.93647,
            -178.57088,
            89.94283
        ],
        [
            438.52072,
            -541.455,
            269.20697,
            89.93999,
            -178.56693,
            89.948135
        ],
        [
            436.18344,
            -541.4551,
            269.1208,
            89.94463,
            -178.56546,
            89.95048
        ],
        [
            433.46204,
            -541.44507,
            269.0453,
            89.94898,
            -178.56172,
            89.95083
        ],
        [
            430.76807,
            -541.42487,
            268.98654,
            89.953026,
            -178.55794,
            89.94855
        ],
        [
            427.56818,
            -541.4192,
            268.86667,
            89.9565,
            -178.55553,
            89.945564
        ],
        [
            424.18024,
            -541.4145,
            268.74185,
