{
    "CMD": 4000,
    "motion_trajectory": [
        [
            448.82907,
            -541.4076,
            267.83984,
            89.96759,
            -178.56013,
            89.95084
        ],
        [
            448.82858,
            -541.40814,
            267.84003,
            89.96758,
            -178.56007,
            89.95087
        ],
        [
            448.82913,
            -541.40796,
            267.8403,
            89.967606,
            -178.56004,
            89.950905
        ],
        [
            448.82834,
            -541.40784,
            267.83948,
            89.96752,
            -178.5601,
            89.95081
        ],
        [
            448.82864,
            -541.4079,
            267.8399,
            89.967606,
            -178.56013,
            89.95084
        ],
        [
            448.82922,
            -541.40753,
            267.83942,
            89.96761,
            -178.56021,
            89.95082
        ],
        [
            448.82898,
            -541.40826,
            267.8404,
            89.96765,
            -178.56006,
            89.95084
        ],
        [
            448.82907,
            -541.4077,
            267.8398,
            89.96757,
            -178.56013,
            89.95079
        ],
        [
            448.82904,
            -541.4075,
            267.83936,
            89.96758,
            -178.56007,
            89.95089
        ],
        [
            448.829,
            -541.40796,
            267.83997,
            89.967545,
            -178.56007,
            89.950806
        ],
        [
            448.82858,
            -541.4081,
            267.83948,
            89.96756,
            -178.56006,
            89.95087
        ],
        [
            448.82834,
            -541.408,
            267.83905,
            89.96746,
            -178.56036,
            89.95137
        ],
        [
            448.8149,
            -541.4047,
            267.83002,
            89.96541,
            -178.56035,
            89.95637
        ],
        [
            448.81488,
            -541.40283,
            267.825,
            89.96573,
            -178.56013,
            89.957504
        ],
        [
            448.8147,
            -541.39984,
            267.80716,
            89.96559,
            -178.55956,
            89.95867
        ],
        [
            448.81403,
            -541.3964,
            267.7738,
            89.96524,
            -178.55745,
            89.960075
        ],
        [
            448.81302,
            -541.39,
            267.69986,
            89.96399,
            -178.55316,
            89.96198
        ],
        [
            448.81082,
            -541.38605,
            267.61816,
            89.962364,
            -178.55167,
            89.963104
        ],
        [
            448.81415,
            -541.37897,
            267.48636,
            89.9617,
            -178.551,
            89.96317
        ],
        [
            448.81155,
            -541.3717,
            267.28702,
            89.95936,
            -178.55014,
            89.9631
        ],
        [
            448.8087,
            -541.3708,
            267.2279,
            89.958885,
            -178.54977,
            89.9627
        ],
        [
            448.80716,
            -541.3722,
            267.1793,
            89.95941,
            -178.54922,
            89.961716
        ],
        [
            448.81335,
            -541.3753,
            267.14755,
            89.963196,
            -178.54782,
            89.95849
        ],
        [
            448.81854,
            -541.3743,
            267.1402,
            89.964676,
            -178.5476,
            89.95761
        ],
        [
            448.82404,
            -541.3725,
            267.1251,
            89.96618,
            -178.54782,
            89.95654
        ],
        [
            448.83026,
            -541.3704,
            267.1092,
            89.9676,
            -178.54814,
            89.9556
        ],
        [
            448.83536,
            -541.36914,
            267.0987,
            89.96926,
            -178.5481,
            89.954414
        ],
        [
            448.8451,
            -541.3671,
            267.09442,
            89.97187,
            -178.54816,
            89.95304
        ],
        [
            448.85306,
            -541.3649,
            267.09705,
            89.97427,
            -178.54825,
            89.95201
        ],
        [
            448.8542,
            -541.36554,
            267.10306,
            89.9748,
            -178.5486,
            89.95167
        ],
        [
            448.85416,
            -541.3673,
            267.1175,
            89.97514,
            -178.5491,
            89.9513
        ],
        [
            448.85522,
            -541.36957,
            267.14746,
            89.97587,
            -178.55043,
            89.95082
        ],
        [
            448.85553,
            -541.3742,
            267.21817,
            89.977264,
            -178.55426,
            89.94974
        ],
        [
            448.8539,
            -541.3833,
            267.33472,
            89.97911,
            -178.55963,
            89.948204
        ],
        [
            448.85107,
            -541.3964,
            267.49582,
            89.98043,
            -178.56627,
            89.94606
        ],
        [
            448.84363,
            -541.41565,
            267.7424,
            89.98262,
            -178.56966,
            89.94384
        ],
        [
            448.83496,
            -541.4363,
            268.04187,
            89.98492,
            -178.56923,
            89.94224
        ],
        [
            448.82666,
            -541.4602,
            268.35245,
            89.986496,
            -178.56844,
            89.9391
        ],
        [
            448.81552,
            -541.4834,
            268.64142,
            89.98651,
            -178.56729,
            89.936844
        ],
        [
            448.80518,
            -541.5077,
            268.96677,
            89.98691,
            -178.5643,
            89.934395
        ],
        [
            448.79556,
            -541.5278,
            269.24838,
            89.986046,
            -178.56178,
            89.93231
        ],
        [
            448.78687,
            -541.5468,
            269.54886,
            89.98219,
            -178.56233,
            89.92952
        ],
        [
            448.78928,
            -541.5499,
            269.65585,
            89.97908,
            -178.56277,
            89.92899
        ],
        [
            448.7949,
            -541.54675,
            269.69705,
            89.97573,
            -178.56375,
            89.92901
        ],
        [
            448.7952,
            -541.54315,
            269.7002,
            89.97145,
            -178.56493,
            89.92898
        ],
        [
            448.79535,
            -541.536,
            269.68707,
            89.967186,
            -178.56696,
            89.92893
        ],
        [
            448.79855,
            -541.5289,
            269.68585,
            89.96143,
            -178.56848,
            89.92865
        ],
        [
            448.79767,
            -541.5274,
            269.6918,
            89.95859,
            -178.5685,
            89.92839
        ],
        [
            448.79428,
            -541.52515,
            269.6881,
            89.95667,
            -178.56902,
            89.928345
        ],
        [
            448.7859,
            -541.5186,
            269.67197,
            89.952126,
            -178.57014,
            89.92823
        ],
        [
            448.78122,
            -541.52075,
            269.66965,
            89.95073,
