{
    "CMD": 3013,
    "motion_trajectory": [
        [
            350.0003,
            -656.42975,
            269.86014,
            89.97,
            -178.51003,
            89.99002
        ],
        [
            349.99966,
            -656.4303,
            269.8597,
            89.96994,
            -178.51,
            89.98994
        ],
        [
            349.9997,
            -656.4302,
            269.86032,
            89.96998,
            -178.5099,
            89.99004
        ],
        [
            349.99942,
            -656.4301,
            269.85992,
            89.9699,
            -178.50993,
            89.99
        ],
        [
            349.99966,
            -656.43024,
            269.8597,
            89.969955,
            -178.50995,
            89.98999
        ],
        [
            349.9999,
            -656.43036,
            269.8601,
            89.97002,
            -178.50998,
            89.989975
        ],
        [
            349.9997,
            -656.43036,
            269.8603,
            89.969955,
            -178.50996,
            89.98994
        ],
        [
            349.99976,
            -656.43054,
            269.86057,
            89.96997,
            -178.50992,
            89.98994
        ],
        [
            349.9996,
            -656.4301,
            269.85944,
            89.969925,
            -178.51004,
            89.98994
        ],
        [
            349.99927,
            -656.43024,
            269.85947,
            89.969864,
            -178.51012,
            89.99029
        ],
        [
            349.99835,
            -656.42993,
            269.8599,
            89.96986,
            -178.51106,
            89.99086
        ],
        [
            349.99762,
            -656.4299,
            269.85953,
            89.96967,
            -178.51198,
            89.991005
        ],
        [
            349.9973,
            -656.43,
            269.8608,
            89.96977,
            -178.51196,
            89.99106
        ],
        [
            349.9975,
            -656.42957,
            269.85956,
            89.96966,
            -178.51213,
            89.991005
        ],
        [
            349.9979,
            -656.4302,
            269.86105,
            89.96976,
            -178.51198,
            89.990944
        ],
        [
            349.99713,
            -656.4302,
            269.8601,
            89.96969,
            -178.512,
            89.99096
        ],
        [
            349.99695,
            -656.43024,
            269.86057,
            89.96965,
            -178.51198,
            89.99097
        ],
        [
            349.99802,
            -656.4303,
            269.86005,
            89.969696,
            -178.51237,
            89.99104
        ],
        [
            350.00232,
            -656.42993,
            269.8604,
            89.96969,
            -178.51335,
            89.99094
        ],
        [
            350.01678,
            -656.43066,
            269.86652,
            89.96993,
            -178.51393,
            89.99133
        ],
        [
            350.06985,
            -656.43286,
            269.8772,
            89.97053,
            -178.51408,
            89.992
        ],
        [
            350.21713,
            -656.43835,
            269.90286,
            89.971985,
            -178.5119,
            89.99378
        ],
        [
            350.51752,
            -656.4421,
            269.93588,
            89.9737,
            -178.50864,
            89.99564
        ],
        [
            350.91208,
            -656.44183,
            269.95776,
            89.97511,
            -178.50583,
            89.99732
        ],
        [
            351.54855,
            -656.4338,
            269.9646,
            89.97588,
            -178.5046,
            89.99833
        ],
        [
            352.07837,
            -656.43097,
            269.9566,
            89.97615,
            -178.50333,
            89.999084
        ],
        [
            352.60104,
            -656.4264,
            269.95398,
            89.97646,
            -178.502,
            89.999374
        ],
        [
            353.33688,
            -656.43634,
            269.95956,
            89.976364,
            -178.50168,
            89.995544
        ],
        [
            354.31018,
            -656.4556,
            269.95795,
            89.976425,
            -178.49959,
            89.99162
        ],
        [
            355.20056,
            -656.47046,
            269.9668,
            89.97761,
            -178.49713,
            89.99094
        ],
        [
            356.5396,
            -656.48584,
            270.0007,
            89.97861,
            -178.4946,
            89.98911
        ],
        [
            357.6105,
            -656.49744,
            269.99615,
            89.97874,
            -178.49516,
            89.988045
        ],
        [
            359.15723,
            -656.48596,
            270.00815,
            89.979866,
            -178.4967,
            89.989334
        ],
        [
            360.19675,
            -656.48755,
            270.00278,
            89.98022,
            -178.49922,
            89.98796
        ],
        [
            362.10822,
            -656.477,
            270.00598,
            89.981094,
            -178.50208,
            89.98816
        ],
        [
            363.32898,
            -656.4792,
            269.99365,
            89.98112,
            -178.50414,
            89.987236
        ],
        [
            365.8547,
            -656.4735,
            269.96637,
            89.98013,
            -178.50998,
            89.98326
        ],
        [
            368.46597,
            -656.46765,
            269.9702,
            89.97976,
            -178.50954,
            89.97855
        ],
        [
            371.73065,
            -656.4869,
            269.98444,
            89.97988,
            -178.5077,
            89.97424
        ],
        [
            375.41806,
            -656.49963,
            269.9727,
            89.97839,
            -178.51,
            89.975945
        ],
        [
            379.26865,
            -656.49615,
            269.9242,
            89.97615,
            -178.51239,
            89.97833
        ],
        [
            383.13953,
            -656.4759,
            269.89935,
            89.9765,
            -178.5157,
            89.98341
        ],
        [
            388.15372,
            -656.4733,
            269.86053,
            89.97276,
            -178.51436,
            89.985725
        ],
        [
            392.53275,
            -656.4841,
            269.8598,
            89.969124,
            -178.50746,
            89.98228
        ],
        [
            396.50357,
            -656.4609,
            269.8661,
            89.96777,
            -178.50539,
            89.981575
        ],
        [
            402.20712,
            -656.43207,
            269.94427,
            89.97331,
            -178.50224,
            89.98627
        ],
        [
            404.80685,
            -656.4385,
            269.9615,
            89.97529,
            -178.49973,
            89.99011
        ],
        [
            407.7942,
            -656.42676,
            269.92722,
            89.97646,
            -178.50647,
            89.99296
        ],
        [
            410.92715,
            -656.40173,
            269.89514,
            89.975945,
            -178.51149,
            89.99523
        ],
        [
            413.97827,
            -656.3931,
            269.86676,
            89.975044,
            -178.51616,
            89.993195
        ],
        [
            415.79065,
            -656.3956,
            269.8565,
            89.97468,
