{
    "CMD": 3012,
    "motion_trajectory": [
        [
            350.0002,
            -599.00006,
            272.10092,
            89.13011,
            -178.60992,
            89.99005
        ],
        [
            349.99988,
            -598.99976,
            272.09973,
            89.130005,
            -178.61003,
            89.99002
        ],
        [
            350.0006,
            -599.00024,
            272.10098,
            89.13005,
            -178.60992,
            89.99001
        ],
        [
            349.99957,
            -599.0006,
            272.10074,
            89.130035,
            -178.61002,
            89.98992
        ],
        [
            349.99997,
            -599.0,
            272.10052,
            89.130035,
            -178.60995,
            89.99002
        ],
        [
            349.9998,
            -599.0,
            272.1004,
            89.12998,
            -178.60992,
            89.990036
        ],
        [
            350.00058,
            -599.0001,
            272.1005,
            89.13005,
            -178.60991,
            89.99007
        ],
        [
            350.0007,
            -599.0,
            272.10086,
            89.13008,
            -178.60992,
            89.99
        ],
        [
            350.00012,
            -598.99994,
            272.1001,
            89.130066,
            -178.61002,
            89.99002
        ],
        [
            349.99762,
            -599.00055,
            272.0995,
            89.1298,
            -178.6111,
            89.99079
        ],
        [
            349.9969,
            -599.0007,
            272.10022,
            89.12977,
            -178.6111,
            89.99076
        ],
        [
            349.99722,
            -599.001,
            272.1003,
            89.12985,
            -178.61113,
            89.9908
        ],
        [
            349.99738,
            -599.00037,
            272.09967,
            89.12975,
            -178.61125,
            89.99081
        ],
        [
            349.9971,
            -599.0002,
            272.09933,
            89.12969,
            -178.61122,
            89.99082
        ],
        [
            349.99698,
            -599.00085,
            272.09995,
            89.12977,
            -178.61115,
            89.99076
        ],
        [
            349.99762,
            -599.00055,
            272.0995,
            89.1298,
            -178.61127,
            89.99079
        ],
        [
            349.99854,
            -599.00055,
            272.09985,
            89.12977,
            -178.61133,
            89.990845
        ],
        [
            350.00223,
            -599.0004,
            272.1004,
            89.12987,
            -178.61174,
            89.99087
        ],
        [
            350.0196,
            -598.9998,
            272.1057,
            89.130165,
            -178.6125,
            89.991714
        ],
        [
            350.05545,
            -598.999,
            272.11368,
            89.13061,
            -178.61267,
            89.993225
        ],
        [
            350.19006,
            -598.99994,
            272.13422,
            89.130844,
            -178.61078,
            89.99526
        ],
        [
            350.5678,
            -598.999,
            272.16595,
            89.129745,
            -178.60628,
            89.99833
        ],
        [
            350.9049,
            -598.99414,
            272.17422,
            89.12777,
            -178.60437,
            90.00045
        ],
        [
            351.25903,
            -598.98724,
            272.17618,
            89.12526,
            -178.60274,
            90.00164
        ],
        [
            352.2142,
            -598.9814,
            272.19348,
            89.12106,
            -178.59795,
            90.00394
        ],
        [
            352.7748,
            -598.98376,
            272.19702,
            89.12007,
            -178.59637,
            90.00424
        ],
        [
            354.17462,
            -599.01086,
            272.21558,
            89.1184,
            -178.59364,
            89.997665
        ],
        [
            354.94235,
            -599.02716,
            272.24625,
            89.11665,
            -178.5922,
            89.99374
        ],
        [
            355.71533,
            -599.04724,
            272.28378,
            89.116554,
            -178.59073,
            89.9893
        ],
        [
            356.66245,
            -599.05194,
            272.31134,
            89.116135,
            -178.59273,
            89.98536
        ],
        [
            357.52426,
            -599.06946,
            272.35132,
            89.11737,
            -178.59288,
            89.982666
        ],
        [
            358.74786,
            -599.0776,
            272.38736,
            89.11815,
            -178.595,
            89.980064
        ],
        [
            360.4078,
            -599.075,
            272.3888,
            89.1177,
            -178.60034,
            89.979454
        ],
        [
            362.24203,
            -599.0588,
            272.4015,
            89.11783,
            -178.6036,
            89.98064
        ],
        [
            363.02942,
            -599.0519,
            272.41254,
            89.11822,
            -178.60439,
            89.98154
        ],
        [
            364.06458,
            -599.04535,
            272.4332,
            89.11858,
            -178.60638,
            89.98204
        ],
        [
            367.11566,
            -599.0589,
            272.48727,
            89.121086,
            -178.60815,
            89.98191
        ],
        [
            368.6101,
            -599.0607,
            272.4986,
            89.12181,
            -178.60802,
            89.98413
        ],
        [
            370.23215,
            -599.07214,
            272.54102,
            89.12274,
            -178.60747,
            89.98356
        ],
        [
            371.80698,
            -599.0706,
            272.56155,
            89.123474,
            -178.6067,
            89.98418
        ],
        [
            373.84457,
            -599.0791,
            272.61053,
            89.124794,
            -178.60304,
            89.985374
        ],
        [
            379.00247,
            -599.0829,
            272.72464,
            89.12471,
            -178.60439,
            89.97984
        ],
        [
            380.8214,
            -599.0849,
            272.76688,
            89.1251,
            -178.6035,
            89.97718
        ],
        [
            383.15073,
            -599.0657,
            272.81802,
            89.12573,
            -178.605,
            89.97691
        ],
        [
            384.79498,
            -599.04767,
            272.8471,
            89.12594,
            -178.60526,
            89.9782
        ],
        [
            386.97934,
            -599.0374,
            272.88605,
            89.12623,
            -178.60867,
            89.97778
        ],
        [
            393.5961,
            -599.0424,
            273.08496,
            89.133606,
            -178.60898,
            89.97965
        ],
        [
            395.9232,
            -599.0315,
            273.13434,
            89.13689,
            -178.61108,
            89.981186
        ],
        [
            398.23657,
            -599.01385,
            273.20682,
            89.14157,
            -178.61375,
            89.98304
        ],
        [
            400.36905,
            -599.00574,
            273.25677,
            89.14447,
            -178.61577,
            89.98035
        ],
        [
            402.76443,
            -599.00165,
            273.2993,
            89.14826,
