{
    "CMD": 3012,
    "motion_trajectory": [
        [
            379.9999,
            -599.00104,
            272.1011,
            89.13001,
            -178.60982,
            89.989975
        ],
        [
            380.0,
            -599.0004,
            272.09933,
            89.12988,
            -178.61002,
            89.98998
        ],
        [
            379.99954,
            -599.0007,
            272.09995,
            89.12991,
            -178.60986,
            89.98999
        ],
        [
            380.00018,
            -599.0004,
            272.1,
            89.129944,
            -178.60994,
            89.98997
        ],
        [
            379.99936,
            -599.00073,
            272.10037,
            89.12988,
            -178.60986,
            89.990005
        ],
        [
            379.99994,
            -599.00055,
            272.10013,
            89.1299,
            -178.60986,
            89.990105
        ],
        [
            380.0001,
            -599.0007,
            272.0996,
            89.1299,
            -178.60997,
            89.98998
        ],
        [
            379.99948,
            -599.00085,
            272.1006,
            89.12986,
            -178.61014,
            89.99063
        ],
        [
            379.99854,
            -599.0014,
            272.1006,
            89.129906,
            -178.61128,
            89.9908
        ],
        [
            379.99814,
            -599.00275,
            272.10168,
            89.12997,
            -178.61247,
            89.99076
        ],
        [
            379.99774,
            -599.0032,
            272.10144,
            89.12993,
            -178.61288,
            89.990814
        ],
        [
            379.99765,
            -599.003,
            272.1006,
            89.129875,
            -178.61285,
            89.99076
        ],
        [
            379.99802,
            -599.00385,
            272.10217,
            89.12997,
            -178.6127,
            89.99076
        ],
        [
            379.9981,
            -599.00415,
            272.10242,
            89.12997,
            -178.61287,
            89.99071
        ],
        [
            380.01468,
            -599.01276,
            272.1124,
            89.1308,
            -178.61255,
            89.990906
        ],
        [
            380.05615,
            -599.02356,
            272.12604,
            89.13187,
            -178.61159,
            89.99149
        ],
        [
            380.17014,
            -599.03345,
            272.14954,
            89.13316,
            -178.60986,
            89.99266
        ],
        [
            380.61395,
            -599.0396,
            272.20358,
            89.13492,
            -178.60489,
            89.994865
        ],
        [
            381.34903,
            -599.0141,
            272.25055,
            89.13458,
            -178.60329,
            89.998344
        ],
        [
            382.38214,
            -598.9988,
            272.27176,
            89.1329,
            -178.6024,
            90.000114
        ],
        [
            383.28552,
            -599.01196,
            272.27225,
            89.13101,
            -178.60262,
            89.99761
        ],
        [
            384.50998,
            -599.01733,
            272.27344,
            89.12798,
            -178.60461,
            89.99417
        ],
        [
            386.1269,
            -599.0138,
            272.29257,
            89.1254,
            -178.60905,
            89.99203
        ],
        [
            388.00345,
            -599.02795,
            272.40442,
            89.12708,
            -178.6051,
            89.98976
        ],
        [
            390.13315,
            -599.0525,
            272.5296,
            89.131134,
            -178.60298,
            89.989395
        ],
        [
            392.54272,
            -599.06305,
            272.60352,
            89.134,
            -178.60275,
            89.98982
        ],
        [
            393.83893,
            -599.0622,
            272.6349,
            89.13553,
            -178.60345,
            89.989944
        ],
        [
            396.55948,
            -599.0446,
            272.70526,
            89.13823,
            -178.60991,
            89.98788
        ],
        [
            398.11243,
            -599.0391,
            272.74216,
            89.139015,
            -178.6127,
            89.985535
        ],
        [
            401.25702,
            -599.05493,
            272.82748,
            89.139336,
            -178.61407,
            89.97542
        ],
        [
            403.91754,
            -599.04663,
            272.90887,
            89.14031,
            -178.61775,
            89.97155
        ],
        [
            406.64923,
            -599.06805,
            272.97934,
            89.13922,
            -178.61517,
            89.96964
        ],
        [
            410.4624,
            -599.07367,
            273.07626,
            89.13941,
            -178.61278,
            89.97112
        ],
        [
            414.81918,
            -599.0372,
            273.15292,
            89.13633,
            -178.61658,
            89.97821
        ],
        [
            418.12024,
            -599.00757,
            273.2235,
            89.13557,
            -178.6168,
            89.98359
        ],
        [
            422.01306,
            -599.00195,
            273.38553,
            89.13619,
            -178.61334,
            89.98147
        ],
        [
            425.34482,
            -599.00824,
            273.50882,
            89.135254,
            -178.61139,
            89.97867
        ],
        [
            428.61365,
            -599.0049,
            273.5907,
            89.13048,
            -178.61201,
            89.98046
        ],
        [
            431.66434,
            -598.9976,
            273.6851,
            89.1267,
            -178.61229,
            89.9825
        ],
        [
            434.3501,
            -598.9998,
            273.7515,
            89.1217,
            -178.61179,
            89.98754
        ],
        [
            436.90884,
            -599.00854,
            273.8243,
            89.11845,
            -178.60675,
            89.99232
        ],
        [
            439.1429,
            -598.98395,
            273.86966,
            89.118,
            -178.60678,
            89.99714
        ],
        [
            441.22665,
            -598.98,
            273.88266,
            89.117584,
            -178.61235,
            89.994865
        ],
        [
            443.0953,
            -598.9991,
            273.91104,
            89.11627,
            -178.61484,
            89.98683
        ],
        [
            444.6668,
            -598.99646,
            273.9466,
            89.113976,
            -178.6154,
            89.98151
        ],
        [
            445.37073,
            -598.985,
            273.95935,
            89.11386,
            -178.61581,
            89.98264
        ],
        [
            446.63153,
            -598.99457,
            274.0216,
            89.11505,
            -178.6125,
            89.97963
        ],
        [
            447.52917,
            -599.0016,
            274.0594,
            89.11726,
            -178.61116,
            89.981445
        ],
        [
            447.92368,
            -598.997,
            274.09207,
            89.11923,
            -178.6104,
            89.98335
        ],
        [
            448.2002,
            -598.99207,
            274.09814,
            89.11929,
            -178.6107,
            89.983986
        ],
        [
            448.60138,
            -598.98505,
            274.1127,
            89.12011,
