{
    "CMD": 4001,
    "motion_trajectory": [
        [
            448.6829,
            -598.99066,
            272.09805,
            89.12843,
            -178.60974,
            89.99107
        ],
        [
            448.6825,
            -598.9911,
            272.0981,
            89.12846,
            -178.60971,
            89.99097
        ],
        [
            448.68304,
            -598.9906,
            272.0985,
            89.1285,
            -178.60985,
            89.990944
        ],
        [
            448.6836,
            -598.98987,
            272.09775,
            89.12852,
            -178.60985,
            89.991035
        ],
        [
            448.6829,
            -598.9908,
            272.0981,
            89.12857,
            -178.60994,
            89.990875
        ],
        [
            448.68338,
            -598.9903,
            272.09814,
            89.128586,
            -178.60988,
            89.990974
        ],
        [
            448.68365,
            -598.9904,
            272.09854,
            89.128654,
            -178.60992,
            89.99096
        ],
        [
            448.6841,
            -598.9902,
            272.0985,
            89.12864,
            -178.60986,
            89.99095
        ],
        [
            448.6827,
            -598.9898,
            272.09845,
            89.12867,
            -178.61034,
            89.9918
        ],
        [
            448.68204,
            -598.99023,
            272.09833,
            89.128624,
            -178.61037,
            89.99177
        ],
        [
            448.68213,
            -598.9905,
            272.0974,
            89.128586,
            -178.61046,
            89.991714
        ],
        [
            448.6824,
            -598.99054,
            272.09842,
            89.12869,
            -178.61035,
            89.99175
        ],
        [
            448.68274,
            -598.9902,
            272.0989,
            89.12868,
            -178.61023,
            89.99187
        ],
        [
            448.68216,
            -598.99036,
            272.09863,
            89.128654,
            -178.61038,
            89.99181
        ],
        [
            448.6824,
            -598.9908,
            272.10156,
            89.128784,
            -178.61052,
            89.991806
        ],
        [
            448.68173,
            -598.992,
            272.11966,
            89.12918,
            -178.61089,
            89.99173
        ],
        [
            448.68164,
            -598.9963,
            272.21143,
            89.13167,
            -178.61218,
            89.991394
        ],
        [
            448.67847,
            -599.00916,
            272.47015,
            89.13743,
            -178.61427,
            89.99032
        ],
        [
            448.6737,
            -599.0205,
            272.65027,
            89.14029,
            -178.61522,
            89.98913
        ],
        [
            448.66388,
            -599.0361,
            272.8651,
            89.14195,
            -178.61467,
            89.98824
        ],
        [
            448.64566,
            -599.0577,
            273.2296,
            89.14417,
            -178.61084,
            89.987434
        ],
        [
            448.623,
            -599.0813,
            273.71576,
            89.14436,
            -178.6076,
            89.98643
        ],
        [
            448.6142,
            -599.0983,
            274.03003,
            89.14288,
            -178.60713,
            89.984856
        ],
        [
            448.60684,
            -599.0988,
            274.16913,
            89.137886,
            -178.60822,
            89.983406
        ],
        [
            448.6072,
            -599.09827,
            274.20297,
            89.13368,
            -178.6077,
            89.981705
        ],
        [
            448.6095,
            -599.0952,
            274.21136,
            89.130165,
            -178.60864,
            89.98009
        ],
        [
            448.61057,
            -599.08734,
            274.19598,
            89.12615,
            -178.60939,
            89.97902
        ],
        [
            448.6129,
            -599.08075,
            274.18625,
            89.123535,
            -178.60959,
            89.97807
        ],
        [
            448.6098,
            -599.0812,
            274.1864,
            89.122475,
            -178.6094,
            89.977806
        ],
        [
            448.60297,
            -599.08044,
            274.18542,
            89.12183,
            -178.6095,
            89.9777
        ],
        [
            448.56653,
            -599.0706,
            274.18216,
            89.120186,
            -178.61191,
            89.977
        ],
        [
            448.4132,
            -599.0388,
            274.1655,
            89.115875,
            -178.61826,
            89.97767
        ],
        [
            448.01154,
            -599.00336,
            274.16473,
            89.10984,
            -178.62004,
            89.980774
        ],
        [
            447.66055,
            -599.0068,
            274.15643,
            89.10597,
            -178.61813,
            89.98032
        ],
        [
            446.60376,
            -599.04504,
            274.1268,
            89.098434,
            -178.61488,
            89.97581
        ],
        [
            445.28265,
            -599.06616,
            274.0498,
            89.09158,
            -178.61484,
            89.972595
        ],
        [
            443.6231,
            -599.0443,
            273.97275,
            89.09088,
            -178.61467,
            89.97856
        ],
        [
            441.93875,
            -599.03265,
            273.87827,
            89.09212,
            -178.61406,
            89.981575
        ],
        [
            440.02176,
            -599.0181,
            273.81177,
            89.09509,
            -178.6111,
            89.98543
        ],
        [
            437.77972,
            -599.0013,
            273.77036,
            89.10143,
            -178.60603,
            89.99223
        ],
        [
            435.36038,
            -599.0025,
            273.73672,
            89.10868,
            -178.6042,
            89.99639
        ],
        [
            432.8199,
            -599.0291,
            273.698,
            89.114655,
            -178.60136,
            89.997116
        ],
        [
            431.51083,
            -599.0173,
            273.65125,
            89.11639,
            -178.60324,
            89.99715
        ],
        [
            428.97986,
            -598.99695,
            273.56775,
            89.120224,
            -178.61017,
            89.99486
        ],
        [
            427.0713,
            -598.9797,
            273.49545,
            89.12301,
            -178.61469,
            89.99501
        ],
        [
            423.62274,
            -598.9679,
            273.37735,
            89.125755,
            -178.61693,
            89.98988
        ],
        [
            419.70508,
            -598.9989,
            273.2738,
            89.13025,
            -178.61375,
            89.98483
        ],
        [
            414.3234,
            -599.009,
            273.13467,
            89.133446,
            -178.61159,
            89.98596
        ],
        [
            411.37668,
            -599.00055,
            273.0476,
            89.132324,
            -178.61037,
            89.98877
        ],
        [
            407.81525,
            -598.99414,
            272.926,
            89.12965,
            -178.6088,
            89.99069
        ],
        [
            405.50394,
            -599.01154,
            272.88354,
            89.13102,
