{
    "CMD": 4002,
    "motion_trajectory": [
        [
            447.97995,
            -656.3699,
            267.93298,
            89.980095,
            -178.51028,
            90.00032
        ],
        [
            447.98007,
            -656.3701,
            267.9339,
            89.98013,
            -178.51021,
            90.00027
        ],
        [
            447.98013,
            -656.3699,
            267.93307,
            89.98014,
            -178.5103,
            90.00027
        ],
        [
            447.9805,
            -656.3696,
            267.9336,
            89.98011,
            -178.5102,
            90.00031
        ],
        [
            447.9797,
            -656.3703,
            267.93372,
            89.98004,
            -178.51015,
            90.00028
        ],
        [
            447.97995,
            -656.37024,
            267.9335,
            89.98009,
            -178.51007,
            90.00033
        ],
        [
            447.98032,
            -656.3701,
            267.93402,
            89.98006,
            -178.51001,
            90.00033
        ],
        [
            447.9797,
            -656.3703,
            267.93307,
            89.98002,
            -178.51013,
            90.00028
        ],
        [
            447.976,
            -656.3697,
            267.93262,
            89.97925,
            -178.51001,
            90.001854
        ],
        [
            447.97418,
            -656.3691,
            267.93134,
            89.97907,
            -178.50993,
            90.00277
        ],
        [
            447.97446,
            -656.3677,
            267.9322,
            89.97908,
            -178.50986,
            90.00358
        ],
        [
            447.9742,
            -656.3669,
            267.93185,
            89.97904,
            -178.50987,
            90.00396
        ],
        [
            447.97412,
            -656.3668,
            267.9321,
            89.979034,
            -178.50975,
            90.00413
        ],
        [
            447.97336,
            -656.36725,
            267.9323,
            89.97898,
            -178.50972,
            90.004036
        ],
        [
            447.97412,
            -656.36694,
            267.9321,
            89.97903,
            -178.50975,
            90.004074
        ],
        [
            447.97302,
            -656.36743,
            267.93304,
            89.97905,
            -178.50981,
            90.004036
        ],
        [
            447.97006,
            -656.3699,
            267.95163,
            89.97848,
            -178.50969,
            90.00426
        ],
        [
            447.96362,
            -656.37524,
            268.0008,
            89.97782,
            -178.50934,
            90.00436
        ],
        [
            447.9444,
            -656.39417,
            268.2079,
            89.9767,
            -178.51207,
            90.004906
        ],
        [
            447.92944,
            -656.4098,
            268.39514,
            89.97636,
            -178.51176,
            90.00486
        ],
        [
            447.91476,
            -656.4275,
            268.6628,
            89.97786,
            -178.50812,
            90.00447
        ],
        [
            447.90427,
            -656.44257,
            268.9271,
            89.97925,
            -178.50394,
            90.00412
        ],
        [
            447.8955,
            -656.4592,
            269.19458,
            89.98141,
            -178.49963,
            90.00277
        ],
        [
            447.89203,
            -656.4728,
            269.44788,
            89.98341,
            -178.49619,
            90.00177
        ],
        [
            447.88983,
            -656.48254,
            269.63257,
            89.983696,
            -178.49443,
            90.001305
        ],
        [
            447.89114,
            -656.48883,
            269.80493,
            89.98421,
            -178.4936,
            90.0003
        ],
        [
            447.88815,
            -656.488,
            269.89948,
            89.981094,
            -178.49599,
            89.99858
        ],
        [
            447.8891,
            -656.4876,
            269.91815,
            89.979904,
            -178.49701,
            89.997925
        ],
        [
            447.88885,
            -656.4895,
            269.9347,
            89.977974,
            -178.49799,
            89.995636
        ],
        [
            447.89017,
            -656.4874,
            269.9295,
            89.97653,
            -178.49966,
            89.99435
        ],
        [
            447.89264,
            -656.48126,
            269.91705,
            89.97507,
            -178.50218,
            89.9935
        ],
        [
            447.89407,
            -656.4763,
            269.90778,
            89.97393,
            -178.50424,
            89.992546
        ],
        [
            447.89398,
            -656.4765,
            269.90552,
            89.97317,
            -178.50536,
            89.99116
        ],
        [
            447.8891,
            -656.4783,
            269.90796,
            89.97283,
            -178.50546,
            89.991035
        ],
        [
            447.8761,
            -656.4749,
            269.90668,
            89.972115,
            -178.50627,
            89.99094
        ],
        [
            447.784,
            -656.4528,
            269.8936,
            89.96811,
            -178.51117,
            89.99021
        ],
        [
            447.661,
            -656.4309,
            269.87814,
            89.96398,
            -178.51488,
            89.99111
        ],
        [
            447.4645,
            -656.4098,
            269.86707,
            89.958824,
            -178.5164,
            89.992195
        ],
        [
            446.83554,
            -656.4069,
            269.83344,
            89.94922,
            -178.51588,
            89.992004
        ],
        [
            446.36734,
            -656.4263,
            269.83026,
            89.94692,
            -178.51541,
            89.98964
        ],
        [
            445.79718,
            -656.4446,
            269.83923,
            89.94461,
            -178.51431,
            89.98846
        ],
        [
            445.20154,
            -656.4531,
            269.84396,
            89.94343,
            -178.51395,
            89.9886
        ],
        [
            444.52844,
            -656.46533,
            269.83307,
            89.94353,
            -178.51225,
            89.98898
        ],
        [
            443.75006,
            -656.4626,
            269.86304,
            89.944916,
            -178.50868,
            89.98989
        ],
        [
            442.93692,
            -656.4582,
            269.86832,
            89.946396,
            -178.50572,
            89.99274
        ],
        [
            442.04797,
            -656.45264,
            269.8816,
            89.948906,
            -178.50293,
            89.99618
        ],
        [
            441.0472,
            -656.4319,
            269.85468,
            89.9485,
            -178.5036,
            89.99897
        ],
        [
            438.6073,
            -656.4039,
            269.82086,
            89.950745,
            -178.50938,
            89.997505
        ],
        [
            437.4214,
            -656.4032,
            269.79987,
            89.95167,
            -178.51202,
            89.995186
        ],
        [
            435.29395,
            -656.40173,
            269.81006,
            89.953835,
            -178.5121,
            89.99514
        ],
        [
            432.70813,
            -656.4068,
            269.83673,
            89.9629,
