{
    "CMD": 4000,
    "motion_trajectory": [
        [
            448.83594,
            -541.41144,
            267.85162,
            89.969536,
            -178.55992,
            89.95074
        ],
        [
            448.83606,
            -541.4113,
            267.8519,
            89.96945,
            -178.55974,
            89.950775
        ],
        [
            448.83554,
            -541.4117,
            267.8522,
            89.96958,
            -178.55977,
            89.950745
        ],
        [
            448.83582,
            -541.4112,
            267.8508,
            89.96949,
            -178.55995,
            89.950745
        ],
        [
            448.83582,
            -541.41095,
            267.8508,
            89.96937,
            -178.55989,
            89.95072
        ],
        [
            448.83633,
            -541.41156,
            267.85223,
            89.9695,
            -178.55971,
            89.9507
        ],
        [
            448.8362,
            -541.4112,
            267.85147,
            89.969475,
            -178.55978,
            89.95075
        ],
        [
            448.83368,
            -541.40625,
            267.85272,
            89.97043,
            -178.56013,
            89.9543
        ],
        [
            448.8343,
            -541.4018,
            267.84918,
            89.971245,
            -178.56018,
            89.95663
        ],
        [
            448.83386,
            -541.3972,
            267.82828,
            89.97131,
            -178.5589,
            89.95836
        ],
        [
            448.83868,
            -541.3791,
            267.5977,
            89.96892,
            -178.55104,
            89.96146
        ],
        [
            448.83942,
            -541.3701,
            267.43427,
            89.96651,
            -178.55063,
            89.96202
        ],
        [
            448.83923,
            -541.3629,
            267.28003,
            89.96469,
            -178.55084,
            89.96207
        ],
        [
            448.83615,
            -541.3632,
            267.20895,
            89.96409,
            -178.55081,
            89.96124
        ],
        [
            448.8345,
            -541.371,
            267.1529,
            89.96699,
            -178.5498,
            89.957344
        ],
        [
            448.84085,
            -541.37317,
            267.14172,
            89.97085,
            -178.54913,
            89.95457
        ],
        [
            448.84857,
            -541.37,
            267.11615,
            89.97263,
            -178.55072,
            89.953026
        ],
        [
            448.85666,
            -541.3685,
            267.10782,
            89.97457,
            -178.55063,
            89.95193
        ],
        [
            448.86203,
            -541.36694,
            267.1072,
            89.976364,
            -178.55034,
            89.95112
        ],
        [
            448.866,
            -541.3661,
            267.10944,
            89.97762,
            -178.54932,
            89.950516
        ],
        [
            448.86597,
            -541.36707,
            267.11465,
            89.97784,
            -178.54933,
            89.950294
        ],
        [
            448.86642,
            -541.3714,
            267.17474,
            89.97923,
            -178.55261,
            89.9496
        ],
        [
            448.86502,
            -541.38556,
            267.37466,
            89.9826,
            -178.56055,
            89.947464
        ],
        [
            448.8507,
            -541.4161,
            267.72736,
            89.98519,
            -178.5679,
            89.944214
        ],
        [
            448.83975,
            -541.4362,
            268.01315,
            89.98711,
            -178.56711,
            89.94312
        ],
        [
            448.82104,
            -541.4748,
            268.4886,
            89.98815,
            -178.56477,
            89.9389
        ],
        [
            448.78952,
            -541.53485,
            269.24466,
            89.98586,
            -178.56062,
            89.93312
        ],
        [
            448.77588,
            -541.5531,
            269.52167,
            89.98128,
            -178.56082,
            89.9312
        ],
        [
            448.7816,
            -541.55695,
            269.67606,
            89.975876,
            -178.56334,
            89.93005
        ],
        [
            448.7871,
            -541.54706,
            269.68237,
            89.96793,
            -178.56479,
            89.92951
        ],
        [
            448.78497,
            -541.5425,
            269.67242,
            89.96165,
            -178.56735,
            89.92873
        ],
        [
            448.78412,
            -541.5399,
            269.67996,
            89.9569,
            -178.56781,
            89.92795
        ],
        [
            448.7819,
            -541.5321,
            269.66907,
            89.95279,
            -178.56877,
            89.92735
        ],
        [
            448.77872,
            -541.53015,
            269.6638,
            89.95036,
            -178.56923,
            89.92724
        ],
        [
            448.7604,
            -541.5317,
            269.664,
            89.94835,
            -178.56856,
            89.927704
        ],
        [
            448.65262,
            -541.506,
            269.6533,
            89.94502,
            -178.5725,
            89.92773
        ],
        [
            448.0423,
            -541.44183,
            269.64496,
            89.940414,
            -178.57843,
            89.929375
        ],
        [
            447.00107,
            -541.4586,
            269.60535,
            89.93658,
            -178.57826,
            89.92569
        ],
        [
            445.73227,
            -541.4957,
            269.52557,
            89.93361,
            -178.58002,
            89.923325
        ],
        [
            444.9091,
            -541.4884,
            269.4724,
            89.93034,
            -178.58018,
            89.92391
        ],
        [
            443.1844,
            -541.47754,
            269.39587,
            89.93151,
            -178.57884,
            89.930855
        ],
        [
            441.41766,
            -541.4574,
            269.34244,
            89.934784,
            -178.57254,
            89.939095
        ],
        [
            439.148,
            -541.46936,
            269.24554,
            89.93987,
            -178.56638,
            89.94464
        ],
        [
            436.62842,
            -541.4651,
            269.13818,
            89.94436,
            -178.56499,
            89.94882
        ],
        [
            434.077,
            -541.444,
            269.05634,
            89.948204,
            -178.56363,
            89.950935
        ],
        [
            431.29703,
            -541.41846,
            268.99985,
            89.95261,
            -178.55768,
            89.949326
        ],
        [
            428.2749,
            -541.40607,
            268.89993,
            89.95648,
            -178.55505,
            89.94742
        ],
        [
            425.12958,
            -541.4135,
            268.80173,
            89.9619,
            -178.55325,
            89.94188
        ],
        [
            421.37595,
            -541.431,
            268.65384,
            89.96995,
            -178.55693,
            89.9347
        ],
        [
            418.08133,
            -541.4152,
            268.5657,
            89.980576,
            -178.56255,
            89.93436
        ],
        [
            414.28986,
            -541.3759,
            268.4307,
            89.99012,
