{
    "CMD": 3003,
    "motion_trajectory": [
        [
            380.0011,
            -598.9999,
            272.09845,
            89.12964,
            -178.60985,
            89.99036
        ],
        [
            380.0011,
            -599.0,
            272.09897,
            89.12964,
            -178.60992,
            89.9903
        ],
        [
            380.00073,
            -599.00006,
            272.0982,
            89.129524,
            -178.6098,
            89.99033
        ],
        [
            380.0007,
            -599.0001,
            272.09824,
            89.12964,
            -178.60991,
            89.9902
        ],
        [
            380.0012,
            -598.99976,
            272.09827,
            89.129654,
            -178.60991,
            89.99029
        ],
        [
            380.0012,
            -598.99994,
            272.0982,
            89.12962,
            -178.60997,
            89.99019
        ],
        [
            380.0006,
            -599.00037,
            272.0984,
            89.12961,
            -178.60985,
            89.99021
        ],
        [
            379.99878,
            -599.0059,
            272.1019,
            89.129326,
            -178.6114,
            89.99096
        ],
        [
            380.00247,
            -599.03973,
            272.11392,
            89.12927,
            -178.611,
            89.99152
        ],
        [
            380.02905,
            -599.17456,
            272.14847,
            89.13215,
            -178.60638,
            89.992325
        ],
        [
            380.0789,
            -599.494,
            272.18307,
            89.139626,
            -178.60176,
            89.99239
        ],
        [
            380.11926,
            -599.87354,
            272.17987,
            89.14568,
            -178.6011,
            89.99371
        ],
        [
            380.16443,
            -600.612,
            272.1342,
            89.15839,
            -178.59926,
            89.994865
        ],
        [
            380.1758,
            -601.2727,
            272.09058,
            89.16901,
            -178.60048,
            89.99452
        ],
        [
            380.16812,
            -601.82837,
            272.04764,
            89.17742,
            -178.60341,
            89.993385
        ],
        [
            380.1597,
            -602.50635,
            272.04782,
            89.19031,
            -178.60165,
            89.99196
        ],
        [
            380.15402,
            -603.4948,
            272.06345,
            89.20831,
            -178.5968,
            89.990425
        ],
        [
            380.14975,
            -604.23755,
            272.04703,
            89.22057,
            -178.59465,
            89.989586
        ],
        [
            380.13165,
            -606.0162,
            271.98373,
            89.24523,
            -178.58943,
            89.98808
        ],
        [
            380.104,
            -607.2128,
            271.88425,
            89.25755,
            -178.59157,
            89.98767
        ],
        [
            380.07907,
            -609.3704,
            271.78766,
            89.28384,
            -178.58688,
            89.98932
        ],
        [
            380.07837,
            -611.9168,
            271.69345,
            89.32278,
            -178.582,
            89.99207
        ],
        [
            380.07275,
            -614.48157,
            271.53796,
            89.360825,
            -178.58057,
            89.99178
        ],
        [
            380.06082,
            -617.3059,
            271.4247,
            89.403465,
            -178.57631,
            89.99109
        ],
        [
            380.04837,
            -619.61127,
            271.38138,
            89.43868,
            -178.56667,
            89.99056
        ],
        [
            380.04633,
            -622.95654,
            271.27512,
            89.48731,
            -178.559,
            89.99215
        ],
        [
            380.038,
            -626.66907,
            271.14267,
            89.54068,
            -178.55212,
            89.99726
        ],
        [
            380.03067,
            -629.79724,
            270.9386,
            89.58427,
            -178.55336,
            89.998505
        ],
        [
            379.99603,
            -633.1111,
            270.72308,
            89.62604,
            -178.55063,
            89.9963
        ],
        [
            379.97675,
            -636.4423,
            270.60092,
            89.67351,
            -178.54411,
            89.995865
        ],
        [
            379.98627,
            -639.5241,
            270.5535,
            89.723816,
            -178.53659,
            89.996185
        ],
        [
            379.97223,
            -641.7393,
            270.48578,
            89.75886,
            -178.53348,
            89.994125
        ],
        [
            379.96686,
            -644.38544,
            270.27994,
            89.79365,
            -178.53572,
            89.99177
        ],
        [
            379.96472,
            -647.0259,
            270.14725,
            89.83016,
            -178.53197,
            89.988205
        ],
        [
            379.948,
            -649.06,
            270.0764,
            89.85979,
            -178.52531,
            89.9861
        ],
        [
            379.94907,
            -650.8229,
            270.0228,
            89.88575,
            -178.52208,
            89.98743
        ],
        [
            379.96545,
            -652.3806,
            269.9939,
            89.90932,
            -178.5186,
            89.99053
        ],
        [
            379.97406,
            -653.81213,
            269.93594,
            89.93328,
            -178.51813,
            89.99023
        ],
        [
            379.9672,
            -654.6611,
            269.8708,
            89.94498,
            -178.52037,
            89.98936
        ],
        [
            379.9545,
            -655.50024,
            269.80267,
            89.955246,
            -178.52016,
            89.98814
        ],
        [
            379.9355,
            -656.022,
            269.75076,
            89.95926,
            -178.52342,
            89.98756
        ],
        [
            379.9293,
            -656.3245,
            269.71606,
            89.96213,
            -178.52463,
            89.98766
        ],
        [
            379.92276,
            -656.44403,
            269.74173,
            89.96295,
            -178.52132,
            89.98901
        ],
        [
            379.9234,
            -656.4718,
            269.76776,
            89.9634,
            -178.51816,
            89.98943
        ],
        [
            379.9246,
            -656.4729,
            269.7706,
            89.9635,
            -178.51776,
            89.98948
        ],
        [
            379.92383,
            -656.4731,
            269.77023,
            89.96343,
            -178.51778,
            89.98945
        ],
        [
            379.92548,
            -656.47217,
            269.7722,
            89.963455,
            -178.51743,
            89.98963
        ],
        [
            379.92523,
            -656.47235,
            269.7707,
            89.963394,
            -178.51723,
            89.98954
        ],
        [
            379.92392,
            -656.47314,
            269.7669,
            89.96322,
            -178.51773,
            89.98952
        ],
        [
            379.9376,
            -656.4786,
            269.77136,
            89.96372,
            -178.51843,
            89.990005
        ],
        [
            380.02057,
            -656.5013,
            269.78668,
            89.96597,
