{
    "CMD": 4002,
    "motion_trajectory": [
        [
            447.97644,
            -656.37164,
            267.92996,
            89.97934,
            -178.50993,
            90.00043
        ],
        [
            447.97723,
            -656.37146,
            267.931,
            89.97942,
            -178.50989,
            90.00041
        ],
        [
            447.977,
            -656.3715,
            267.93182,
            89.97939,
            -178.50987,
            90.00036
        ],
        [
            447.97723,
            -656.37146,
            267.931,
            89.97942,
            -178.50993,
            90.00041
        ],
        [
            447.97714,
            -656.37134,
            267.9307,
            89.97941,
            -178.50998,
            90.00041
        ],
        [
            447.97723,
            -656.37146,
            267.931,
            89.97942,
            -178.50993,
            90.00041
        ],
        [
            447.97784,
            -656.3709,
            267.9314,
            89.97948,
            -178.50996,
            90.00045
        ],
        [
            447.97662,
            -656.37177,
            267.93066,
            89.9794,
            -178.50992,
            90.00031
        ],
        [
            447.97577,
            -656.3709,
            267.9314,
            89.97924,
            -178.5103,
            90.00143
        ],
        [
            447.97473,
            -656.3698,
            267.93063,
            89.97916,
            -178.51038,
            90.00232
        ],
        [
            447.97397,
            -656.36957,
            267.93082,
            89.979126,
            -178.51039,
            90.00277
        ],
        [
            447.9743,
            -656.3694,
            267.93008,
            89.97905,
            -178.51035,
            90.00277
        ],
        [
            447.9738,
            -656.3695,
            267.93008,
            89.97906,
            -178.51035,
            90.00283
        ],
        [
            447.97354,
            -656.3693,
            267.93033,
            89.97901,
            -178.51033,
            90.00289
        ],
        [
            447.9743,
            -656.3691,
            267.93073,
            89.97908,
            -178.51031,
            90.00293
        ],
        [
            447.9732,
            -656.3692,
            267.93015,
            89.978935,
            -178.51039,
            90.00306
        ],
        [
            447.97333,
            -656.3701,
            267.93283,
            89.979,
            -178.51039,
            90.0029
        ],
        [
            447.97272,
            -656.3705,
            267.9368,
            89.97895,
            -178.5105,
            90.002975
        ],
        [
            447.9703,
            -656.373,
            267.9704,
            89.978966,
            -178.5101,
            90.00306
        ],
        [
            447.96005,
            -656.38306,
            268.07642,
            89.978584,
            -178.51033,
            90.00306
        ],
        [
            447.9437,
            -656.39813,
            268.23648,
            89.977806,
            -178.5117,
            90.00326
        ],
        [
            447.92856,
            -656.4144,
            268.45465,
            89.97846,
            -178.51093,
            90.00347
        ],
        [
            447.91446,
            -656.43,
            268.69928,
            89.98009,
            -178.50734,
            90.00348
        ],
        [
            447.9017,
            -656.4482,
            268.9816,
            89.981186,
            -178.50336,
            90.00254
        ],
        [
            447.89447,
            -656.4662,
            269.2936,
            89.98342,
            -178.49782,
            90.000946
        ],
        [
            447.8925,
            -656.47986,
            269.54004,
            89.984856,
            -178.49524,
            90.0
        ],
        [
            447.8927,
            -656.4891,
            269.73547,
            89.98536,
            -178.49397,
            89.99911
        ],
        [
            447.88852,
            -656.4912,
            269.8607,
            89.983025,
            -178.49516,
            89.99792
        ],
        [
            447.88443,
            -656.4928,
            269.88904,
            89.98066,
            -178.49648,
            89.9967
        ],
        [
            447.88232,
            -656.49457,
            269.90555,
            89.979126,
            -178.49683,
            89.99579
        ],
        [
            447.88068,
            -656.4966,
            269.91348,
            89.97773,
            -178.49695,
            89.99464
        ],
        [
            447.88034,
            -656.4968,
            269.91425,
            89.976654,
            -178.49738,
            89.99377
        ],
        [
            447.8814,
            -656.4946,
            269.91095,
            89.97565,
            -178.49817,
            89.99301
        ],
        [
            447.88226,
            -656.49164,
            269.90375,
            89.97465,
            -178.49954,
            89.99225
        ],
        [
            447.89102,
            -656.4829,
            269.8935,
            89.97334,
            -178.50302,
            89.990685
        ],
        [
            447.89322,
            -656.48175,
            269.89236,
            89.972916,
            -178.50398,
            89.98967
        ],
        [
            447.8906,
            -656.4824,
            269.89505,
            89.97275,
            -178.50482,
            89.98972
        ],
        [
            447.8825,
            -656.4835,
            269.89633,
            89.9725,
            -178.5051,
            89.98941
        ],
        [
            447.86697,
            -656.4808,
            269.89792,
            89.971954,
            -178.50583,
            89.98912
        ],
        [
            447.7624,
            -656.4536,
            269.88437,
            89.967606,
            -178.51045,
            89.98886
        ],
        [
            447.63693,
            -656.42865,
            269.87228,
            89.96335,
            -178.5134,
            89.9903
        ],
        [
            447.13928,
            -656.4174,
            269.861,
            89.95383,
            -178.51274,
            89.98991
        ],
        [
            446.5454,
            -656.437,
            269.8326,
            89.94746,
            -178.51352,
            89.98674
        ],
        [
            445.54434,
            -656.47345,
            269.86832,
            89.94539,
            -178.51106,
            89.98358
        ],
        [
            444.8123,
            -656.48627,
            269.8551,
            89.94388,
            -178.5096,
            89.98505
        ],
        [
            443.4617,
            -656.4931,
            269.8976,
            89.94736,
            -178.50247,
            89.98699
        ],
        [
            441.86316,
            -656.4701,
            269.89825,
            89.95118,
            -178.49947,
            89.99356
        ],
        [
            439.9055,
            -656.44763,
            269.86743,
            89.95272,
            -178.50113,
            89.99351
        ],
        [
            438.38916,
            -656.42834,
            269.8354,
            89.95279,
            -178.50565,
            89.99346
        ],
        [
            435.93542,
            -656.4139,
            269.8223,
            89.95547,
            -178.50862,
            89.99331
        ],
        [
            433.61813,
            -656.4226,
            269.83554,
            89.961174,
            -178.50957,
