{
    "CMD": 4001,
    "motion_trajectory": [
        [
            448.67905,
            -598.9868,
            272.08798,
            89.127815,
            -178.61125,
            89.990654
        ],
        [
            448.6783,
            -598.9872,
            272.0876,
            89.12774,
            -178.61127,
            89.99056
        ],
        [
            448.6783,
            -598.987,
            272.0882,
            89.127785,
            -178.61118,
            89.99067
        ],
        [
            448.67896,
            -598.9867,
            272.0883,
            89.127815,
            -178.61125,
            89.990654
        ],
        [
            448.6785,
            -598.9874,
            272.08817,
            89.12779,
            -178.61102,
            89.99062
        ],
        [
            448.6786,
            -598.9872,
            272.08798,
            89.127815,
            -178.6112,
            89.99061
        ],
        [
            448.67917,
            -598.98694,
            272.08887,
            89.12788,
            -178.61111,
            89.99071
        ],
        [
            448.6791,
            -598.9874,
            272.08875,
            89.12795,
            -178.61107,
            89.990585
        ],
        [
            448.67856,
            -598.9873,
            272.08737,
            89.127785,
            -178.61113,
            89.990555
        ],
        [
            448.67868,
            -598.98737,
            272.08826,
            89.12784,
            -178.61105,
            89.99061
        ],
        [
            448.67783,
            -598.98755,
            272.0876,
            89.12774,
            -178.61116,
            89.990524
        ],
        [
            448.67764,
            -598.9857,
            272.0883,
            89.12782,
            -178.61156,
            89.99217
        ],
        [
            448.67825,
            -598.9804,
            272.0902,
            89.12848,
            -178.61226,
            89.99518
        ],
        [
            448.6776,
            -598.98047,
            272.09018,
            89.12848,
            -178.61235,
            89.99535
        ],
        [
            448.678,
            -598.98047,
            272.09036,
            89.12844,
            -178.61229,
            89.99535
        ],
        [
            448.67755,
            -598.9808,
            272.08975,
            89.12842,
            -178.61238,
            89.99531
        ],
        [
            448.67792,
            -598.98035,
            272.09006,
            89.12841,
            -178.61232,
            89.9953
        ],
        [
            448.67764,
            -598.9812,
            272.0912,
            89.12846,
            -178.6122,
            89.9952
        ],
        [
            448.67755,
            -598.981,
            272.0903,
            89.12842,
            -178.61234,
            89.9952
        ],
        [
            448.67767,
            -598.9813,
            272.09232,
            89.128494,
            -178.61256,
            89.99514
        ],
        [
            448.67538,
            -598.98376,
            272.12723,
            89.12902,
            -178.614,
            89.99513
        ],
        [
            448.6708,
            -598.9908,
            272.22855,
            89.13047,
            -178.61476,
            89.99486
        ],
        [
            448.66196,
            -599.0007,
            272.36688,
            89.131744,
            -178.61531,
            89.9946
        ],
        [
            448.64847,
            -599.01465,
            272.53564,
            89.13206,
            -178.61462,
            89.9945
        ],
        [
            448.61456,
            -599.0579,
            273.0723,
            89.134766,
            -178.6111,
            89.9915
        ],
        [
            448.59656,
            -599.0836,
            273.53293,
            89.13597,
            -178.60773,
            89.99022
        ],
        [
            448.59155,
            -599.1023,
            273.90863,
            89.13626,
            -178.60657,
            89.98775
        ],
        [
            448.58752,
            -599.1104,
            274.12054,
            89.13486,
            -178.60541,
            89.985016
        ],
        [
            448.58887,
            -599.10394,
            274.1788,
            89.13132,
            -178.6081,
            89.983505
        ],
        [
            448.5916,
            -599.10236,
            274.19522,
            89.13022,
            -178.60858,
            89.98258
        ],
        [
            448.59564,
            -599.09985,
            274.2075,
            89.12906,
            -178.60887,
            89.98157
        ],
        [
            448.59863,
            -599.09845,
            274.21115,
            89.12813,
            -178.60875,
            89.980736
        ],
        [
            448.60358,
            -599.0918,
            274.20288,
            89.12545,
            -178.60922,
            89.979324
        ],
        [
            448.60623,
            -599.0879,
            274.19882,
            89.12437,
            -178.60931,
            89.97907
        ],
        [
            448.60794,
            -599.0841,
            274.1935,
            89.123276,
            -178.60959,
            89.97865
        ],
        [
            448.60895,
            -599.0836,
            274.19327,
            89.122635,
            -178.60959,
            89.97774
        ],
        [
            448.60764,
            -599.08405,
            274.1946,
            89.12248,
            -178.60956,
            89.97768
        ],
        [
            448.60263,
            -599.0831,
            274.19592,
            89.1221,
            -178.60959,
            89.9778
        ],
        [
            448.55258,
            -599.06384,
            274.18863,
            89.1197,
            -178.6134,
            89.97784
        ],
        [
            448.38553,
            -599.0298,
            274.17267,
            89.115555,
            -178.62096,
            89.979385
        ],
        [
            447.9204,
            -598.9996,
            274.17624,
            89.109406,
            -178.62158,
            89.982475
        ],
        [
            446.81918,
            -599.0391,
            274.1515,
            89.10105,
            -178.61807,
            89.97862
        ],
        [
            445.69366,
            -599.05884,
            274.09998,
            89.09329,
            -178.6176,
            89.97476
        ],
        [
            445.00684,
            -599.05396,
            274.03912,
            89.08954,
            -178.61896,
            89.9763
        ],
        [
            444.26486,
            -599.04803,
            274.01306,
            89.089,
            -178.61845,
            89.978386
        ],
        [
            442.34335,
            -599.0127,
            273.92703,
            89.08903,
            -178.6189,
            89.982925
        ],
        [
            440.45667,
            -599.01697,
            273.88776,
            89.0926,
            -178.61584,
            89.98501
        ],
        [
            438.202,
            -599.00665,
            273.8747,
            89.10041,
            -178.60875,
            89.99335
        ],
        [
            435.97903,
            -599.0023,
            273.86646,
            89.10648,
            -178.60406,
            89.99751
        ],
        [
            433.3543,
            -599.0289,
            273.84314,
            89.11289,
            -178.60135,
            89.99863
        ],
        [
            430.5242,
            -599.00977,
            273.78574,
            89.115074,
