{
    "CMD": 3012,
    "motion_trajectory": [
        [
            349.99994,
            -599.00006,
            272.09995,
            89.130005,
            -178.61005,
            89.98997
        ],
        [
            349.99966,
            -599.0003,
            272.10007,
            89.13005,
            -178.61006,
            89.98991
        ],
        [
            350.00012,
            -599.0005,
            272.10046,
            89.130035,
            -178.60991,
            89.98997
        ],
        [
            350.0002,
            -599.0001,
            272.10034,
            89.13008,
            -178.60997,
            89.990005
        ],
        [
            349.9998,
            -599.0001,
            272.09985,
            89.12995,
            -178.60997,
            89.98998
        ],
        [
            350.00052,
            -598.9998,
            272.1008,
            89.130066,
            -178.60991,
            89.99012
        ],
        [
            349.9998,
            -599.0,
            272.09988,
            89.12997,
            -178.60997,
            89.990036
        ],
        [
            349.99872,
            -599.0006,
            272.1011,
            89.12997,
            -178.61015,
            89.9907
        ],
        [
            349.9981,
            -599.0,
            272.10013,
            89.12987,
            -178.61024,
            89.991005
        ],
        [
            349.99744,
            -599.0001,
            272.1001,
            89.12985,
            -178.61029,
            89.99108
        ],
        [
            349.9971,
            -598.99963,
            272.10004,
            89.1298,
            -178.6103,
            89.99115
        ],
        [
            349.99744,
            -599.0,
            272.10013,
            89.12987,
            -178.61034,
            89.99113
        ],
        [
            349.99792,
            -598.9999,
            272.10062,
            89.12987,
            -178.61035,
            89.99112
        ],
        [
            350.00803,
            -599.0009,
            272.10406,
            89.13006,
            -178.61075,
            89.99133
        ],
        [
            350.1245,
            -599.0025,
            272.13257,
            89.13136,
            -178.60765,
            89.99494
        ],
        [
            350.5312,
            -599.0082,
            272.1837,
            89.13076,
            -178.60019,
            89.99806
        ],
        [
            351.26813,
            -599.00226,
            272.2108,
            89.12682,
            -178.59496,
            90.00144
        ],
        [
            352.30896,
            -598.9956,
            272.2384,
            89.122734,
            -178.59018,
            90.0041
        ],
        [
            353.57495,
            -599.0099,
            272.25558,
            89.120186,
            -178.58665,
            90.00145
        ],
        [
            355.17337,
            -599.0377,
            272.2906,
            89.11726,
            -178.58661,
            89.99379
        ],
        [
            356.17084,
            -599.0541,
            272.31686,
            89.11643,
            -178.58696,
            89.9889
        ],
        [
            358.1886,
            -599.0831,
            272.38556,
            89.118614,
            -178.58888,
            89.98213
        ],
        [
            360.38007,
            -599.08777,
            272.40118,
            89.118164,
            -178.59644,
            89.97821
        ],
        [
            362.7324,
            -599.07043,
            272.42282,
            89.118355,
            -178.6008,
            89.97929
        ],
        [
            364.5313,
            -599.0609,
            272.45572,
            89.119896,
            -178.60454,
            89.97995
        ],
        [
            367.57144,
            -599.07117,
            272.491,
            89.12069,
            -178.60814,
            89.979805
        ],
        [
            370.60883,
            -599.0722,
            272.54294,
            89.12256,
            -178.608,
            89.98166
        ],
        [
            372.8041,
            -599.07684,
            272.58084,
            89.12348,
            -178.6063,
            89.98334
        ],
        [
            375.538,
            -599.0798,
            272.6411,
            89.125626,
            -178.60442,
            89.98596
        ],
        [
            382.2961,
            -599.0748,
            272.7797,
            89.1256,
            -178.606,
            89.97744
        ],
        [
            386.07935,
            -599.0428,
            272.84225,
            89.1256,
            -178.60925,
            89.97754
        ],
        [
            390.20993,
            -599.04895,
            272.96518,
            89.12918,
            -178.61128,
            89.977196
        ],
        [
            392.4245,
            -599.0337,
            273.0324,
            89.13158,
            -178.60953,
            89.97951
        ],
        [
            397.24982,
            -599.0118,
            273.17996,
            89.140335,
            -178.6111,
            89.98434
        ],
        [
            402.20496,
            -599.00183,
            273.30637,
            89.148834,
            -178.61664,
            89.97881
        ],
        [
            406.35178,
            -599.0006,
            273.4069,
            89.15438,
            -178.61899,
            89.97426
        ],
        [
            411.15802,
            -599.0031,
            273.46112,
            89.15469,
            -178.62045,
            89.97285
        ],
        [
            414.87933,
            -598.9829,
            273.50455,
            89.1533,
            -178.62267,
            89.97758
        ],
        [
            419.09772,
            -598.9461,
            273.55508,
            89.1505,
            -178.62271,
            89.98687
        ],
        [
            422.90555,
            -598.9304,
            273.62683,
            89.1456,
            -178.62584,
            89.98649
        ],
        [
            426.33545,
            -598.95703,
            273.71317,
            89.14143,
            -178.6203,
            89.981705
        ],
        [
            429.34323,
            -598.9669,
            273.78677,
            89.13652,
            -178.61896,
            89.98111
        ],
        [
            430.82474,
            -598.97406,
            273.8064,
            89.13305,
            -178.619,
            89.98057
        ],
        [
            432.95636,
            -598.97125,
            273.8473,
            89.12862,
            -178.61685,
            89.98312
        ],
        [
            434.48117,
            -598.9741,
            273.88043,
            89.126335,
            -178.6159,
            89.98597
        ],
        [
            437.05917,
            -598.9959,
            273.93408,
            89.12254,
            -178.61003,
            89.988716
        ],
        [
            438.33472,
            -598.9852,
            273.9461,
            89.1203,
            -178.60878,
            89.9916
        ],
        [
            440.6141,
            -598.95435,
            273.95847,
            89.12006,
            -178.61057,
            89.99764
        ],
        [
            441.7762,
            -598.96826,
            273.96002,
            89.11948,
            -178.61206,
            89.99522
        ],
        [
            443.49307,
            -598.9828,
            273.94818,
            89.11484,
            -178.61444,
            89.98902
        ],
        [
            444.9174,
            -598.9709,
            273.97263,
            89.1127,
            -178.61632,
