{
    "CMD": 4000,
    "motion_trajectory": [
        [
            448.83868,
            -541.41144,
            267.85226,
            89.96992,
            -178.56065,
            89.94993
        ],
        [
            448.83868,
            -541.41144,
            267.85226,
            89.96992,
            -178.5607,
            89.94993
        ],
        [
            448.83908,
            -541.4114,
            267.85294,
            89.96992,
            -178.56038,
            89.94999
        ],
        [
            448.8391,
            -541.4112,
            267.85165,
            89.96988,
            -178.56053,
            89.94993
        ],
        [
            448.83887,
            -541.41095,
            267.85242,
            89.96987,
            -178.56052,
            89.95
        ],
        [
            448.8382,
            -541.4108,
            267.85138,
            89.969826,
            -178.56064,
            89.95
        ],
        [
            448.83902,
            -541.4109,
            267.85254,
            89.96992,
            -178.56049,
            89.949974
        ],
        [
            448.83896,
            -541.41125,
            267.85266,
            89.96988,
            -178.56042,
            89.94994
        ],
        [
            448.8391,
            -541.411,
            267.8523,
            89.96994,
            -178.56038,
            89.95003
        ],
        [
            448.83737,
            -541.4102,
            267.8522,
            89.969986,
            -178.5607,
            89.95137
        ],
        [
            448.83682,
            -541.4064,
            267.84927,
            89.9706,
            -178.56079,
            89.95345
        ],
        [
            448.83582,
            -541.4022,
            267.836,
            89.970955,
            -178.55783,
            89.95537
        ],
        [
            448.83432,
            -541.3962,
            267.78674,
            89.970825,
            -178.55035,
            89.95815
        ],
        [
            448.8348,
            -541.3843,
            267.60028,
            89.96915,
            -178.54327,
            89.9604
        ],
        [
            448.8345,
            -541.37634,
            267.43085,
            89.966835,
            -178.54346,
            89.96077
        ],
        [
            448.82993,
            -541.3696,
            267.21347,
            89.96406,
            -178.54477,
            89.96042
        ],
        [
            448.83124,
            -541.3713,
            267.15344,
            89.965645,
            -178.54521,
            89.95805
        ],
        [
            448.83945,
            -541.3728,
            267.14362,
            89.9694,
            -178.54529,
            89.955475
        ],
        [
            448.84442,
            -541.37195,
            267.13217,
            89.97111,
            -178.5459,
            89.954285
        ],
        [
            448.84973,
            -541.37024,
            267.11237,
            89.97248,
            -178.54694,
            89.95309
        ],
        [
            448.85388,
            -541.36975,
            267.10443,
            89.973724,
            -178.54718,
            89.952126
        ],
        [
            448.86392,
            -541.367,
            267.10828,
            89.9768,
            -178.54735,
            89.950836
        ],
        [
            448.8656,
            -541.36676,
            267.11115,
            89.977554,
            -178.54738,
            89.950584
        ],
        [
            448.8664,
            -541.36835,
            267.1227,
            89.97789,
            -178.54768,
            89.95035
        ],
        [
            448.8667,
            -541.36975,
            267.148,
            89.97852,
            -178.54877,
            89.95018
        ],
        [
            448.86673,
            -541.3863,
            267.41376,
            89.98328,
            -178.56097,
            89.947784
        ],
        [
            448.857,
            -541.4143,
            267.80505,
            89.98661,
            -178.56859,
            89.944756
        ],
        [
            448.8414,
            -541.4497,
            268.29572,
            89.98906,
            -178.56706,
            89.94184
        ],
        [
            448.82227,
            -541.48444,
            268.71268,
            89.988914,
            -178.56596,
            89.93845
        ],
        [
            448.8107,
            -541.50757,
            269.01077,
            89.98878,
            -178.56348,
            89.93619
        ],
        [
            448.79962,
            -541.5251,
            269.26346,
            89.987114,
            -178.56125,
            89.93438
        ],
        [
            448.79135,
            -541.5435,
            269.59537,
            89.98198,
            -178.56087,
            89.932236
        ],
        [
            448.7979,
            -541.543,
            269.7019,
            89.976166,
            -178.56299,
            89.93151
        ],
        [
            448.79868,
            -541.535,
            269.69058,
            89.96747,
            -178.56544,
            89.930786
        ],
        [
            448.80167,
            -541.52997,
            269.6893,
            89.962265,
            -178.56705,
            89.93023
        ],
        [
            448.7984,
            -541.52875,
            269.68964,
            89.95756,
            -178.56784,
            89.92953
        ],
        [
            448.78964,
            -541.524,
            269.67285,
            89.95224,
            -178.56879,
            89.9289
        ],
        [
            448.7815,
            -541.5276,
            269.66998,
            89.949844,
            -178.56879,
            89.92864
        ],
        [
            448.7498,
            -541.5249,
            269.66617,
            89.94724,
            -178.56902,
            89.92853
        ],
        [
            448.64008,
            -541.4993,
            269.65173,
            89.94397,
            -178.57426,
            89.92774
        ],
        [
            448.28937,
            -541.4569,
            269.6443,
            89.94059,
            -178.57906,
            89.928246
        ],
        [
            447.62787,
            -541.4502,
            269.62952,
            89.938,
            -178.57935,
            89.9272
        ],
        [
            445.91068,
            -541.4943,
            269.5215,
            89.93269,
            -178.58136,
            89.92346
        ],
        [
            444.3073,
            -541.49304,
            269.43103,
            89.92865,
            -178.58176,
            89.92482
        ],
        [
            441.58447,
            -541.4682,
            269.34848,
            89.93371,
            -178.57314,
            89.93874
        ],
        [
            439.3222,
            -541.46185,
            269.24786,
            89.93798,
            -178.56691,
            89.9465
        ],
        [
            436.95758,
            -541.44995,
            269.1555,
            89.94345,
            -178.56453,
            89.951775
        ],
        [
            434.52234,
            -541.4373,
            269.07037,
            89.9468,
            -178.56311,
            89.95301
        ],
        [
            431.6357,
            -541.4157,
            269.01053,
            89.95209,
            -178.55742,
            89.951004
        ],
        [
            428.65915,
            -541.40674,
            268.9056,
            89.955696,
            -178.5549,
            89.948296
        ],
        [
            425.49033,
            -541.4112,
            268.80695,
            89.96119,
