{
    "CMD": 3012,
    "motion_trajectory": [
        [
            379.9996,
            -599.0005,
            272.09918,
            89.12991,
            -178.61002,
            89.98992
        ],
        [
            379.9997,
            -599.0006,
            272.0995,
            89.129944,
            -178.60999,
            89.989975
        ],
        [
            380.00018,
            -599.0004,
            272.1,
            89.129944,
            -178.61005,
            89.98997
        ],
        [
            379.9998,
            -599.00037,
            272.09933,
            89.129974,
            -178.61009,
            89.98996
        ],
        [
            380.00018,
            -599.0003,
            272.0995,
            89.129944,
            -178.61003,
            89.99002
        ],
        [
            379.99988,
            -599.00055,
            272.09958,
            89.12999,
            -178.60995,
            89.98996
        ],
        [
            380.00037,
            -599.0003,
            272.10016,
            89.130005,
            -178.60995,
            89.990005
        ],
        [
            379.99963,
            -599.0006,
            272.10028,
            89.129974,
            -178.61005,
            89.99014
        ],
        [
            379.9984,
            -599.0033,
            272.10196,
            89.12992,
            -178.61307,
            89.99058
        ],
        [
            379.99774,
            -599.0037,
            272.1018,
            89.12986,
            -178.61414,
            89.99048
        ],
        [
            379.99863,
            -599.0033,
            272.102,
            89.129845,
            -178.61456,
            89.99063
        ],
        [
            379.99765,
            -599.0039,
            272.10144,
            89.12982,
            -178.61472,
            89.99054
        ],
        [
            379.99783,
            -599.0043,
            272.10196,
            89.12986,
            -178.61469,
            89.99054
        ],
        [
            379.99783,
            -599.00433,
            272.1025,
            89.129875,
            -178.61449,
            89.99054
        ],
        [
            380.00113,
            -599.0071,
            272.10538,
            89.13005,
            -178.61491,
            89.990555
        ],
        [
            380.03876,
            -599.0194,
            272.12515,
            89.13156,
            -178.61617,
            89.99111
        ],
        [
            380.32327,
            -599.0372,
            272.18204,
            89.13426,
            -178.6076,
            89.99378
        ],
        [
            380.8215,
            -599.0264,
            272.2254,
            89.13531,
            -178.60532,
            89.99746
        ],
        [
            381.42813,
            -599.0063,
            272.25827,
            89.134605,
            -178.60547,
            89.99958
        ],
        [
            382.13257,
            -598.9881,
            272.26614,
            89.13315,
            -178.60658,
            90.001434
        ],
        [
            383.278,
            -598.9932,
            272.27158,
            89.13088,
            -178.60535,
            90.00004
        ],
        [
            384.16968,
            -599.01,
            272.2751,
            89.12882,
            -178.60594,
            89.99615
        ],
        [
            385.97385,
            -599.0107,
            272.29333,
            89.12563,
            -178.61058,
            89.99251
        ],
        [
            387.82654,
            -599.0253,
            272.39545,
            89.12694,
            -178.60803,
            89.99025
        ],
        [
            388.84293,
            -599.0303,
            272.4479,
            89.128265,
            -178.60765,
            89.990715
        ],
        [
            390.07855,
            -599.0463,
            272.51797,
            89.130486,
            -178.60646,
            89.98971
        ],
        [
            391.304,
            -599.062,
            272.57556,
            89.1328,
            -178.60416,
            89.989586
        ],
        [
            392.45676,
            -599.0673,
            272.6137,
            89.13416,
            -178.60323,
            89.98878
        ],
        [
            395.39435,
            -599.06946,
            272.67538,
            89.137024,
            -178.60818,
            89.98637
        ],
        [
            396.99426,
            -599.06683,
            272.69522,
            89.13754,
            -178.61304,
            89.983665
        ],
        [
            399.975,
            -599.06903,
            272.77377,
            89.13811,
            -178.61774,
            89.97626
        ],
        [
            404.05182,
            -599.051,
            272.90045,
            89.140015,
            -178.6202,
            89.972
        ],
        [
            407.3353,
            -599.0709,
            272.99875,
            89.1396,
            -178.61626,
            89.970695
        ],
        [
            411.36154,
            -599.0598,
            273.096,
            89.138824,
            -178.61443,
            89.97389
        ],
        [
            414.69897,
            -599.0374,
            273.14572,
            89.13592,
            -178.61716,
            89.9783
        ],
        [
            418.49283,
            -599.00964,
            273.23944,
            89.13521,
            -178.61635,
            89.983604
        ],
        [
            422.2434,
            -598.9994,
            273.3911,
            89.13556,
            -178.61348,
            89.98118
        ],
        [
            425.6453,
            -599.0031,
            273.51556,
            89.13456,
            -178.61151,
            89.97908
        ],
        [
            428.77374,
            -598.99866,
            273.60416,
            89.131165,
            -178.61273,
            89.98031
        ],
        [
            430.62207,
            -598.9959,
            273.6405,
            89.12791,
            -178.61539,
            89.98138
        ],
        [
            432.05295,
            -598.988,
            273.693,
            89.12586,
            -178.614,
            89.983894
        ],
        [
            434.337,
            -598.9932,
            273.74725,
            89.12173,
            -178.61365,
            89.987206
        ],
        [
            435.91553,
            -599.00433,
            273.79782,
            89.11984,
            -178.60939,
            89.99047
        ],
        [
            437.1037,
            -599.0086,
            273.8218,
            89.11873,
            -178.60791,
            89.99192
        ],
        [
            438.3027,
            -598.999,
            273.84067,
            89.11727,
            -178.60799,
            89.99415
        ],
        [
            439.77045,
            -598.9798,
            273.87012,
            89.11748,
            -178.60838,
            89.99694
        ],
        [
            441.16812,
            -598.9784,
            273.8757,
            89.11699,
            -178.61255,
            89.994484
        ],
        [
            442.78442,
            -598.9919,
            273.90393,
            89.11616,
            -178.61508,
            89.98784
        ],
        [
            443.67102,
            -598.9963,
            273.9064,
            89.11356,
            -178.61559,
            89.98405
        ],
        [
            445.14023,
            -598.9925,
            273.95517,
            89.11334,
            -178.61469,
            89.98101
        ],
        [
            446.3707,
            -598.9906,
            274.01602,
            89.11479,
            -178.61162,
