{
    "CMD": 3011,
    "motion_trajectory": [
        [
            380.00113,
            -541.3799,
            267.09927,
            89.98005,
            -178.55013,
            89.950035
        ],
        [
            380.00104,
            -541.38007,
            267.09955,
            89.98016,
            -178.55017,
            89.95
        ],
        [
            380.0008,
            -541.38,
            267.1002,
            89.98011,
            -178.55011,
            89.94997
        ],
        [
            380.00122,
            -541.3801,
            267.09998,
            89.98013,
            -178.55013,
            89.94985
        ],
        [
            380.00046,
            -541.3806,
            267.09985,
            89.98009,
            -178.55005,
            89.949875
        ],
        [
            380.00098,
            -541.3805,
            267.09958,
            89.98009,
            -178.55005,
            89.94992
        ],
        [
            380.00076,
            -541.37994,
            267.09915,
            89.98007,
            -178.55014,
            89.949974
        ],
        [
            379.99945,
            -541.3822,
            267.10107,
            89.98,
            -178.55086,
            89.95077
        ],
        [
            379.99985,
            -541.38635,
            267.10352,
            89.98007,
            -178.5521,
            89.95087
        ],
        [
            380.002,
            -541.39056,
            267.10828,
            89.980354,
            -178.55255,
            89.95083
        ],
        [
            380.0014,
            -541.3907,
            267.10773,
            89.98033,
            -178.55263,
            89.950905
        ],
        [
            380.00183,
            -541.3905,
            267.10822,
            89.98033,
            -178.55252,
            89.9509
        ],
        [
            380.0014,
            -541.39075,
            267.1077,
            89.980316,
            -178.55263,
            89.95085
        ],
        [
            380.0022,
            -541.39075,
            267.10782,
            89.9804,
            -178.55249,
            89.95093
        ],
        [
            380.0016,
            -541.3912,
            267.10767,
            89.98033,
            -178.55263,
            89.95085
        ],
        [
            380.0266,
            -541.4014,
            267.12418,
            89.981514,
            -178.55188,
            89.951515
        ],
        [
            380.14767,
            -541.4142,
            267.1525,
            89.98247,
            -178.5496,
            89.95356
        ],
        [
            380.59058,
            -541.41406,
            267.2043,
            89.980095,
            -178.54416,
            89.95758
        ],
        [
            381.27267,
            -541.39435,
            267.2329,
            89.97516,
            -178.53862,
            89.96313
        ],
        [
            381.8735,
            -541.3826,
            267.23984,
            89.97262,
            -178.53741,
            89.966675
        ],
        [
            383.01224,
            -541.37805,
            267.26462,
            89.9675,
            -178.53694,
            89.963196
        ],
        [
            384.31598,
            -541.4026,
            267.3037,
            89.96602,
            -178.53673,
            89.95721
        ],
        [
            385.2599,
            -541.4144,
            267.33237,
            89.96524,
            -178.53864,
            89.953476
        ],
        [
            386.4166,
            -541.4252,
            267.3678,
            89.96474,
            -178.53992,
            89.95042
        ],
        [
            388.19525,
            -541.43475,
            267.42807,
            89.96543,
            -178.5422,
            89.9474
        ],
        [
            389.3561,
            -541.431,
            267.47302,
            89.96617,
            -178.54272,
            89.94839
        ],
        [
            392.62933,
            -541.4568,
            267.58777,
            89.966255,
            -178.54526,
            89.94686
        ],
        [
            394.34552,
            -541.4847,
            267.6517,
            89.9666,
            -178.54439,
            89.94464
        ],
        [
            395.9102,
            -541.50073,
            267.71115,
            89.96672,
            -178.5428,
            89.94348
        ],
        [
            398.99777,
            -541.4885,
            267.82837,
            89.96865,
            -178.54645,
            89.94397
        ],
        [
            402.29736,
            -541.47955,
            267.9188,
            89.967125,
            -178.55501,
            89.939766
        ],
        [
            405.65677,
            -541.45654,
            268.05106,
            89.96666,
            -178.56133,
            89.93732
        ],
        [
            409.25967,
            -541.4658,
            268.21112,
            89.967705,
            -178.5613,
            89.93383
        ],
        [
            413.11023,
            -541.46136,
            268.37177,
            89.968414,
            -178.56274,
            89.93296
        ],
        [
            416.8936,
            -541.4527,
            268.5132,
            89.96876,
            -178.56654,
            89.93499
        ],
        [
            420.62524,
            -541.4385,
            268.67578,
            89.96981,
            -178.56654,
            89.93823
        ],
        [
            424.4525,
            -541.43396,
            268.7984,
            89.965935,
            -178.56302,
            89.93757
        ],
        [
            427.5327,
            -541.4236,
            268.9085,
            89.96353,
            -178.56061,
            89.93729
        ],
        [
            431.15717,
            -541.4209,
            269.02142,
            89.96123,
            -178.5608,
            89.93451
        ],
        [
            433.79642,
            -541.4322,
            269.09494,
            89.95869,
            -178.5639,
            89.931656
        ],
        [
            435.25534,
            -541.41626,
            269.11508,
            89.957466,
            -178.56757,
            89.93424
        ],
        [
            438.28986,
            -541.4069,
            269.21622,
            89.95923,
            -178.57445,
            89.93746
        ],
        [
            440.08746,
            -541.4071,
            269.26663,
            89.9612,
            -178.57849,
            89.93925
        ],
        [
            441.31757,
            -541.38855,
            269.332,
            89.96297,
            -178.57971,
            89.94024
        ],
        [
            443.13226,
            -541.37476,
            269.4325,
            89.96467,
            -178.58124,
            89.93739
        ],
        [
            444.70874,
            -541.365,
            269.50708,
            89.965965,
            -178.58415,
            89.934944
        ],
        [
            446.0539,
            -541.3793,
            269.55014,
            89.96597,
            -178.58691,
            89.93005
        ],
        [
            447.2095,
            -541.38513,
            269.56192,
            89.96424,
            -178.58891,
            89.929634
        ],
        [
            447.91333,
            -541.38275,
            269.61026,
            89.962166,
            -178.58585,
            89.9285
        ],
        [
            448.49133,
            -541.38,
            269.65085,
            89.96111,
            -178.58195,
            89.92915
        ],
        [
            448.79752,
            -541.3877,
            269.66553,
            89.95926,
