{
    "CMD": 3013,
    "motion_trajectory": [
        [
            379.99982,
            -656.4305,
            269.84924,
            89.969826,
            -178.51,
            89.99001
        ],
        [
            379.99994,
            -656.4301,
            269.8491,
            89.96987,
            -178.51,
            89.99006
        ],
        [
            379.99976,
            -656.4302,
            269.84897,
            89.96982,
            -178.50998,
            89.99007
        ],
        [
            380.0,
            -656.43085,
            269.8504,
            89.96988,
            -178.50981,
            89.99001
        ],
        [
            379.99915,
            -656.43085,
            269.84915,
            89.96978,
            -178.50996,
            89.989975
        ],
        [
            379.99948,
            -656.4306,
            269.84937,
            89.96989,
            -178.50995,
            89.99001
        ],
        [
            380.00052,
            -656.4301,
            269.84875,
            89.969864,
            -178.51006,
            89.99005
        ],
        [
            379.99982,
            -656.43036,
            269.84866,
            89.96982,
            -178.51003,
            89.99007
        ],
        [
            379.99866,
            -656.4309,
            269.85046,
            89.96974,
            -178.5115,
            89.99094
        ],
        [
            379.99713,
            -656.4322,
            269.85123,
            89.969765,
            -178.51283,
            89.99091
        ],
        [
            379.99844,
            -656.4317,
            269.85162,
            89.969826,
            -178.51303,
            89.991
        ],
        [
            379.9981,
            -656.4314,
            269.85034,
            89.96973,
            -178.51308,
            89.991005
        ],
        [
            379.9981,
            -656.4314,
            269.85095,
            89.96974,
            -178.51309,
            89.991005
        ],
        [
            379.99774,
            -656.43207,
            269.85092,
            89.969765,
            -178.5131,
            89.99096
        ],
        [
            380.0015,
            -656.4337,
            269.8548,
            89.96999,
            -178.51384,
            89.99102
        ],
        [
            380.02313,
            -656.43695,
            269.86392,
            89.97065,
            -178.51465,
            89.991646
        ],
        [
            380.14404,
            -656.43976,
            269.88574,
            89.97235,
            -178.51476,
            89.993065
        ],
        [
            380.33533,
            -656.43256,
            269.90546,
            89.97347,
            -178.51392,
            89.99433
        ],
        [
            380.89154,
            -656.4135,
            269.9123,
            89.97395,
            -178.5138,
            89.99813
        ],
        [
            381.34232,
            -656.39636,
            269.90906,
            89.9747,
            -178.5135,
            90.00153
        ],
        [
            382.33478,
            -656.3974,
            269.8763,
            89.97574,
            -178.51427,
            89.999825
        ],
        [
            383.09213,
            -656.39435,
            269.86932,
            89.976326,
            -178.51437,
            89.99935
        ],
        [
            384.4981,
            -656.4013,
            269.85513,
            89.976875,
            -178.51547,
            89.99802
        ],
        [
            385.27267,
            -656.4146,
            269.876,
            89.97779,
            -178.51428,
            89.99506
        ],
        [
            386.23187,
            -656.4229,
            269.88132,
            89.977425,
            -178.51395,
            89.99284
        ],
        [
            387.62506,
            -656.4428,
            269.8978,
            89.977295,
            -178.51086,
            89.98956
        ],
        [
            389.91513,
            -656.4767,
            269.91254,
            89.97581,
            -178.50775,
            89.9822
        ],
        [
            391.5302,
            -656.4941,
            269.91727,
            89.975136,
            -178.50577,
            89.9782
        ],
        [
            395.0327,
            -656.4955,
            269.93567,
            89.97509,
            -178.5037,
            89.974365
        ],
        [
            397.41403,
            -656.4837,
            269.95404,
            89.97556,
            -178.5025,
            89.97648
        ],
        [
            399.30643,
            -656.47284,
            269.96707,
            89.97729,
            -178.50488,
            89.97747
        ],
        [
            402.6613,
            -656.47235,
            269.98343,
            89.978775,
            -178.50565,
            89.98115
        ],
        [
            406.39673,
            -656.48334,
            269.9453,
            89.979866,
            -178.50809,
            89.986664
        ],
        [
            410.29773,
            -656.44635,
            269.91293,
            89.97858,
            -178.5147,
            89.99195
        ],
        [
            413.87146,
            -656.4373,
            269.9,
            89.97772,
            -178.51715,
            89.98873
        ],
        [
            417.43597,
            -656.44836,
            269.88205,
            89.9751,
            -178.51247,
            89.985634
        ],
        [
            421.7089,
            -656.43445,
            269.8211,
            89.972046,
            -178.51332,
            89.98548
        ],
        [
            424.6301,
            -656.42084,
            269.80832,
            89.96967,
            -178.51144,
            89.98714
        ],
        [
            428.11893,
            -656.40735,
            269.86447,
            89.970245,
            -178.50624,
            89.99333
        ],
        [
            431.4858,
            -656.40564,
            269.88806,
            89.97239,
            -178.50456,
            90.00078
        ],
        [
            433.79663,
            -656.3874,
            269.87033,
            89.9713,
            -178.50793,
            90.00023
        ],
        [
            436.1741,
            -656.3865,
            269.8459,
            89.96883,
            -178.51295,
            89.996666
        ],
        [
            437.56497,
            -656.3833,
            269.84384,
            89.9667,
            -178.51323,
            89.99596
        ],
        [
            439.87915,
            -656.38605,
            269.79663,
            89.96532,
            -178.51788,
            89.99185
        ],
        [
            441.64233,
            -656.3966,
            269.76117,
            89.964516,
            -178.5188,
            89.98943
        ],
        [
            443.31366,
            -656.3961,
            269.77408,
            89.96448,
            -178.51413,
            89.99117
        ],
        [
            444.88104,
            -656.3933,
            269.79373,
            89.96712,
            -178.51189,
            89.99162
        ],
        [
            445.4324,
            -656.3921,
            269.80026,
            89.96814,
            -178.51007,
            89.99315
        ],
        [
            446.5459,
            -656.385,
            269.79736,
            89.96808,
            -178.51111,
            89.99628
        ],
        [
            446.94788,
            -656.3731,
            269.76788,
            89.967186,
            -178.51337,
            89.997505
        ],
        [
            447.599,
            -656.34564,
            269.764,
            89.966515,
