{
    "CMD": 4001,
    "motion_trajectory": [
        [
            448.70114,
            -598.9984,
            272.15457,
            89.13406,
            -178.6066,
            89.99042
        ],
        [
            448.70108,
            -598.99805,
            272.15494,
            89.13409,
            -178.60664,
            89.990524
        ],
        [
            448.70123,
            -598.99817,
            272.155,
            89.13412,
            -178.60661,
            89.9904
        ],
        [
            448.70123,
            -598.99817,
            272.155,
            89.13412,
            -178.60661,
            89.9904
        ],
        [
            448.70084,
            -598.9988,
            272.15466,
            89.1341,
            -178.60661,
            89.99031
        ],
        [
            448.70074,
            -598.9984,
            272.155,
            89.134125,
            -178.60661,
            89.99041
        ],
        [
            448.70142,
            -598.99774,
            272.1534,
            89.13399,
            -178.60672,
            89.99041
        ],
        [
            448.70068,
            -598.9988,
            272.15457,
            89.13406,
            -178.6066,
            89.99037
        ],
        [
            448.70132,
            -598.9984,
            272.15466,
            89.1341,
            -178.60661,
            89.99035
        ],
        [
            448.70114,
            -598.99854,
            272.15457,
            89.134056,
            -178.60664,
            89.990364
        ],
        [
            448.70123,
            -598.9983,
            272.15497,
            89.1341,
            -178.60657,
            89.99036
        ],
        [
            448.6987,
            -598.9975,
            272.15488,
            89.13406,
            -178.60675,
            89.992195
        ],
        [
            448.698,
            -598.99664,
            272.15332,
            89.13398,
            -178.60698,
            89.99263
        ],
        [
            448.6986,
            -598.99603,
            272.1531,
            89.13389,
            -178.60698,
            89.992744
        ],
        [
            448.6981,
            -598.99585,
            272.15207,
            89.13388,
            -178.60712,
            89.992744
        ],
        [
            448.6982,
            -598.99646,
            272.15164,
            89.13385,
            -178.60706,
            89.99275
        ],
        [
            448.69748,
            -598.9968,
            272.1524,
            89.13382,
            -178.607,
            89.99267
        ],
        [
            448.69763,
            -598.9968,
            272.15134,
            89.13381,
            -178.6071,
            89.9926
        ],
        [
            448.69736,
            -598.9966,
            272.15097,
            89.13375,
            -178.60712,
            89.99267
        ],
        [
            448.69733,
            -598.99664,
            272.14917,
            89.133675,
            -178.60722,
            89.992615
        ],
        [
            448.69724,
            -598.9973,
            272.15042,
            89.13379,
            -178.60713,
            89.99255
        ],
        [
            448.69766,
            -598.997,
            272.15125,
            89.133804,
            -178.60703,
            89.99272
        ],
        [
            448.6976,
            -598.99744,
            272.15317,
            89.133835,
            -178.60718,
            89.99267
        ],
        [
            448.6967,
            -598.9978,
            272.1579,
            89.13375,
            -178.6077,
            89.9926
        ],
        [
            448.69156,
            -599.0032,
            272.2315,
            89.13409,
            -178.60973,
            89.99254
        ],
        [
            448.68213,
            -599.01135,
            272.3381,
            89.13406,
            -178.61072,
            89.992676
        ],
        [
            448.66086,
            -599.02576,
            272.48187,
            89.131294,
            -178.61017,
            89.99296
        ],
        [
            448.63293,
            -599.0451,
            272.64285,
            89.127525,
            -178.61055,
            89.99222
        ],
        [
            448.5882,
            -599.0776,
            273.10516,
            89.12534,
            -178.60976,
            89.990814
        ],
        [
            448.57593,
            -599.0844,
            273.34952,
            89.12555,
            -178.6091,
            89.990105
        ],
        [
            448.57245,
            -599.0885,
            273.56778,
            89.12711,
            -178.60716,
            89.9894
        ],
        [
            448.57028,
            -599.0958,
            273.76157,
            89.128006,
            -178.60645,
            89.98834
        ],
        [
            448.57327,
            -599.10114,
            273.92938,
            89.12895,
            -178.60555,
            89.986946
        ],
        [
            448.5735,
            -599.1036,
            274.04388,
            89.12891,
            -178.60616,
            89.98557
        ],
        [
            448.57468,
            -599.1021,
            274.09317,
            89.12806,
            -178.60701,
            89.98482
        ],
        [
            448.5765,
            -599.09863,
            274.12253,
            89.12648,
            -178.60794,
            89.983734
        ],
        [
            448.5809,
            -599.096,
            274.14294,
            89.12571,
            -178.60863,
            89.982735
        ],
        [
            448.58548,
            -599.09546,
            274.16296,
            89.12537,
            -178.60867,
            89.98153
        ],
        [
            448.58868,
            -599.09534,
            274.17526,
            89.12496,
            -178.60896,
            89.98037
        ],
        [
            448.59464,
            -599.09247,
            274.1809,
            89.12405,
            -178.60966,
            89.97931
        ],
        [
            448.6002,
            -599.0884,
            274.17908,
            89.12318,
            -178.61023,
            89.97892
        ],
        [
            448.60904,
            -599.0823,
            274.17624,
            89.12191,
            -178.61066,
            89.9782
        ],
        [
            448.61118,
            -599.0808,
            274.17636,
            89.12121,
            -178.61067,
            89.97749
        ],
        [
            448.60947,
            -599.0814,
            274.17657,
            89.12077,
            -178.61104,
            89.977425
        ],
        [
            448.60263,
            -599.0818,
            274.17468,
            89.12017,
            -178.61116,
            89.977325
        ],
        [
            448.58777,
            -599.07794,
            274.17163,
            89.1194,
            -178.61218,
            89.97705
        ],
        [
            448.53748,
            -599.06116,
            274.1607,
            89.11732,
            -178.61588,
            89.97683
        ],
        [
            448.4465,
            -599.04065,
            274.14874,
            89.11457,
            -178.61996,
            89.9772
        ],
        [
            448.13342,
            -598.9976,
            274.14267,
            89.10909,
            -178.62361,
            89.98117
        ],
        [
            447.4644,
            -599.0021,
            274.13287,
            89.10256,
            -178.62158,
            89.981155
        ],
        [
            446.473,
            -599.03595,
            274.11,
            89.095634,
