{
    "CMD": 4000,
    "motion_trajectory": [
        [
            448.90897,
            -541.3948,
            267.19144,
            89.989716,
            -178.54538,
            89.95181
        ],
        [
            448.90875,
            -541.3953,
            267.19147,
            89.98978,
            -178.54512,
            89.951866
        ],
        [
            448.90945,
            -541.3949,
            267.19238,
            89.98974,
            -178.54512,
            89.95187
        ],
        [
            448.90927,
            -541.39484,
            267.19177,
            89.98969,
            -178.54509,
            89.95194
        ],
        [
            448.90903,
            -541.395,
            267.19244,
            89.98978,
            -178.54501,
            89.951935
        ],
        [
            448.90875,
            -541.3951,
            267.19147,
            89.98965,
            -178.54507,
            89.95185
        ],
        [
            448.9091,
            -541.3948,
            267.19113,
            89.98964,
            -178.54498,
            89.95201
        ],
        [
            448.90698,
            -541.3954,
            267.19205,
            89.989685,
            -178.54482,
            89.953415
        ],
        [
            448.90402,
            -541.39294,
            267.19232,
            89.9896,
            -178.54454,
            89.95555
        ],
        [
            448.88928,
            -541.3992,
            267.2011,
            89.986244,
            -178.5444,
            89.957184
        ],
        [
            448.86868,
            -541.4111,
            267.28955,
            89.98311,
            -178.5491,
            89.95871
        ],
        [
            448.84393,
            -541.42523,
            267.39026,
            89.978546,
            -178.55241,
            89.96006
        ],
        [
            448.79626,
            -541.45276,
            267.55252,
            89.9691,
            -178.55579,
            89.96131
        ],
        [
            448.7799,
            -541.46075,
            267.62982,
            89.96565,
            -178.5568,
            89.961
        ],
        [
            448.7751,
            -541.4602,
            267.68787,
            89.96422,
            -178.55574,
            89.960144
        ],
        [
            448.77448,
            -541.45905,
            267.72522,
            89.96374,
            -178.55644,
            89.958565
        ],
        [
            448.7754,
            -541.45776,
            267.743,
            89.963715,
            -178.55742,
            89.95763
        ],
        [
            448.77902,
            -541.456,
            267.77582,
            89.9642,
            -178.5572,
            89.95636
        ],
        [
            448.78195,
            -541.4546,
            267.79742,
            89.96467,
            -178.55634,
            89.95539
        ],
        [
            448.78018,
            -541.4557,
            267.80832,
            89.964325,
            -178.55576,
            89.95481
        ],
        [
            448.77322,
            -541.4608,
            267.8392,
            89.96337,
            -178.55696,
            89.95509
        ],
        [
            448.7599,
            -541.47626,
            267.97574,
            89.96134,
            -178.56152,
            89.95239
        ],
        [
            448.7439,
            -541.4953,
            268.34378,
            89.959984,
            -178.56488,
            89.94698
        ],
        [
            448.7436,
            -541.5179,
            268.9172,
            89.96193,
            -178.5655,
            89.93972
        ],
        [
            448.7428,
            -541.5255,
            269.32635,
            89.961266,
            -178.56541,
            89.93476
        ],
        [
            448.74792,
            -541.5279,
            269.52957,
            89.961,
            -178.5653,
            89.93256
        ],
        [
            448.76733,
            -541.52277,
            269.69357,
            89.96005,
            -178.5664,
            89.93124
        ],
        [
            448.77707,
            -541.50946,
            269.706,
            89.955284,
            -178.56812,
            89.93137
        ],
        [
            448.78467,
            -541.4985,
            269.6979,
            89.95243,
            -178.5685,
            89.9312
        ],
        [
            448.79147,
            -541.4928,
            269.69736,
            89.9508,
            -178.56834,
            89.93018
        ],
        [
            448.79324,
            -541.4885,
            269.69415,
            89.95018,
            -178.5686,
            89.93023
        ],
        [
            448.79187,
            -541.4887,
            269.70068,
            89.94988,
            -178.56819,
            89.9299
        ],
        [
            448.76617,
            -541.4776,
            269.69778,
            89.948265,
            -178.56958,
            89.9297
        ],
        [
            448.652,
            -541.43463,
            269.67853,
            89.94436,
            -178.57631,
            89.92973
        ],
        [
            448.36627,
            -541.38367,
            269.64862,
            89.93974,
            -178.5842,
            89.93037
        ],
        [
            447.7785,
            -541.3598,
            269.6147,
            89.93606,
            -178.58653,
            89.930954
        ],
        [
            447.3363,
            -541.37054,
            269.59488,
            89.93399,
            -178.58676,
            89.92827
        ],
        [
            446.271,
            -541.40234,
            269.51218,
            89.930664,
            -178.58809,
            89.92665
        ],
        [
            444.86588,
            -541.40857,
            269.4528,
            89.927414,
            -178.58653,
            89.927765
        ],
        [
            443.653,
            -541.4143,
            269.40363,
            89.9282,
            -178.58336,
            89.93184
        ],
        [
            442.32596,
            -541.40546,
            269.38232,
            89.9307,
            -178.57733,
            89.93812
        ],
        [
            440.9289,
            -541.418,
            269.3289,
            89.933586,
            -178.57268,
            89.94368
        ],
        [
            439.88904,
            -541.42334,
            269.2923,
            89.93609,
            -178.56967,
            89.94638
        ],
        [
            438.6854,
            -541.41956,
            269.22247,
            89.938255,
            -178.56888,
            89.950134
        ],
        [
            435.85852,
            -541.40753,
            269.1234,
            89.942986,
            -178.56468,
            89.954765
        ],
        [
            433.35684,
            -541.39764,
            269.0575,
            89.94728,
            -178.56122,
            89.95476
        ],
        [
            430.36603,
            -541.37463,
            269.00726,
            89.95318,
            -178.55666,
            89.95139
        ],
        [
            427.30643,
            -541.3864,
            268.887,
            89.956764,
            -178.55447,
            89.947014
        ],
        [
            423.871,
            -541.3957,
            268.77484,
            89.9636,
            -178.5522,
            89.940636
        ],
        [
            420.32843,
            -541.39935,
            268.65283,
            89.97346,
            -178.55658,
            89.937256
        ],
        [
            416.86197,
            -541.3722,
            268.54715,
            89.98274,
