{
    "CMD": 4000,
    "motion_trajectory": [
        [
            448.8347,
            -541.41205,
            267.8507,
            89.969,
            -178.55936,
            89.95136
        ],
        [
            448.83466,
            -541.4124,
            267.8508,
            89.968956,
            -178.55923,
            89.95133
        ],
        [
            448.83423,
            -541.41266,
            267.85086,
            89.96898,
            -178.55923,
            89.95134
        ],
        [
            448.83472,
            -541.4122,
            267.85123,
            89.969,
            -178.5592,
            89.95132
        ],
        [
            448.83487,
            -541.4121,
            267.85132,
            89.96905,
            -178.55917,
            89.951294
        ],
        [
            448.83487,
            -541.4121,
            267.85132,
            89.96905,
            -178.55923,
            89.951294
        ],
        [
            448.83487,
            -541.41205,
            267.85083,
            89.96905,
            -178.55928,
            89.95123
        ],
        [
            448.83527,
            -541.41254,
            267.85138,
            89.9691,
            -178.55922,
            89.95115
        ],
        [
            448.8335,
            -541.40906,
            267.85168,
            89.96991,
            -178.55981,
            89.953896
        ],
        [
            448.83377,
            -541.40393,
            267.84897,
            89.97058,
            -178.55992,
            89.956154
        ],
        [
            448.83142,
            -541.4003,
            267.82,
            89.97042,
            -178.55795,
            89.95796
        ],
        [
            448.83133,
            -541.39764,
            267.78778,
            89.97018,
            -178.55397,
            89.958824
        ],
        [
            448.83823,
            -541.38947,
            267.70825,
            89.97115,
            -178.55136,
            89.95931
        ],
        [
            448.8493,
            -541.3738,
            267.44547,
            89.97116,
            -178.55057,
            89.95866
        ],
        [
            448.84555,
            -541.36865,
            267.23135,
            89.96968,
            -178.55243,
            89.9575
        ],
        [
            448.84378,
            -541.3703,
            267.18378,
            89.96996,
            -178.55304,
            89.9562
        ],
        [
            448.84555,
            -541.3719,
            267.16672,
            89.971436,
            -178.55292,
            89.95489
        ],
        [
            448.85373,
            -541.37085,
            267.15616,
            89.974655,
            -178.55211,
            89.95301
        ],
        [
            448.86066,
            -541.3697,
            267.13574,
            89.976456,
            -178.55144,
            89.95159
        ],
        [
            448.8651,
            -541.3678,
            267.11945,
            89.97756,
            -178.55066,
            89.95066
        ],
        [
            448.872,
            -541.3664,
            267.11752,
            89.97975,
            -178.54889,
            89.949684
        ],
        [
            448.87238,
            -541.36707,
            267.12045,
            89.98012,
            -178.54854,
            89.94936
        ],
        [
            448.87305,
            -541.3698,
            267.1526,
            89.980934,
            -178.5496,
            89.94883
        ],
        [
            448.8741,
            -541.37604,
            267.24435,
            89.98287,
            -178.5549,
            89.9475
        ],
        [
            448.87204,
            -541.39435,
            267.50327,
            89.98623,
            -178.56511,
            89.94476
        ],
        [
            448.8622,
            -541.4163,
            267.79233,
            89.988174,
            -178.56886,
            89.94255
        ],
        [
            448.84302,
            -541.4608,
            268.41763,
            89.99157,
            -178.56618,
            89.93862
        ],
        [
            448.82147,
            -541.4956,
            268.8054,
            89.989815,
            -178.56467,
            89.93575
        ],
        [
            448.80457,
            -541.5215,
            269.14294,
            89.98862,
            -178.56123,
            89.93354
        ],
        [
            448.7877,
            -541.5489,
            269.532,
            89.982895,
            -178.56023,
            89.93118
        ],
        [
            448.79047,
            -541.55334,
            269.67236,
            89.97794,
            -178.56203,
            89.930275
        ],
        [
            448.794,
            -541.54974,
            269.69745,
            89.97317,
            -178.56396,
            89.93018
        ],
        [
            448.79663,
            -541.5401,
            269.67926,
            89.96536,
            -178.56644,
            89.93034
        ],
        [
            448.8013,
            -541.5352,
            269.6845,
            89.960335,
            -178.56622,
            89.93011
        ],
        [
            448.79755,
            -541.5356,
            269.6865,
            89.95613,
            -178.56636,
            89.928696
        ],
        [
            448.78964,
            -541.5345,
            269.67603,
            89.952194,
            -178.56677,
            89.92781
        ],
        [
            448.7841,
            -541.5368,
            269.67276,
            89.95084,
            -178.56758,
            89.92789
        ],
        [
            448.7768,
            -541.5396,
            269.67316,
            89.94978,
            -178.56773,
            89.928116
        ],
        [
            448.75974,
            -541.5401,
            269.67123,
            89.94861,
            -178.56772,
            89.92811
        ],
        [
            448.72946,
            -541.5317,
            269.66675,
            89.94734,
            -178.56914,
            89.92812
        ],
        [
            448.54172,
            -541.49963,
            269.6652,
            89.94485,
            -178.57289,
            89.928535
        ],
        [
            447.95712,
            -541.4647,
            269.66357,
            89.94176,
            -178.57506,
            89.928986
        ],
        [
            447.06027,
            -541.48175,
            269.63055,
            89.93835,
            -178.57445,
            89.92529
        ],
        [
            445.89072,
            -541.5113,
            269.5516,
            89.935135,
            -178.57608,
            89.92363
        ],
        [
            445.1743,
            -541.50433,
            269.5089,
            89.93232,
            -178.57643,
            89.92411
        ],
        [
            444.4237,
            -541.503,
            269.45776,
            89.93055,
            -178.57695,
            89.92519
        ],
        [
            443.6259,
            -541.5072,
            269.4268,
            89.93121,
            -178.57516,
            89.92765
        ],
        [
            441.7,
            -541.4751,
            269.36887,
            89.93524,
            -178.56932,
            89.93889
        ],
        [
            440.72653,
            -541.47595,
            269.3392,
            89.937836,
            -178.56548,
            89.94251
        ],
        [
            439.50153,
            -541.4739,
            269.2779,
            89.93925,
            -178.56303,
            89.945366
        ],
        [
            438.38928,
            -541.4731,
            269.21915,
            89.941795,
