{
    "CMD": 3013,
    "motion_trajectory": [
        [
            380.00015,
            -656.4302,
            269.84854,
            89.96976,
            -178.51007,
            89.99007
        ],
        [
            380.0,
            -656.4304,
            269.84933,
            89.96988,
            -178.50995,
            89.990005
        ],
        [
            379.99976,
            -656.4303,
            269.84897,
            89.96981,
            -178.50998,
            89.99001
        ],
        [
            379.99985,
            -656.4306,
            269.84982,
            89.96983,
            -178.50989,
            89.98996
        ],
        [
            379.99905,
            -656.43066,
            269.84885,
            89.96976,
            -178.5099,
            89.98998
        ],
        [
            379.99994,
            -656.4303,
            269.84845,
            89.96983,
            -178.50998,
            89.98995
        ],
        [
            379.9983,
            -656.43134,
            269.85046,
            89.96978,
            -178.51201,
            89.991
        ],
        [
            379.9984,
            -656.43195,
            269.85272,
            89.96985,
            -178.5125,
            89.99111
        ],
        [
            379.9979,
            -656.43225,
            269.8521,
            89.969826,
            -178.51288,
            89.991066
        ],
        [
            379.99823,
            -656.4327,
            269.85336,
            89.969925,
            -178.51282,
            89.991005
        ],
        [
            379.99908,
            -656.4329,
            269.85358,
            89.96997,
            -178.51318,
            89.9911
        ],
        [
            380.0258,
            -656.4393,
            269.86566,
            89.97096,
            -178.5138,
            89.99177
        ],
        [
            380.1591,
            -656.4417,
            269.88605,
            89.972824,
            -178.5133,
            89.99371
        ],
        [
            380.31827,
            -656.43616,
            269.90213,
            89.97368,
            -178.51315,
            89.99451
        ],
        [
            381.02618,
            -656.4118,
            269.91412,
            89.97606,
            -178.51353,
            89.998634
        ],
        [
            381.4793,
            -656.39197,
            269.91174,
            89.97696,
            -178.51369,
            90.00153
        ],
        [
            382.01175,
            -656.38947,
            269.8912,
            89.977356,
            -178.51497,
            90.000885
        ],
        [
            383.2292,
            -656.3881,
            269.8845,
            89.97844,
            -178.51524,
            89.99984
        ],
        [
            384.62433,
            -656.39685,
            269.86414,
            89.9779,
            -178.51634,
            89.99765
        ],
        [
            386.44318,
            -656.4299,
            269.8849,
            89.97824,
            -178.51366,
            89.99179
        ],
        [
            388.29202,
            -656.465,
            269.9137,
            89.977936,
            -178.50964,
            89.985756
        ],
        [
            390.4397,
            -656.48224,
            269.93436,
            89.9762,
            -178.50632,
            89.98061
        ],
        [
            393.05847,
            -656.4998,
            269.9441,
            89.97632,
            -178.50282,
            89.97665
        ],
        [
            396.50894,
            -656.49,
            269.9525,
            89.97577,
            -178.50302,
            89.975746
        ],
        [
            399.71548,
            -656.4781,
            269.9749,
            89.97798,
            -178.50558,
            89.97763
        ],
        [
            401.59497,
            -656.4792,
            269.9806,
            89.97844,
            -178.50653,
            89.97938
        ],
        [
            403.18634,
            -656.48236,
            269.98434,
            89.97909,
            -178.50603,
            89.98232
        ],
        [
            406.98285,
            -656.4859,
            269.92126,
            89.979485,
            -178.51126,
            89.98751
        ],
        [
            410.72427,
            -656.45087,
            269.8861,
            89.97714,
            -178.51741,
            89.9915
        ],
        [
            414.60748,
            -656.43994,
            269.88498,
            89.97678,
            -178.5178,
            89.98808
        ],
        [
            418.46042,
            -656.4501,
            269.86035,
            89.97357,
            -178.51216,
            89.98536
        ],
        [
            422.3575,
            -656.4257,
            269.82352,
            89.97165,
            -178.51266,
            89.98585
        ],
        [
            425.44125,
            -656.4167,
            269.8317,
            89.97165,
            -178.50897,
            89.98868
        ],
        [
            428.57166,
            -656.4003,
            269.88242,
            89.97195,
            -178.50656,
            89.99514
        ],
        [
            431.4878,
            -656.407,
            269.90146,
            89.97365,
            -178.50456,
            90.0002
        ],
        [
            433.9434,
            -656.39197,
            269.85913,
            89.97176,
            -178.50883,
            89.99878
        ],
        [
            436.57358,
            -656.38983,
            269.83307,
            89.96791,
            -178.51288,
            89.99558
        ],
        [
            438.7669,
            -656.3919,
            269.8267,
            89.96612,
            -178.51514,
            89.99284
        ],
        [
            439.84552,
            -656.39075,
            269.7958,
            89.96554,
            -178.51723,
            89.99181
        ],
        [
            441.75705,
            -656.3993,
            269.74796,
            89.96428,
            -178.51883,
            89.98985
        ],
        [
            443.3407,
            -656.3911,
            269.75018,
            89.96393,
            -178.5153,
            89.99217
        ],
        [
            444.46005,
            -656.38617,
            269.7683,
            89.965866,
            -178.51315,
            89.991974
        ],
        [
            445.26062,
            -656.3867,
            269.76913,
            89.96729,
            -178.513,
            89.993355
        ],
        [
            446.20883,
            -656.38055,
            269.7835,
            89.96839,
            -178.51242,
            89.99627
        ],
        [
            447.17258,
            -656.3561,
            269.7626,
            89.96794,
            -178.51485,
            89.99981
        ],
        [
            447.66455,
            -656.3381,
            269.76205,
            89.96717,
            -178.51382,
            90.002144
        ],
        [
            447.94238,
            -656.3231,
            269.766,
            89.96772,
            -178.51387,
            90.00462
        ],
        [
            448.01898,
            -656.32263,
            269.76993,
            89.96743,
            -178.51375,
            90.00491
        ],
        [
            448.06168,
            -656.33203,
            269.76218,
            89.965546,
            -178.51442,
            90.00343
        ],
        [
            448.05795,
            -656.3412,
            269.76218,
            89.96446,
            -178.51447,
            90.002235
        ],
        [
            448.05338,
            -656.3461,
            269.76312,
            89.96429,
