{
    "CMD": 4002,
    "motion_trajectory": [
        [
            447.97992,
            -656.3704,
            267.9335,
            89.97993,
            -178.50978,
            90.000175
        ],
        [
            447.98007,
            -656.3703,
            267.93295,
            89.97996,
            -178.50978,
            90.00017
        ],
        [
            447.9794,
            -656.3706,
            267.93414,
            89.97996,
            -178.50967,
            90.00024
        ],
        [
            447.97958,
            -656.3702,
            267.9328,
            89.979836,
            -178.50983,
            90.00018
        ],
        [
            447.9795,
            -656.37085,
            267.93442,
            89.97997,
            -178.50969,
            90.00018
        ],
        [
            447.98016,
            -656.3703,
            267.93454,
            89.98003,
            -178.50972,
            90.000275
        ],
        [
            447.97922,
            -656.3707,
            267.93277,
            89.979866,
            -178.5098,
            90.00019
        ],
        [
            447.97937,
            -656.3706,
            267.93286,
            89.97991,
            -178.50987,
            90.00018
        ],
        [
            447.9731,
            -656.36774,
            267.93054,
            89.978546,
            -178.51321,
            90.0039
        ],
        [
            447.9677,
            -656.3675,
            267.92862,
            89.9773,
            -178.51294,
            90.00558
        ],
        [
            447.9673,
            -656.36786,
            267.92862,
            89.97718,
            -178.51283,
            90.00559
        ],
        [
            447.96738,
            -656.3681,
            267.92892,
            89.977196,
            -178.51274,
            90.00554
        ],
        [
            447.96713,
            -656.36816,
            267.9285,
            89.97713,
            -178.51263,
            90.00549
        ],
        [
            447.9667,
            -656.3682,
            267.92917,
            89.977036,
            -178.51286,
            90.00567
        ],
        [
            447.96368,
            -656.3709,
            267.94113,
            89.97652,
            -178.51431,
            90.005714
        ],
        [
            447.95828,
            -656.3747,
            267.97525,
            89.97589,
            -178.51546,
            90.00583
        ],
        [
            447.9487,
            -656.3833,
            268.06375,
            89.97522,
            -178.5189,
            90.005974
        ],
        [
            447.92755,
            -656.4041,
            268.3,
            89.97428,
            -178.51945,
            90.006134
        ],
        [
            447.91058,
            -656.42395,
            268.5711,
            89.9755,
            -178.5169,
            90.00559
        ],
        [
            447.89188,
            -656.45605,
            269.12842,
            89.979515,
            -178.50745,
            90.00378
        ],
        [
            447.88852,
            -656.46954,
            269.39163,
            89.981865,
            -178.50258,
            90.00253
        ],
        [
            447.89017,
            -656.48553,
            269.7298,
            89.984,
            -178.49911,
            90.000725
        ],
        [
            447.8885,
            -656.487,
            269.81888,
            89.98307,
            -178.49876,
            89.999886
        ],
        [
            447.88577,
            -656.48846,
            269.86258,
            89.98124,
            -178.49963,
            89.99858
        ],
        [
            447.88495,
            -656.4886,
            269.88745,
            89.9795,
            -178.50037,
            89.99732
        ],
        [
            447.88513,
            -656.48944,
            269.9071,
            89.97767,
            -178.5008,
            89.99557
        ],
        [
            447.88593,
            -656.4849,
            269.90244,
            89.97524,
            -178.5029,
            89.99426
        ],
        [
            447.8899,
            -656.4792,
            269.88895,
            89.973175,
            -178.50467,
            89.99244
        ],
        [
            447.89136,
            -656.4778,
            269.8869,
            89.97218,
            -178.50504,
            89.99091
        ],
        [
            447.88138,
            -656.47797,
            269.88977,
            89.97172,
            -178.50513,
            89.990685
        ],
        [
            447.84882,
            -656.4699,
            269.8883,
            89.9704,
            -178.50708,
            89.990166
        ],
        [
            447.71698,
            -656.4391,
            269.8725,
            89.965164,
            -178.5124,
            89.99028
        ],
        [
            447.218,
            -656.4126,
            269.8639,
            89.95467,
            -178.5128,
            89.9904
        ],
        [
            446.5072,
            -656.4359,
            269.83987,
            89.947975,
            -178.51315,
            89.98676
        ],
        [
            445.82407,
            -656.46515,
            269.86273,
            89.94639,
            -178.5106,
            89.98402
        ],
        [
            444.4763,
            -656.5004,
            269.85455,
            89.9449,
            -178.50769,
            89.9835
        ],
        [
            443.09232,
            -656.50024,
            269.89178,
            89.94754,
            -178.5013,
            89.9857
        ],
        [
            441.40402,
            -656.47296,
            269.89005,
            89.950775,
            -178.49895,
            89.99303
        ],
        [
            439.50256,
            -656.4464,
            269.85052,
            89.95178,
            -178.50314,
            89.993324
        ],
        [
            437.26498,
            -656.4265,
            269.8181,
            89.95416,
            -178.50871,
            89.99197
        ],
        [
            434.77383,
            -656.42017,
            269.80527,
            89.95686,
            -178.51099,
            89.991066
        ],
        [
            432.2772,
            -656.4176,
            269.8496,
            89.96541,
            -178.51102,
            89.9913
        ],
        [
            430.7719,
            -656.41534,
            269.87347,
            89.9688,
            -178.50789,
            89.994255
        ],
        [
            427.67093,
            -656.40375,
            269.83588,
            89.97104,
            -178.50922,
            90.00115
        ],
        [
            424.39154,
            -656.3753,
            269.82935,
            89.97128,
            -178.51135,
            90.004326
        ],
        [
            420.93814,
            -656.3649,
            269.8162,
            89.97163,
            -178.5082,
            90.00331
        ],
        [
            418.2198,
            -656.39575,
            269.79843,
            89.97096,
            -178.5071,
            89.9999
        ],
        [
            415.04074,
            -656.42847,
            269.79794,
            89.97088,
            -178.50565,
            89.99409
        ],
        [
            413.0384,
            -656.43274,
            269.81128,
            89.9711,
            -178.50777,
            89.98998
        ],
        [
            410.65436,
            -656.4286,
            269.84937,
            89.971954,
            -178.50871,
            89.98575
        ],
        [
            407.0857,
            -656.42426,
            269.91275,
            89.975136,
