{
    "CMD": 4001,
    "motion_trajectory": [
        [
            448.68253,
            -598.98755,
            272.0925,
            89.12835,
            -178.61081,
            89.990776
        ],
        [
            448.68362,
            -598.98737,
            272.09363,
            89.12851,
            -178.61086,
            89.990685
        ],
        [
            448.6827,
            -598.98804,
            272.09305,
            89.12838,
            -178.61078,
            89.99072
        ],
        [
            448.68353,
            -598.98755,
            272.09384,
            89.128494,
            -178.61073,
            89.990746
        ],
        [
            448.68335,
            -598.98706,
            272.0933,
            89.12846,
            -178.61073,
            89.990746
        ],
        [
            448.68372,
            -598.98737,
            272.09396,
            89.128555,
            -178.61072,
            89.99079
        ],
        [
            448.68408,
            -598.98737,
            272.0953,
            89.12868,
            -178.61058,
            89.990715
        ],
        [
            448.68405,
            -598.9873,
            272.09415,
            89.12863,
            -178.61066,
            89.990715
        ],
        [
            448.68237,
            -598.98566,
            272.09647,
            89.128876,
            -178.61096,
            89.99287
        ],
        [
            448.68146,
            -598.9857,
            272.09485,
            89.12874,
            -178.61108,
            89.99295
        ],
        [
            448.6816,
            -598.98553,
            272.09497,
            89.1288,
            -178.61111,
            89.993
        ],
        [
            448.6822,
            -598.9856,
            272.0958,
            89.12882,
            -178.61098,
            89.992935
        ],
        [
            448.6819,
            -598.9858,
            272.09476,
            89.12884,
            -178.61108,
            89.99293
        ],
        [
            448.68164,
            -598.9861,
            272.0954,
            89.128784,
            -178.61096,
            89.99295
        ],
        [
            448.68094,
            -598.9866,
            272.0959,
            89.12887,
            -178.61111,
            89.99278
        ],
        [
            448.6814,
            -598.98663,
            272.10043,
            89.12886,
            -178.61136,
            89.99285
        ],
        [
            448.6815,
            -598.98804,
            272.13727,
            89.12967,
            -178.61134,
            89.992836
        ],
        [
            448.67578,
            -598.9965,
            272.27698,
            89.131966,
            -178.61269,
            89.99255
        ],
        [
            448.66934,
            -599.0064,
            272.43338,
            89.13389,
            -178.61273,
            89.99218
        ],
        [
            448.64737,
            -599.039,
            272.8665,
            89.13611,
            -178.61174,
            89.99004
        ],
        [
            448.62042,
            -599.074,
            273.4116,
            89.13808,
            -178.60738,
            89.988144
        ],
        [
            448.6114,
            -599.0851,
            273.63837,
            89.13843,
            -178.60616,
            89.987076
        ],
        [
            448.60574,
            -599.0966,
            273.81647,
            89.13825,
            -178.6053,
            89.9859
        ],
        [
            448.60355,
            -599.10376,
            273.9483,
            89.138115,
            -178.6053,
            89.9849
        ],
        [
            448.6002,
            -599.10596,
            274.0835,
            89.13704,
            -178.60521,
            89.98413
        ],
        [
            448.59558,
            -599.1009,
            274.17056,
            89.13314,
            -178.60736,
            89.98252
        ],
        [
            448.59924,
            -599.09924,
            274.19626,
            89.130905,
            -178.60779,
            89.981155
        ],
        [
            448.60034,
            -599.09784,
            274.20602,
            89.1296,
            -178.6079,
            89.98038
        ],
        [
            448.60416,
            -599.09186,
            274.2005,
            89.1263,
            -178.60884,
            89.97888
        ],
        [
            448.60867,
            -599.08545,
            274.1906,
            89.12352,
            -178.60919,
            89.97839
        ],
        [
            448.6111,
            -599.0816,
            274.18665,
            89.121826,
            -178.6093,
            89.97803
        ],
        [
            448.5979,
            -599.083,
            274.1877,
            89.12031,
            -178.6092,
            89.97803
        ],
        [
            448.58167,
            -599.0792,
            274.18787,
            89.11961,
            -178.60999,
            89.97783
        ],
        [
            448.42053,
            -599.04553,
            274.17032,
            89.11503,
            -178.61726,
            89.978096
        ],
        [
            448.07352,
            -599.013,
            274.1669,
            89.10973,
            -178.61923,
            89.98116
        ],
        [
            447.70862,
            -599.0186,
            274.16342,
            89.10605,
            -178.61684,
            89.98035
        ],
        [
            446.8041,
            -599.05054,
            274.13544,
            89.10063,
            -178.61462,
            89.97706
        ],
        [
            446.12268,
            -599.06067,
            274.1055,
            89.0955,
            -178.61398,
            89.97418
        ],
        [
            444.81323,
            -599.05664,
            273.99747,
            89.09037,
            -178.61699,
            89.97618
        ],
        [
            444.15182,
            -599.0463,
            273.97806,
            89.09098,
            -178.61697,
            89.978
        ],
        [
            443.32996,
            -599.02844,
            273.93997,
            89.090355,
            -178.6172,
            89.97988
        ],
        [
            442.53635,
            -599.0127,
            273.8862,
            89.09028,
            -178.61699,
            89.98295
        ],
        [
            441.30093,
            -599.01904,
            273.86832,
            89.09338,
            -178.61493,
            89.983505
        ],
        [
            440.1649,
            -599.01355,
            273.8157,
            89.09504,
            -178.61351,
            89.98614
        ],
        [
            437.3439,
            -598.9995,
            273.77988,
            89.10323,
            -178.60558,
            89.99282
        ],
        [
            434.87555,
            -598.9967,
            273.73892,
            89.109634,
            -178.60397,
            89.99763
        ],
        [
            432.18567,
            -599.01117,
            273.67163,
            89.11491,
            -178.60336,
            89.998505
        ],
        [
            430.39825,
            -598.9969,
            273.61905,
            89.11722,
            -178.60468,
            89.9968
        ],
        [
            426.8499,
            -598.97266,
            273.47812,
            89.12256,
            -178.61522,
            89.99521
        ],
        [
            423.9301,
            -598.96454,
            273.37613,
            89.12454,
            -178.61726,
            89.99079
        ],
        [
            421.84705,
            -598.9775,
            273.3025,
            89.12575,
