{
    "CMD": 3002,
    "motion_trajectory": [
        [
            380.00308,
            -541.379,
            267.09863,
            89.98015,
            -178.55046,
            89.94999
        ],
        [
            380.00323,
            -541.37897,
            267.09772,
            89.98016,
            -178.5505,
            89.94997
        ],
        [
            380.00354,
            -541.3797,
            267.09836,
            89.980194,
            -178.55032,
            89.94992
        ],
        [
            380.00336,
            -541.3792,
            267.09897,
            89.98022,
            -178.55043,
            89.94997
        ],
        [
            380.00327,
            -541.37946,
            267.09857,
            89.98017,
            -178.55035,
            89.94999
        ],
        [
            380.003,
            -541.3792,
            267.0972,
            89.980064,
            -178.5504,
            89.95001
        ],
        [
            380.00275,
            -541.3795,
            267.09784,
            89.98013,
            -178.55045,
            89.94994
        ],
        [
            380.00308,
            -541.3796,
            267.0979,
            89.98008,
            -178.55038,
            89.94996
        ],
        [
            380.0033,
            -541.38385,
            267.10205,
            89.98034,
            -178.55177,
            89.95074
        ],
        [
            380.01086,
            -541.408,
            267.11963,
            89.98151,
            -178.55345,
            89.95085
        ],
        [
            380.03702,
            -541.502,
            267.1623,
            89.98463,
            -178.55449,
            89.95145
        ],
        [
            380.06918,
            -541.6485,
            267.2126,
            89.98731,
            -178.55418,
            89.95314
        ],
        [
            380.11624,
            -542.079,
            267.2908,
            89.9847,
            -178.55235,
            89.96061
        ],
        [
            380.14423,
            -542.5069,
            267.33395,
            89.97915,
            -178.55092,
            89.96652
        ],
        [
            380.175,
            -543.3842,
            267.41074,
            89.9669,
            -178.552,
            89.97327
        ],
        [
            380.18814,
            -544.5749,
            267.51102,
            89.949554,
            -178.55148,
            89.97843
        ],
        [
            380.17786,
            -545.8641,
            267.59778,
            89.92944,
            -178.55522,
            89.9795
        ],
        [
            380.16,
            -546.61346,
            267.6652,
            89.91927,
            -178.55367,
            89.97829
        ],
        [
            380.14606,
            -547.4198,
            267.72894,
            89.90791,
            -178.55356,
            89.9765
        ],
        [
            380.10748,
            -548.9122,
            267.83463,
            89.88209,
            -178.55356,
            89.975006
        ],
        [
            380.08536,
            -550.0554,
            267.93097,
            89.86436,
            -178.55577,
            89.972984
        ],
        [
            380.0697,
            -551.3085,
            268.02753,
            89.84294,
            -178.55939,
            89.97324
        ],
        [
            380.04495,
            -553.6266,
            268.19418,
            89.80189,
            -178.56213,
            89.97615
        ],
        [
            380.03915,
            -555.83936,
            268.38464,
            89.76834,
            -178.56572,
            89.976
        ],
        [
            380.03534,
            -559.7471,
            268.72,
            89.70982,
            -178.56538,
            89.97531
        ],
        [
            380.03156,
            -562.93976,
            269.04752,
            89.66505,
            -178.56398,
            89.972755
        ],
        [
            380.02765,
            -566.07745,
            269.34332,
            89.6175,
            -178.56511,
            89.97237
        ],
        [
            380.0394,
            -569.84406,
            269.63766,
            89.56303,
            -178.5764,
            89.97015
        ],
        [
            380.02734,
            -573.37994,
            269.9581,
            89.51532,
            -178.57661,
            89.96805
        ],
        [
            380.01205,
            -575.24384,
            270.08188,
            89.485695,
            -178.5803,
            89.96874
        ],
        [
            380.0065,
            -578.57074,
            270.3036,
            89.43109,
            -178.58992,
            89.97353
        ],
        [
            379.99243,
            -580.5694,
            270.48813,
            89.40033,
            -178.59187,
            89.97578
        ],
        [
            379.96152,
            -583.3016,
            270.72348,
            89.36047,
            -178.59517,
            89.97621
        ],
        [
            379.95755,
            -584.68536,
            270.83142,
            89.338554,
            -178.59482,
            89.978134
        ],
        [
            379.95782,
            -587.3072,
            271.09274,
            89.301254,
            -178.59337,
            89.979836
        ],
        [
            379.9446,
            -589.554,
            271.27057,
            89.2677,
            -178.59755,
            89.98078
        ],
        [
            379.9485,
            -591.48724,
            271.41367,
            89.23676,
            -178.6024,
            89.98332
        ],
        [
            379.95456,
            -593.3643,
            271.5657,
            89.21039,
            -178.60904,
            89.98324
        ],
        [
            379.96103,
            -594.89246,
            271.67123,
            89.18746,
            -178.61568,
            89.98356
        ],
        [
            379.96817,
            -596.1988,
            271.76346,
            89.168686,
            -178.61594,
            89.98348
        ],
        [
            379.9783,
            -597.3548,
            271.86606,
            89.15351,
            -178.6134,
            89.98354
        ],
        [
            379.98392,
            -598.03467,
            271.90366,
            89.144264,
            -178.61559,
            89.98368
        ],
        [
            379.98102,
            -598.5655,
            271.9538,
            89.13501,
            -178.61696,
            89.9848
        ],
        [
            379.95892,
            -598.89886,
            271.99408,
            89.1284,
            -178.61621,
            89.98501
        ],
        [
            379.93103,
            -599.0202,
            271.99045,
            89.12425,
            -178.61853,
            89.98419
        ],
        [
            379.92474,
            -599.035,
            271.97992,
            89.12267,
            -178.61934,
            89.98438
        ],
        [
            379.91675,
            -599.0398,
            271.96884,
            89.12052,
            -178.61975,
            89.98482
        ],
        [
            379.91772,
            -599.04144,
            271.97205,
            89.12051,
            -178.61935,
            89.98502
        ],
        [
            379.91876,
            -599.0419,
            271.97372,
            89.12054,
            -178.61902,
            89.9852
        ],
        [
            379.9184,
            -599.0424,
            271.97223,
            89.12035,
            -178.61905,
            89.98519
        ],
        [
            379.91983,
            -599.0461,
            271.96704,
            89.11997,
            -178.6201,
