{
    "CMD": 3013,
    "motion_trajectory": [
        [
            349.9996,
            -656.4302,
            269.86002,
            89.96994,
            -178.50995,
            89.98994
        ],
        [
            350.00037,
            -656.43,
            269.8598,
            89.96999,
            -178.51003,
            89.98997
        ],
        [
            349.9998,
            -656.43,
            269.86014,
            89.97,
            -178.51003,
            89.989975
        ],
        [
            349.99966,
            -656.4303,
            269.8597,
            89.96994,
            -178.51,
            89.98994
        ],
        [
            349.99973,
            -656.4298,
            269.85928,
            89.96997,
            -178.5101,
            89.989975
        ],
        [
            350.0001,
            -656.43036,
            269.86078,
            89.970085,
            -178.5099,
            89.98997
        ],
        [
            350.0003,
            -656.4298,
            269.85895,
            89.96996,
            -178.5101,
            89.98997
        ],
        [
            349.99887,
            -656.4295,
            269.86017,
            89.96972,
            -178.51054,
            89.99098
        ],
        [
            349.99753,
            -656.4302,
            269.86026,
            89.96965,
            -178.51083,
            89.99101
        ],
        [
            349.99738,
            -656.42975,
            269.85913,
            89.969604,
            -178.51102,
            89.99102
        ],
        [
            349.99734,
            -656.4302,
            269.8596,
            89.96959,
            -178.51093,
            89.99103
        ],
        [
            349.99683,
            -656.43036,
            269.86017,
            89.96961,
            -178.51088,
            89.991035
        ],
        [
            349.99728,
            -656.42993,
            269.8599,
            89.9696,
            -178.51097,
            89.99108
        ],
        [
            349.99753,
            -656.4301,
            269.85968,
            89.969635,
            -178.51115,
            89.99101
        ],
        [
            349.99905,
            -656.4306,
            269.8602,
            89.96957,
            -178.51149,
            89.99101
        ],
        [
            350.00955,
            -656.4313,
            269.86496,
            89.969795,
            -178.5125,
            89.99107
        ],
        [
            350.11005,
            -656.435,
            269.8825,
            89.97083,
            -178.51324,
            89.99254
        ],
        [
            350.2489,
            -656.43506,
            269.90085,
            89.97167,
            -178.5117,
            89.99401
        ],
        [
            350.7999,
            -656.4304,
            269.9373,
            89.97377,
            -178.5082,
            89.99765
        ],
        [
            351.159,
            -656.42084,
            269.94174,
            89.9742,
            -178.50728,
            89.99932
        ],
        [
            351.64233,
            -656.4103,
            269.93927,
            89.97459,
            -178.50664,
            90.00072
        ],
        [
            352.67746,
            -656.40546,
            269.93506,
            89.975204,
            -178.50372,
            90.0011
        ],
        [
            353.95056,
            -656.4234,
            269.9439,
            89.97436,
            -178.50095,
            89.99532
        ],
        [
            354.69446,
            -656.43964,
            269.95126,
            89.974686,
            -178.49876,
            89.99365
        ],
        [
            356.45584,
            -656.46063,
            269.97787,
            89.97669,
            -178.49583,
            89.99241
        ],
        [
            357.99747,
            -656.47205,
            269.9682,
            89.97719,
            -178.49733,
            89.99129
        ],
        [
            359.45557,
            -656.46124,
            269.9838,
            89.97845,
            -178.49777,
            89.99168
        ],
        [
            361.49457,
            -656.45917,
            269.99005,
            89.97993,
            -178.50082,
            89.99147
        ],
        [
            362.8373,
            -656.45807,
            269.97806,
            89.98023,
            -178.50288,
            89.990715
        ],
        [
            364.06958,
            -656.4573,
            269.9726,
            89.980995,
            -178.50606,
            89.990875
        ],
        [
            365.3832,
            -656.46356,
            269.95953,
            89.98039,
            -178.50847,
            89.98711
        ],
        [
            367.01086,
            -656.46014,
            269.96335,
            89.9795,
            -178.5086,
            89.98318
        ],
        [
            368.43335,
            -656.4582,
            269.95978,
            89.97911,
            -178.50941,
            89.98029
        ],
        [
            369.89355,
            -656.46924,
            269.96103,
            89.97905,
            -178.50917,
            89.977936
        ],
        [
            373.42493,
            -656.5087,
            269.9915,
            89.98034,
            -178.50673,
            89.973175
        ],
        [
            377.43384,
            -656.49915,
            269.9283,
            89.97662,
            -178.51105,
            89.97759
        ],
        [
            380.83063,
            -656.47546,
            269.89655,
            89.97718,
            -178.51436,
            89.982796
        ],
        [
            384.78177,
            -656.45605,
            269.86267,
            89.97551,
            -178.5181,
            89.98695
        ],
        [
            388.89,
            -656.4714,
            269.85577,
            89.97161,
            -178.51315,
            89.986244
        ],
        [
            393.56085,
            -656.46735,
            269.84543,
            89.96748,
            -178.50804,
            89.98287
        ],
        [
            398.42963,
            -656.43726,
            269.88837,
            89.968735,
            -178.50342,
            89.98446
        ],
        [
            402.12912,
            -656.4195,
            269.95215,
            89.973274,
            -178.50073,
            89.988556
        ],
        [
            404.43307,
            -656.4226,
            269.96463,
            89.974655,
            -178.5002,
            89.99144
        ],
        [
            406.80908,
            -656.43,
            269.94214,
            89.976166,
            -178.50279,
            89.99313
        ],
        [
            409.85385,
            -656.41315,
            269.9145,
            89.97668,
            -178.50888,
            89.99555
        ],
        [
            411.86395,
            -656.40466,
            269.88327,
            89.974625,
            -178.51314,
            89.99524
        ],
        [
            414.3307,
            -656.3966,
            269.86035,
            89.973946,
            -178.51526,
            89.993324
        ],
        [
            416.3603,
            -656.3999,
            269.85037,
            89.97309,
            -178.51501,
            89.99098
        ],
        [
            418.26056,
            -656.40894,
            269.84708,
            89.97326,
            -178.5131,
            89.99057
        ],
        [
            420.47632,
            -656.3978,
            269.80832,
            89.971725,
            -178.51315,
            89.992
        ],
        [
            424.2668,
            -656.38214,
            269.7779,
            89.96899,
