{
    "CMD": 4000,
    "motion_trajectory": [
        [
            448.90253,
            -541.38544,
            267.16547,
            89.98882,
            -178.54675,
            89.955124
        ],
        [
            448.9026,
            -541.3852,
            267.1659,
            89.98887,
            -178.54683,
            89.95511
        ],
        [
            448.90253,
            -541.38544,
            267.16547,
            89.98882,
            -178.54675,
            89.955124
        ],
        [
            448.90256,
            -541.38544,
            267.16656,
            89.98887,
            -178.54668,
            89.955124
        ],
        [
            448.9026,
            -541.38513,
            267.16534,
            89.988846,
            -178.5467,
            89.95511
        ],
        [
            448.90268,
            -541.38525,
            267.16507,
            89.98886,
            -178.54677,
            89.955154
        ],
        [
            448.90268,
            -541.3855,
            267.16498,
            89.98881,
            -178.5466,
            89.95501
        ],
        [
            448.90256,
            -541.3855,
            267.166,
            89.98882,
            -178.54655,
            89.95507
        ],
        [
            448.89682,
            -541.3867,
            267.1661,
            89.98811,
            -178.54562,
            89.95809
        ],
        [
            448.88397,
            -541.39276,
            267.17023,
            89.98501,
            -178.54501,
            89.95955
        ],
        [
            448.86783,
            -541.4013,
            267.24225,
            89.9827,
            -178.54842,
            89.960976
        ],
        [
            448.8342,
            -541.4236,
            267.38544,
            89.97643,
            -178.55286,
            89.961525
        ],
        [
            448.78137,
            -541.45636,
            267.54907,
            89.96591,
            -178.55646,
            89.96188
        ],
        [
            448.76993,
            -541.46545,
            267.63553,
            89.962944,
            -178.55655,
            89.9609
        ],
        [
            448.7716,
            -541.4677,
            267.68668,
            89.96274,
            -178.5563,
            89.95929
        ],
        [
            448.7741,
            -541.46875,
            267.73584,
            89.963005,
            -178.55577,
            89.95691
        ],
        [
            448.77722,
            -541.46844,
            267.75876,
            89.963524,
            -178.5554,
            89.95614
        ],
        [
            448.78482,
            -541.46466,
            267.8047,
            89.96426,
            -178.55676,
            89.95432
        ],
        [
            448.78302,
            -541.4667,
            267.8073,
            89.96416,
            -178.55804,
            89.95417
        ],
        [
            448.7799,
            -541.4682,
            267.8106,
            89.96358,
            -178.55832,
            89.954254
        ],
        [
            448.77576,
            -541.47125,
            267.82788,
            89.962906,
            -178.558,
            89.954414
        ],
        [
            448.7679,
            -541.4799,
            267.8813,
            89.96145,
            -178.55954,
            89.95313
        ],
        [
            448.7589,
            -541.4969,
            268.1166,
            89.961,
            -178.56384,
            89.94886
        ],
        [
            448.74857,
            -541.5118,
            268.48538,
            89.960686,
            -178.56364,
            89.94393
        ],
        [
            448.74924,
            -541.52405,
            268.78632,
            89.96205,
            -178.56303,
            89.94026
        ],
        [
            448.74884,
            -541.52795,
            269.0319,
            89.963196,
            -178.56192,
            89.937965
        ],
        [
            448.7597,
            -541.5342,
            269.58197,
            89.96202,
            -178.5621,
            89.93166
        ],
        [
            448.77835,
            -541.5261,
            269.71622,
            89.9603,
            -178.56355,
            89.93135
        ],
        [
            448.78467,
            -541.5196,
            269.72455,
            89.95843,
            -178.56493,
            89.93122
        ],
        [
            448.7893,
            -541.51,
            269.71585,
            89.95545,
            -178.56676,
            89.93109
        ],
        [
            448.79416,
            -541.50525,
            269.71213,
            89.954056,
            -178.56703,
            89.9311
        ],
        [
            448.79913,
            -541.50195,
            269.7143,
            89.95329,
            -178.56676,
            89.9308
        ],
        [
            448.79773,
            -541.4985,
            269.70718,
            89.951965,
            -178.56729,
            89.9301
        ],
        [
            448.79974,
            -541.4948,
            269.70474,
            89.951294,
            -178.56767,
            89.92965
        ],
        [
            448.7905,
            -541.49243,
            269.7054,
            89.95063,
            -178.56789,
            89.92961
        ],
        [
            448.70908,
            -541.4579,
            269.6859,
            89.94659,
            -178.57365,
            89.92875
        ],
        [
            448.55286,
            -541.4215,
            269.672,
            89.943596,
            -178.57912,
            89.929085
        ],
        [
            448.24185,
            -541.3819,
            269.64386,
            89.93959,
            -178.58385,
            89.92963
        ],
        [
            447.46167,
            -541.38025,
            269.61707,
            89.9363,
            -178.58444,
            89.92777
        ],
        [
            446.9887,
            -541.39276,
            269.58008,
            89.93388,
            -178.58594,
            89.9255
        ],
        [
            445.61273,
            -541.42975,
            269.50677,
            89.93059,
            -178.5868,
            89.92366
        ],
        [
            444.86877,
            -541.4329,
            269.4809,
            89.92927,
            -178.58502,
            89.92404
        ],
        [
            443.2798,
            -541.4242,
            269.42493,
            89.930336,
            -178.58018,
            89.9318
        ],
        [
            441.55185,
            -541.42816,
            269.37283,
            89.93396,
            -178.5737,
            89.93905
        ],
        [
            440.19107,
            -541.43176,
            269.34247,
            89.93784,
            -178.56786,
            89.94433
        ],
        [
            438.85098,
            -541.44165,
            269.26218,
            89.939575,
            -178.56648,
            89.94761
        ],
        [
            436.63806,
            -541.43744,
            269.17307,
            89.94277,
            -178.56314,
            89.95133
        ],
        [
            433.80853,
            -541.4118,
            269.08316,
            89.94718,
            -178.5611,
            89.954094
        ],
        [
            431.00845,
            -541.38995,
            269.027,
            89.952415,
            -178.55673,
            89.95151
        ],
        [
            427.8811,
            -541.38477,
            268.91132,
            89.95646,
            -178.55402,
            89.94839
        ],
        [
            424.6371,
            -541.3992,
            268.798,
            89.962425,
