{
    "CMD": 4000,
    "motion_trajectory": [
        [
            448.9009,
            -541.389,
            267.1836,
            89.98842,
            -178.54408,
            89.95573
        ],
        [
            448.9009,
            -541.38916,
            267.1839,
            89.98842,
            -178.54404,
            89.95569
        ],
        [
            448.901,
            -541.3892,
            267.18387,
            89.98844,
            -178.54405,
            89.95573
        ],
        [
            448.90036,
            -541.3892,
            267.18332,
            89.98838,
            -178.54407,
            89.955635
        ],
        [
            448.90057,
            -541.38965,
            267.1833,
            89.9884,
            -178.54408,
            89.955635
        ],
        [
            448.9009,
            -541.389,
            267.1836,
            89.98842,
            -178.54408,
            89.95573
        ],
        [
            448.9003,
            -541.3894,
            267.1835,
            89.98837,
            -178.544,
            89.9557
        ],
        [
            448.90048,
            -541.38934,
            267.1836,
            89.98842,
            -178.54408,
            89.95569
        ],
        [
            448.9013,
            -541.3886,
            267.18304,
            89.988396,
            -178.54407,
            89.95577
        ],
        [
            448.89966,
            -541.38715,
            267.18665,
            89.989136,
            -178.54381,
            89.95874
        ],
        [
            448.89874,
            -541.3865,
            267.18872,
            89.98952,
            -178.5441,
            89.959694
        ],
        [
            448.89825,
            -541.38727,
            267.19464,
            89.98943,
            -178.5453,
            89.9597
        ],
        [
            448.889,
            -541.39514,
            267.26028,
            89.98859,
            -178.55243,
            89.959724
        ],
        [
            448.87558,
            -541.4036,
            267.3271,
            89.986626,
            -178.55606,
            89.95998
        ],
        [
            448.83765,
            -541.4301,
            267.48453,
            89.97891,
            -178.56096,
            89.96013
        ],
        [
            448.80927,
            -541.4484,
            267.58176,
            89.97348,
            -178.56302,
            89.95957
        ],
        [
            448.79483,
            -541.4605,
            267.66702,
            89.9699,
            -178.56206,
            89.95842
        ],
        [
            448.79138,
            -541.464,
            267.72217,
            89.96852,
            -178.55952,
            89.95749
        ],
        [
            448.7895,
            -541.4662,
            267.76434,
            89.96813,
            -178.5565,
            89.95616
        ],
        [
            448.79022,
            -541.4663,
            267.78793,
            89.96833,
            -178.55511,
            89.95526
        ],
        [
            448.79294,
            -541.46436,
            267.81302,
            89.96866,
            -178.55421,
            89.954315
        ],
        [
            448.7943,
            -541.46344,
            267.82852,
            89.968796,
            -178.55406,
            89.95354
        ],
        [
            448.7894,
            -541.467,
            267.83682,
            89.96807,
            -178.55502,
            89.95351
        ],
        [
            448.7792,
            -541.47736,
            267.90164,
            89.966255,
            -178.55855,
            89.95227
        ],
        [
            448.77258,
            -541.48773,
            267.99176,
            89.96556,
            -178.56094,
            89.95032
        ],
        [
            448.76547,
            -541.4974,
            268.13068,
            89.964806,
            -178.56235,
            89.94799
        ],
        [
            448.74808,
            -541.51965,
            268.5774,
            89.96248,
            -178.56197,
            89.942116
        ],
        [
            448.74844,
            -541.52856,
            268.81195,
            89.9632,
            -178.5619,
            89.93954
        ],
        [
            448.7459,
            -541.5327,
            269.08865,
            89.9633,
            -178.56102,
            89.93702
        ],
        [
            448.7464,
            -541.53613,
            269.48477,
            89.962204,
            -178.56161,
            89.932755
        ],
        [
            448.76294,
            -541.5358,
            269.68546,
            89.961266,
            -178.56314,
            89.930275
        ],
        [
            448.77695,
            -541.51935,
            269.72052,
            89.9569,
            -178.56525,
            89.93078
        ],
        [
            448.78302,
            -541.5055,
            269.7065,
            89.95323,
            -178.56706,
            89.93117
        ],
        [
            448.78848,
            -541.50085,
            269.7084,
            89.95226,
            -178.56682,
            89.930824
        ],
        [
            448.79083,
            -541.49615,
            269.70468,
            89.95148,
            -178.56715,
            89.930725
        ],
        [
            448.7922,
            -541.4918,
            269.70004,
            89.950775,
            -178.56763,
            89.93037
        ],
        [
            448.79016,
            -541.49176,
            269.70612,
            89.95047,
            -178.56723,
            89.9301
        ],
        [
            448.76263,
            -541.47833,
            269.69925,
            89.94887,
            -178.56941,
            89.93004
        ],
        [
            448.642,
            -541.4328,
            269.67944,
            89.94485,
            -178.57637,
            89.93011
        ],
        [
            448.49213,
            -541.3997,
            269.66257,
            89.9421,
            -178.58118,
            89.930756
        ],
        [
            448.27127,
            -541.36945,
            269.64172,
            89.939354,
            -178.58463,
            89.93182
        ],
        [
            447.78668,
            -541.36035,
            269.62018,
            89.9369,
            -178.58582,
            89.93142
        ],
        [
            446.856,
            -541.389,
            269.55325,
            89.93219,
            -178.58717,
            89.92649
        ],
        [
            446.182,
            -541.4141,
            269.51642,
            89.931076,
            -178.58678,
            89.92565
        ],
        [
            445.5637,
            -541.4156,
            269.48956,
            89.929276,
            -178.58717,
            89.925674
        ],
        [
            443.77182,
            -541.42566,
            269.40808,
            89.92734,
            -178.5835,
            89.929405
        ],
        [
            442.11154,
            -541.4175,
            269.38638,
            89.93107,
            -178.57515,
            89.937836
        ],
        [
            440.12448,
            -541.4351,
            269.32104,
            89.93595,
            -178.56734,
            89.944984
        ],
        [
            437.8897,
            -541.43524,
            269.22165,
            89.94055,
            -178.56438,
            89.95012
        ],
        [
            435.06168,
            -541.419,
            269.12738,
            89.9445,
            -178.56107,
            89.95392
        ],
        [
            432.88336,
            -541.39716,
            269.0693,
            89.94801,
