{
    "CMD": 3003,
    "motion_trajectory": [
        [
            380.00146,
            -598.999,
            272.09717,
            89.1296,
            -178.61026,
            89.99033
        ],
        [
            380.00146,
            -598.99927,
            272.09653,
            89.12954,
            -178.61029,
            89.99018
        ],
        [
            380.0011,
            -598.99963,
            272.0974,
            89.1296,
            -178.61015,
            89.990234
        ],
        [
            380.00092,
            -598.9996,
            272.09732,
            89.12957,
            -178.61014,
            89.9903
        ],
        [
            380.00125,
            -598.9996,
            272.0975,
            89.129654,
            -178.61018,
            89.99022
        ],
        [
            380.00165,
            -598.9997,
            272.0978,
            89.129684,
            -178.6102,
            89.99027
        ],
        [
            380.00143,
            -598.9995,
            272.09818,
            89.129715,
            -178.61015,
            89.990204
        ],
        [
            380.0008,
            -598.9999,
            272.09808,
            89.12967,
            -178.6102,
            89.99017
        ],
        [
            379.99756,
            -599.0132,
            272.1045,
            89.1286,
            -178.61159,
            89.991516
        ],
        [
            380.00473,
            -599.0769,
            272.12164,
            89.12857,
            -178.60905,
            89.99243
        ],
        [
            380.04114,
            -599.2834,
            272.1578,
            89.1334,
            -178.60492,
            89.992805
        ],
        [
            380.0958,
            -599.7025,
            272.1797,
            89.14156,
            -178.60088,
            89.99386
        ],
        [
            380.1363,
            -600.1694,
            272.15622,
            89.14947,
            -178.60005,
            89.99481
        ],
        [
            380.16837,
            -601.09814,
            272.09744,
            89.16516,
            -178.59998,
            89.99499
        ],
        [
            380.15964,
            -602.32196,
            272.0437,
            89.1861,
            -178.60254,
            89.992584
        ],
        [
            380.15683,
            -603.75195,
            272.0539,
            89.21248,
            -178.59807,
            89.990746
        ],
        [
            380.1487,
            -604.971,
            272.02362,
            89.23192,
            -178.59293,
            89.988815
        ],
        [
            380.12042,
            -606.6549,
            271.9481,
            89.25325,
            -178.59012,
            89.987755
        ],
        [
            380.0922,
            -607.98944,
            271.8364,
            89.26646,
            -178.59132,
            89.98824
        ],
        [
            380.0703,
            -610.1053,
            271.7571,
            89.294205,
            -178.58679,
            89.98912
        ],
        [
            380.07266,
            -612.79065,
            271.63297,
            89.334015,
            -178.58191,
            89.99312
        ],
        [
            380.0777,
            -614.1488,
            271.5573,
            89.3549,
            -178.58156,
            89.9931
        ],
        [
            380.0752,
            -615.43,
            271.48044,
            89.37449,
            -178.582,
            89.9928
        ],
        [
            380.05832,
            -618.9789,
            271.3939,
            89.429375,
            -178.56989,
            89.990906
        ],
        [
            380.04828,
            -620.6503,
            271.34677,
            89.453514,
            -178.56734,
            89.99167
        ],
        [
            380.05237,
            -624.089,
            271.22595,
            89.50356,
            -178.55937,
            89.99432
        ],
        [
            380.0335,
            -627.55884,
            271.0835,
            89.55253,
            -178.55255,
            89.9985
        ],
        [
            380.02533,
            -630.9801,
            270.83945,
            89.59857,
            -178.55461,
            89.99824
        ],
        [
            379.9954,
            -634.17834,
            270.69012,
            89.641815,
            -178.54724,
            89.99642
        ],
        [
            379.97842,
            -637.5296,
            270.59375,
            89.69154,
            -178.53972,
            89.995514
        ],
        [
            379.9798,
            -640.3654,
            270.5573,
            89.73861,
            -178.53125,
            89.99408
        ],
        [
            379.96698,
            -643.16064,
            270.37494,
            89.777695,
            -178.53433,
            89.99254
        ],
        [
            379.9627,
            -645.5127,
            270.18533,
            89.80632,
            -178.53625,
            89.991585
        ],
        [
            379.9609,
            -647.7091,
            270.125,
            89.839584,
            -178.52928,
            89.98798
        ],
        [
            379.95056,
            -649.1769,
            270.06818,
            89.8612,
            -178.52527,
            89.986664
        ],
        [
            379.95358,
            -651.4637,
            270.02142,
            89.896194,
            -178.52013,
            89.98847
        ],
        [
            379.96915,
            -652.8659,
            269.95563,
            89.91742,
            -178.51889,
            89.99092
        ],
        [
            379.96698,
            -653.71063,
            269.91412,
            89.93099,
            -178.5192,
            89.990204
        ],
        [
            379.96677,
            -654.3171,
            269.8897,
            89.94091,
            -178.52081,
            89.98952
        ],
        [
            379.95248,
            -655.17505,
            269.83017,
            89.95167,
            -178.51994,
            89.98817
        ],
        [
            379.93427,
            -655.8807,
            269.7698,
            89.95853,
            -178.52188,
            89.98735
        ],
        [
            379.91995,
            -656.2617,
            269.70166,
            89.9603,
            -178.52544,
            89.98765
        ],
        [
            379.91623,
            -656.4175,
            269.71768,
            89.96242,
            -178.5224,
            89.98837
        ],
        [
            379.91687,
            -656.47504,
            269.7602,
            89.963066,
            -178.51807,
            89.98885
        ],
        [
            379.91782,
            -656.4785,
            269.76526,
            89.96313,
            -178.5171,
            89.98906
        ],
        [
            379.9189,
            -656.47797,
            269.76584,
            89.96301,
            -178.5169,
            89.98922
        ],
        [
            379.9206,
            -656.47754,
            269.76846,
            89.96308,
            -178.5167,
            89.98924
        ],
        [
            379.91827,
            -656.47797,
            269.76227,
            89.96275,
            -178.51715,
            89.9892
        ],
        [
            379.92505,
            -656.482,
            269.76352,
            89.96296,
            -178.51743,
            89.98929
        ],
        [
            379.98654,
            -656.5001,
            269.77686,
            89.96472,
            -178.51732,
            89.99019
        ],
        [
            380.202,
            -656.5345,
            269.7805,
            89.96702,
            -178.51813,
