{
    "CMD": 4001,
    "motion_trajectory": [
        [
            448.68903,
            -598.98975,
            272.1028,
            89.1301,
            -178.61035,
            89.99064
        ],
        [
            448.6893,
            -598.9898,
            272.1032,
            89.13018,
            -178.61034,
            89.99068
        ],
        [
            448.68985,
            -598.9894,
            272.10358,
            89.1302,
            -178.6103,
            89.99061
        ],
        [
            448.68915,
            -598.99005,
            272.1031,
            89.130104,
            -178.6103,
            89.990585
        ],
        [
            448.6893,
            -598.99,
            272.10318,
            89.13016,
            -178.61028,
            89.99057
        ],
        [
            448.68942,
            -598.9901,
            272.10406,
            89.13021,
            -178.61014,
            89.99062
        ],
        [
            448.6886,
            -598.99066,
            272.10385,
            89.130104,
            -178.61009,
            89.990555
        ],
        [
            448.6872,
            -598.99036,
            272.10306,
            89.1297,
            -178.61034,
            89.99148
        ],
        [
            448.68585,
            -598.99066,
            272.10123,
            89.12957,
            -178.61047,
            89.991455
        ],
        [
            448.6857,
            -598.99164,
            272.10266,
            89.12965,
            -178.61047,
            89.99135
        ],
        [
            448.68588,
            -598.9912,
            272.10226,
            89.12958,
            -178.61038,
            89.99141
        ],
        [
            448.6858,
            -598.99097,
            272.1014,
            89.12954,
            -178.61046,
            89.99141
        ],
        [
            448.6854,
            -598.991,
            272.10184,
            89.12959,
            -178.61034,
            89.99142
        ],
        [
            448.6862,
            -598.9913,
            272.10385,
            89.12971,
            -178.6104,
            89.99145
        ],
        [
            448.6847,
            -598.99286,
            272.11703,
            89.12971,
            -178.6113,
            89.99142
        ],
        [
            448.6812,
            -598.99695,
            272.1786,
            89.13024,
            -178.61334,
            89.99151
        ],
        [
            448.66425,
            -599.0155,
            272.4499,
            89.13265,
            -178.614,
            89.991806
        ],
        [
            448.65063,
            -599.0318,
            272.63968,
            89.13304,
            -178.61412,
            89.9908
        ],
        [
            448.6354,
            -599.05145,
            272.89362,
            89.13425,
            -178.6131,
            89.989685
        ],
        [
            448.61417,
            -599.0817,
            273.39655,
            89.13616,
            -178.6083,
            89.988594
        ],
        [
            448.6015,
            -599.1085,
            273.84964,
            89.13741,
            -178.6051,
            89.986374
        ],
        [
            448.5976,
            -599.1212,
            274.10223,
            89.136826,
            -178.60417,
            89.984474
        ],
        [
            448.59888,
            -599.1217,
            274.1643,
            89.13564,
            -178.60434,
            89.983765
        ],
        [
            448.602,
            -599.12024,
            274.1993,
            89.134056,
            -178.604,
            89.98314
        ],
        [
            448.60928,
            -599.1189,
            274.2238,
            89.13334,
            -178.60349,
            89.98209
        ],
        [
            448.6127,
            -599.1185,
            274.24103,
            89.13233,
            -178.60335,
            89.98095
        ],
        [
            448.61508,
            -599.116,
            274.24167,
            89.12979,
            -178.60428,
            89.979324
        ],
        [
            448.6167,
            -599.1129,
            274.23483,
            89.12799,
            -178.60506,
            89.97855
        ],
        [
            448.62244,
            -599.1043,
            274.22565,
            89.12521,
            -178.60588,
            89.97756
        ],
        [
            448.61456,
            -599.10754,
            274.22888,
            89.12449,
            -178.60626,
            89.977394
        ],
        [
            448.59564,
            -599.106,
            274.2323,
            89.12395,
            -178.60684,
            89.97702
        ],
        [
            448.5507,
            -599.0947,
            274.22882,
            89.12247,
            -178.60904,
            89.976654
        ],
        [
            448.46643,
            -599.0802,
            274.2227,
            89.120285,
            -178.6119,
            89.97675
        ],
        [
            448.2779,
            -599.0571,
            274.2206,
            89.11713,
            -178.61302,
            89.97905
        ],
        [
            447.63858,
            -599.06055,
            274.22156,
            89.11063,
            -178.60846,
            89.97941
        ],
        [
            446.90192,
            -599.0965,
            274.20587,
            89.1068,
            -178.6048,
            89.97653
        ],
        [
            445.7385,
            -599.1135,
            274.14957,
            89.099304,
            -178.6044,
            89.972115
        ],
        [
            444.669,
            -599.10724,
            274.06998,
            89.09613,
            -178.60602,
            89.97503
        ],
        [
            443.1354,
            -599.06586,
            273.99426,
            89.09511,
            -178.60782,
            89.97939
        ],
        [
            440.98145,
            -599.048,
            273.90488,
            89.09735,
            -178.60756,
            89.98288
        ],
        [
            438.8936,
            -599.02875,
            273.82816,
            89.10195,
            -178.60664,
            89.98881
        ],
        [
            436.5729,
            -599.0087,
            273.8047,
            89.10883,
            -178.60204,
            89.9968
        ],
        [
            434.05844,
            -599.0168,
            273.74924,
            89.11525,
            -178.59984,
            90.0002
        ],
        [
            430.78195,
            -599.00793,
            273.66968,
            89.12067,
            -178.60124,
            89.99935
        ],
        [
            427.74002,
            -598.9809,
            273.5367,
            89.12409,
            -178.61174,
            89.99747
        ],
        [
            424.4131,
            -598.9738,
            273.41367,
            89.12669,
            -178.61568,
            89.992355
        ],
        [
            420.85165,
            -598.9922,
            273.29788,
            89.128235,
            -178.61504,
            89.985825
        ],
        [
            417.18747,
            -599.0273,
            273.2176,
            89.131676,
            -178.61002,
            89.982704
        ],
        [
            414.17932,
            -599.0205,
            273.1366,
            89.13237,
            -178.60963,
            89.98536
        ],
        [
            412.3761,
            -599.0139,
            273.0843,
            89.13231,
            -178.60925,
            89.98743
        ],
        [
            408.2173,
            -599.0111,
            272.94254,
            89.12965,
            -178.60823,
