{
    "CMD": 4000,
    "motion_trajectory": [
        [
            448.8388,
            -541.4116,
            267.85428,
            89.97014,
            -178.56023,
            89.94988
        ],
        [
            448.8385,
            -541.41156,
            267.8533,
            89.97003,
            -178.56027,
            89.94985
        ],
        [
            448.83838,
            -541.41156,
            267.85434,
            89.97005,
            -178.56029,
            89.94991
        ],
        [
            448.83908,
            -541.41125,
            267.85474,
            89.97014,
            -178.56017,
            89.95
        ],
        [
            448.83902,
            -541.4116,
            267.85486,
            89.97009,
            -178.56009,
            89.94996
        ],
        [
            448.83893,
            -541.411,
            267.8534,
            89.97007,
            -178.56027,
            89.95
        ],
        [
            448.8387,
            -541.4112,
            267.85345,
            89.970024,
            -178.5602,
            89.95008
        ],
        [
            448.83664,
            -541.4114,
            267.8534,
            89.96983,
            -178.56026,
            89.951004
        ],
        [
            448.83322,
            -541.40894,
            267.85327,
            89.969795,
            -178.55981,
            89.95325
        ],
        [
            448.8328,
            -541.40753,
            267.85333,
            89.97011,
            -178.55984,
            89.95416
        ],
        [
            448.83298,
            -541.4074,
            267.85342,
            89.97006,
            -178.55975,
            89.9543
        ],
        [
            448.83286,
            -541.40717,
            267.8526,
            89.97002,
            -178.55972,
            89.9543
        ],
        [
            448.83316,
            -541.40735,
            267.85352,
            89.97011,
            -178.55978,
            89.95428
        ],
        [
            448.8328,
            -541.4078,
            267.85455,
            89.97004,
            -178.55986,
            89.95433
        ],
        [
            448.82822,
            -541.4109,
            267.8896,
            89.96989,
            -178.56018,
            89.9549
        ],
        [
            448.8121,
            -541.4259,
            268.04056,
            89.969505,
            -178.56337,
            89.9552
        ],
        [
            448.79904,
            -541.4394,
            268.18472,
            89.96968,
            -178.56418,
            89.955315
        ],
        [
            448.77124,
            -541.48425,
            268.70093,
            89.97193,
            -178.56168,
            89.95202
        ],
        [
            448.763,
            -541.5024,
            268.98972,
            89.973495,
            -178.5584,
            89.94998
        ],
        [
            448.7556,
            -541.54315,
            269.5844,
            89.97369,
            -178.55434,
            89.942085
        ],
        [
            448.76117,
            -541.55005,
            269.72342,
            89.97092,
            -178.55612,
            89.93895
        ],
        [
            448.7686,
            -541.5407,
            269.71463,
            89.96367,
            -178.5605,
            89.93721
        ],
        [
            448.7724,
            -541.53876,
            269.71033,
            89.96107,
            -178.56233,
            89.93572
        ],
        [
            448.7791,
            -541.53864,
            269.718,
            89.95882,
            -178.56348,
            89.93292
        ],
        [
            448.78146,
            -541.53406,
            269.70715,
            89.95591,
            -178.56456,
            89.93124
        ],
        [
            448.78244,
            -541.53046,
            269.69992,
            89.95403,
            -178.56525,
            89.9298
        ],
        [
            448.77878,
            -541.5342,
            269.70343,
            89.95327,
            -178.56506,
            89.92873
        ],
        [
            448.7511,
            -541.5319,
            269.7005,
            89.95177,
            -178.56607,
            89.92814
        ],
        [
            448.6963,
            -541.5173,
            269.694,
            89.94988,
            -178.56868,
            89.92773
        ],
        [
            448.43533,
            -541.47644,
            269.6942,
            89.947075,
            -178.5736,
            89.9284
        ],
        [
            447.78244,
            -541.45636,
            269.67566,
            89.94366,
            -178.57547,
            89.92798
        ],
        [
            446.78305,
            -541.4883,
            269.6157,
            89.93958,
            -178.57681,
            89.92338
        ],
        [
            445.79947,
            -541.51263,
            269.55722,
            89.937164,
            -178.57901,
            89.92206
        ],
        [
            444.36362,
            -541.49994,
            269.47308,
            89.933334,
            -178.58023,
            89.925446
        ],
        [
            442.71814,
            -541.484,
            269.43967,
            89.93596,
            -178.57338,
            89.93366
        ],
        [
            440.90002,
            -541.47156,
            269.3604,
            89.93883,
            -178.56792,
            89.942024
        ],
        [
            438.72668,
            -541.4802,
            269.25357,
            89.94199,
            -178.56245,
            89.94787
        ],
        [
            436.34436,
            -541.4707,
            269.16235,
            89.945625,
            -178.55927,
            89.952286
        ],
        [
            433.76627,
            -541.4452,
            269.07635,
            89.94936,
            -178.5587,
            89.953865
        ],
        [
            432.04916,
            -541.42957,
            269.03955,
            89.951935,
            -178.5559,
            89.951385
        ],
        [
            428.98795,
            -541.4157,
            268.9395,
            89.95619,
            -178.55252,
            89.94913
        ],
        [
            427.44208,
            -541.41785,
            268.88477,
            89.95805,
            -178.55219,
            89.94685
        ],
        [
            423.74277,
            -541.4243,
            268.75522,
            89.964645,
            -178.55113,
            89.93949
        ],
        [
            420.18622,
            -541.4276,
            268.6269,
            89.97439,
            -178.5572,
            89.93579
        ],
        [
            416.27115,
            -541.39655,
            268.50436,
            89.98523,
            -178.5652,
            89.93634
        ],
        [
            412.83487,
            -541.3697,
            268.4025,
            89.99449,
            -178.57028,
            89.939606
        ],
        [
            408.87387,
            -541.3845,
            268.21857,
            89.99652,
            -178.57597,
            89.93648
        ],
        [
            405.47064,
            -541.4178,
            268.09396,
            89.995735,
            -178.57324,
            89.93232
        ],
        [
            401.85297,
            -541.43994,
            267.95825,
            89.988335,
            -178.56987,
            89.926704
        ],
        [
            398.4807,
            -541.43134,
            267.8356,
            89.98527,
            -178.56549,
            89.93058
        ],
        [
            395.91992,
            -541.41656,
            267.72418,
            89.98198,
