{
    "CMD": 4002,
    "motion_trajectory": [
        [
            447.97964,
            -656.3694,
            267.93448,
            89.98023,
            -178.51035,
            90.00048
        ],
        [
            447.98026,
            -656.3693,
            267.93478,
            89.98025,
            -178.51025,
            90.00047
        ],
        [
            447.97897,
            -656.36993,
            267.9344,
            89.98018,
            -178.51027,
            90.00039
        ],
        [
            447.9795,
            -656.3695,
            267.9344,
            89.98019,
            -178.51027,
            90.00049
        ],
        [
            447.98035,
            -656.3692,
            267.93518,
            89.98029,
            -178.51027,
            90.00041
        ],
        [
            447.9793,
            -656.3696,
            267.93365,
            89.98011,
            -178.51028,
            90.00044
        ],
        [
            447.97852,
            -656.3703,
            267.9343,
            89.98005,
            -178.51036,
            90.000626
        ],
        [
            447.97488,
            -656.3708,
            267.93405,
            89.979256,
            -178.51367,
            90.00172
        ],
        [
            447.9744,
            -656.3701,
            267.93268,
            89.97912,
            -178.51407,
            90.002
        ],
        [
            447.9737,
            -656.37103,
            267.93307,
            89.97906,
            -178.51395,
            90.00191
        ],
        [
            447.97403,
            -656.37067,
            267.9333,
            89.979164,
            -178.51389,
            90.00201
        ],
        [
            447.97388,
            -656.3709,
            267.9338,
            89.97913,
            -178.51398,
            90.00195
        ],
        [
            447.97345,
            -656.37103,
            267.93637,
            89.97895,
            -178.51509,
            90.00208
        ],
        [
            447.97055,
            -656.3739,
            267.95938,
            89.9788,
            -178.51636,
            90.00195
        ],
        [
            447.9547,
            -656.38745,
            268.10587,
            89.977516,
            -178.51956,
            90.00259
        ],
        [
            447.93118,
            -656.4098,
            268.35892,
            89.97657,
            -178.51955,
            90.00325
        ],
        [
            447.91132,
            -656.4311,
            268.6932,
            89.97835,
            -178.51471,
            90.00344
        ],
        [
            447.89285,
            -656.4615,
            269.20227,
            89.98106,
            -178.50467,
            90.00081
        ],
        [
            447.8867,
            -656.48334,
            269.61807,
            89.98333,
            -178.498,
            89.9997
        ],
        [
            447.88342,
            -656.4916,
            269.83487,
            89.98227,
            -178.49619,
            89.99795
        ],
        [
            447.88016,
            -656.4895,
            269.89368,
            89.979065,
            -178.49756,
            89.99703
        ],
        [
            447.88,
            -656.49097,
            269.9106,
            89.977455,
            -178.4985,
            89.995766
        ],
        [
            447.87845,
            -656.4915,
            269.91245,
            89.97541,
            -178.50076,
            89.99386
        ],
        [
            447.87973,
            -656.48755,
            269.90546,
            89.974144,
            -178.5024,
            89.99288
        ],
        [
            447.8861,
            -656.48083,
            269.89658,
            89.972916,
            -178.50417,
            89.99164
        ],
        [
            447.89047,
            -656.4775,
            269.89343,
            89.97247,
            -178.50465,
            89.99107
        ],
        [
            447.88934,
            -656.4785,
            269.89465,
            89.97218,
            -178.50475,
            89.99068
        ],
        [
            447.87665,
            -656.47864,
            269.89578,
            89.9713,
            -178.5051,
            89.99039
        ],
        [
            447.82745,
            -656.46735,
            269.88837,
            89.9691,
            -178.50854,
            89.98961
        ],
        [
            447.64255,
            -656.4268,
            269.86365,
            89.9623,
            -178.51604,
            89.99051
        ],
        [
            447.45392,
            -656.4127,
            269.8554,
            89.95779,
            -178.51697,
            89.99031
        ],
        [
            447.11453,
            -656.41327,
            269.84756,
            89.952515,
            -178.51619,
            89.98987
        ],
        [
            446.5901,
            -656.4264,
            269.82098,
            89.94755,
            -178.51697,
            89.98732
        ],
        [
            445.99075,
            -656.4585,
            269.8445,
            89.946434,
            -178.5156,
            89.9836
        ],
        [
            444.92584,
            -656.478,
            269.84277,
            89.94456,
            -178.51472,
            89.98466
        ],
        [
            443.2697,
            -656.4881,
            269.88513,
            89.948074,
            -178.50597,
            89.986565
        ],
        [
            441.97177,
            -656.475,
            269.90012,
            89.95242,
            -178.50127,
            89.99218
        ],
        [
            440.72464,
            -656.45416,
            269.8675,
            89.95182,
            -178.50179,
            89.99398
        ],
        [
            439.76166,
            -656.44025,
            269.863,
            89.952965,
            -178.50409,
            89.99301
        ],
        [
            438.4727,
            -656.41644,
            269.8192,
            89.95302,
            -178.50926,
            89.99418
        ],
        [
            437.4257,
            -656.41473,
            269.8053,
            89.953316,
            -178.51207,
            89.99259
        ],
        [
            436.00037,
            -656.4044,
            269.8209,
            89.95466,
            -178.51117,
            89.99399
        ],
        [
            433.72873,
            -656.40985,
            269.82016,
            89.959366,
            -178.51416,
            89.99237
        ],
        [
            431.1277,
            -656.4116,
            269.86588,
            89.967316,
            -178.50996,
            89.995384
        ],
        [
            428.68967,
            -656.4106,
            269.8461,
            89.97015,
            -178.50874,
            90.000114
        ],
        [
            426.0218,
            -656.3901,
            269.82996,
            89.96998,
            -178.5117,
            90.003235
        ],
        [
            424.22293,
            -656.3747,
            269.8054,
            89.96987,
            -178.51236,
            90.00419
        ],
        [
            422.49536,
            -656.3645,
            269.80646,
            89.97138,
            -178.51054,
            90.004005
        ],
        [
            420.3931,
            -656.3677,
            269.79123,
            89.971016,
            -178.50778,
            90.0026
        ],
        [
            418.5527,
            -656.3858,
            269.78882,
            89.970924,
            -178.50693,
            90.000984
        ],
        [
            414.36392,
            -656.4244,
            269.7922,
            89.97153,
