{
    "CMD": 4000,
    "motion_trajectory": [
        [
            448.84085,
            -541.4112,
            267.8559,
            89.970535,
            -178.55913,
            89.95032
        ],
        [
            448.8407,
            -541.4109,
            267.854,
            89.97045,
            -178.55928,
            89.950325
        ],
        [
            448.84088,
            -541.411,
            267.85516,
            89.97052,
            -178.55928,
            89.95026
        ],
        [
            448.8407,
            -541.41077,
            267.8546,
            89.97051,
            -178.5593,
            89.950424
        ],
        [
            448.84088,
            -541.4108,
            267.85522,
            89.97056,
            -178.55928,
            89.950356
        ],
        [
            448.84058,
            -541.4105,
            267.85434,
            89.97049,
            -178.55939,
            89.950424
        ],
        [
            448.84033,
            -541.4111,
            267.85495,
            89.97051,
            -178.55933,
            89.95026
        ],
        [
            448.84048,
            -541.4111,
            267.85464,
            89.97044,
            -178.5592,
            89.95046
        ],
        [
            448.83765,
            -541.41095,
            267.85446,
            89.97039,
            -178.55995,
            89.95151
        ],
        [
            448.83725,
            -541.40405,
            267.85638,
            89.97152,
            -178.5646,
            89.955284
        ],
        [
            448.83737,
            -541.40326,
            267.857,
            89.971725,
            -178.56517,
            89.95579
        ],
        [
            448.83707,
            -541.4029,
            267.85614,
            89.97168,
            -178.56517,
            89.95591
        ],
        [
            448.83722,
            -541.4031,
            267.8562,
            89.97168,
            -178.56519,
            89.95579
        ],
        [
            448.83716,
            -541.4033,
            267.8558,
            89.97164,
            -178.56511,
            89.9558
        ],
        [
            448.83664,
            -541.40356,
            267.85605,
            89.97162,
            -178.56517,
            89.95571
        ],
        [
            448.83725,
            -541.4039,
            267.86194,
            89.97185,
            -178.56668,
            89.955765
        ],
        [
            448.83548,
            -541.40924,
            267.9334,
            89.97324,
            -178.57208,
            89.9552
        ],
        [
            448.82214,
            -541.43085,
            268.19492,
            89.97558,
            -178.57729,
            89.95383
        ],
        [
            448.80988,
            -541.44904,
            268.3948,
            89.97662,
            -178.57527,
            89.95185
        ],
        [
            448.795,
            -541.4774,
            268.7341,
            89.97755,
            -178.5718,
            89.949425
        ],
        [
            448.77734,
            -541.509,
            269.1854,
            89.97716,
            -178.56557,
            89.94484
        ],
        [
            448.76675,
            -541.54,
            269.64703,
            89.97441,
            -178.56131,
            89.938354
        ],
        [
            448.76987,
            -541.54364,
            269.70834,
            89.97291,
            -178.56157,
            89.936844
        ],
        [
            448.77463,
            -541.5413,
            269.72562,
            89.96883,
            -178.56332,
            89.93572
        ],
        [
            448.7741,
            -541.5312,
            269.70126,
            89.96204,
            -178.56683,
            89.93469
        ],
        [
            448.77634,
            -541.5308,
            269.70312,
            89.959236,
            -178.56645,
            89.93348
        ],
        [
            448.77945,
            -541.5293,
            269.70395,
            89.95603,
            -178.5657,
            89.93176
        ],
        [
            448.77917,
            -541.5216,
            269.689,
            89.952866,
            -178.56673,
            89.930176
        ],
        [
            448.7802,
            -541.5209,
            269.68765,
            89.95206,
            -178.56688,
            89.929054
        ],
        [
            448.77344,
            -541.5225,
            269.69296,
            89.95175,
            -178.5667,
            89.928986
        ],
        [
            448.7513,
            -541.5155,
            269.69006,
            89.95054,
            -178.56769,
            89.92877
        ],
        [
            448.7131,
            -541.50287,
            269.68515,
            89.94931,
            -178.5701,
            89.92874
        ],
        [
            448.50772,
            -541.463,
            269.6801,
            89.94639,
            -178.57625,
            89.9293
        ],
        [
            447.93008,
            -541.4262,
            269.65536,
            89.94249,
            -178.57944,
            89.93015
        ],
        [
            447.08118,
            -541.4466,
            269.61404,
            89.93891,
            -178.58072,
            89.926346
        ],
        [
            445.905,
            -541.48846,
            269.53094,
            89.935875,
            -178.58232,
            89.92408
        ],
        [
            444.49655,
            -541.47284,
            269.44232,
            89.93123,
            -178.58394,
            89.9269
        ],
        [
            442.86154,
            -541.46375,
            269.40195,
            89.93299,
            -178.57678,
            89.9345
        ],
        [
            441.07654,
            -541.44794,
            269.33084,
            89.9351,
            -178.57074,
            89.94335
        ],
        [
            438.98526,
            -541.4581,
            269.24023,
            89.93939,
            -178.56476,
            89.9488
        ],
        [
            436.50635,
            -541.4503,
            269.13596,
            89.94308,
            -178.56284,
            89.952965
        ],
        [
            433.96722,
            -541.43256,
            269.06512,
            89.947464,
            -178.56107,
            89.9541
        ],
        [
            431.17648,
            -541.40906,
            269.00937,
            89.952194,
            -178.55653,
            89.95193
        ],
        [
            428.1898,
            -541.40405,
            268.91284,
            89.956276,
            -178.55307,
            89.948654
        ],
        [
            424.7413,
            -541.4207,
            268.7967,
            89.96163,
            -178.55133,
            89.94022
        ],
        [
            421.45667,
            -541.42865,
            268.6754,
            89.969475,
            -178.55437,
            89.93544
        ],
        [
            416.45807,
            -541.38367,
            268.52597,
            89.98475,
            -178.56447,
            89.93774
        ],
        [
            412.93146,
            -541.3601,
            268.40823,
            89.99367,
            -178.56993,
            89.94
        ],
        [
            410.58728,
            -541.36035,
            268.3162,
            89.996284,
            -178.57426,
            89.93851
        ],
        [
            406.43234,
            -541.4058,
            268.12878,
            89.99594,
            -178.57423,
            89.93444
        ],
        [
            402.96286,
            -541.42773,
            267.99377,
            89.989975,
