{
    "CMD": 3011,
    "motion_trajectory": [
        [
            350.00006,
            -541.3799,
            267.10022,
            89.98005,
            -178.55003,
            89.949936
        ],
        [
            350.0005,
            -541.3796,
            267.09973,
            89.980034,
            -178.55002,
            89.94998
        ],
        [
            349.99997,
            -541.38007,
            267.09988,
            89.98003,
            -178.55002,
            89.95001
        ],
        [
            349.9998,
            -541.38007,
            267.09976,
            89.97998,
            -178.54999,
            89.950035
        ],
        [
            350.0002,
            -541.3794,
            267.09988,
            89.97999,
            -178.55005,
            89.950005
        ],
        [
            350.0003,
            -541.37964,
            267.10013,
            89.98,
            -178.55006,
            89.950005
        ],
        [
            349.99997,
            -541.38,
            267.10043,
            89.980064,
            -178.54997,
            89.95006
        ],
        [
            350.0005,
            -541.3801,
            267.09985,
            89.98,
            -178.55002,
            89.94996
        ],
        [
            349.9986,
            -541.38,
            267.10086,
            89.98015,
            -178.5509,
            89.95102
        ],
        [
            349.99847,
            -541.3803,
            267.09995,
            89.98006,
            -178.55125,
            89.951
        ],
        [
            349.99866,
            -541.3798,
            267.10022,
            89.98013,
            -178.55139,
            89.95095
        ],
        [
            349.99823,
            -541.3804,
            267.10062,
            89.98016,
            -178.55135,
            89.95097
        ],
        [
            349.9983,
            -541.37964,
            267.10007,
            89.98009,
            -178.55157,
            89.951096
        ],
        [
            349.99997,
            -541.38086,
            267.10117,
            89.98019,
            -178.5516,
            89.951065
        ],
        [
            350.00577,
            -541.38324,
            267.10486,
            89.98042,
            -178.55174,
            89.951195
        ],
        [
            350.0301,
            -541.3877,
            267.115,
            89.98091,
            -178.5513,
            89.95203
        ],
        [
            350.08618,
            -541.3929,
            267.12894,
            89.98121,
            -178.54999,
            89.95348
        ],
        [
            350.19717,
            -541.3967,
            267.1444,
            89.98029,
            -178.54755,
            89.95488
        ],
        [
            350.46814,
            -541.3897,
            267.1727,
            89.977684,
            -178.54362,
            89.95887
        ],
        [
            350.95294,
            -541.37476,
            267.2039,
            89.97429,
            -178.53874,
            89.96367
        ],
        [
            351.81882,
            -541.3408,
            267.20807,
            89.9703,
            -178.53822,
            89.97083
        ],
        [
            352.36093,
            -541.3336,
            267.20462,
            89.967735,
            -178.53659,
            89.97206
        ],
        [
            353.1536,
            -541.35077,
            267.1948,
            89.96485,
            -178.53621,
            89.968445
        ],
        [
            354.14426,
            -541.3768,
            267.21246,
            89.96421,
            -178.53386,
            89.96548
        ],
        [
            354.773,
            -541.3926,
            267.22546,
            89.964165,
            -178.53377,
            89.96289
        ],
        [
            356.20172,
            -541.4251,
            267.26245,
            89.96383,
            -178.53453,
            89.957436
        ],
        [
            357.68997,
            -541.4515,
            267.31546,
            89.965805,
            -178.53694,
            89.952484
        ],
        [
            360.02728,
            -541.45966,
            267.37064,
            89.967995,
            -178.54529,
            89.94357
        ],
        [
            362.43137,
            -541.4527,
            267.46924,
            89.96936,
            -178.54718,
            89.93685
        ],
        [
            365.0609,
            -541.4539,
            267.57092,
            89.971146,
            -178.54796,
            89.93333
        ],
        [
            366.23938,
            -541.45624,
            267.60052,
            89.9711,
            -178.54808,
            89.932655
        ],
        [
            367.96588,
            -541.4534,
            267.632,
            89.97155,
            -178.54976,
            89.93343
        ],
        [
            371.0675,
            -541.4426,
            267.69116,
            89.97218,
            -178.55666,
            89.93556
        ],
        [
            374.3396,
            -541.4348,
            267.7995,
            89.9775,
            -178.55672,
            89.94014
        ],
        [
            376.07162,
            -541.4498,
            267.8358,
            89.977585,
            -178.55457,
            89.94141
        ],
        [
            377.71558,
            -541.46014,
            267.88034,
            89.97702,
            -178.55359,
            89.94202
        ],
        [
            379.56143,
            -541.461,
            267.94293,
            89.9757,
            -178.55292,
            89.94177
        ],
        [
            381.57513,
            -541.45276,
            267.9875,
            89.97215,
            -178.55418,
            89.94001
        ],
        [
            383.74448,
            -541.4581,
            268.02982,
            89.96968,
            -178.55469,
            89.93525
        ],
        [
            385.69363,
            -541.46545,
            268.0909,
            89.96989,
            -178.55267,
            89.932755
        ],
        [
            387.73203,
            -541.46875,
            268.14536,
            89.96959,
            -178.5511,
            89.930954
        ],
        [
            389.8914,
            -541.45935,
            268.18018,
            89.96865,
            -178.55363,
            89.93145
        ],
        [
            392.38287,
            -541.4534,
            268.2235,
            89.96791,
            -178.55658,
            89.933365
        ],
        [
            397.39572,
            -541.445,
            268.33237,
            89.96729,
            -178.55644,
            89.94062
        ],
        [
            401.38968,
            -541.4385,
            268.4212,
            89.96556,
            -178.5566,
            89.94146
        ],
        [
            405.16788,
            -541.43585,
            268.51437,
            89.96327,
            -178.56071,
            89.93637
        ],
        [
            407.1154,
            -541.4337,
            268.58353,
            89.96328,
            -178.56012,
            89.93494
        ],
        [
            409.31683,
            -541.4242,
            268.63205,
            89.9623,
            -178.56184,
            89.9356
        ],
        [
            411.4692,
            -541.4124,
            268.66516,
            89.960724,
            -178.56682,
            89.93654
        ],
        [
            413.63742,
            -541.40906,
            268.74155,
            89.96192,
            -178.5682,
            89.93682
        ],
        [
            415.68527,
            -541.4118,
            268.81696,
            89.96292,
