{
    "CMD": 3002,
    "motion_trajectory": [
        [
            380.00223,
            -541.37836,
            267.09665,
            89.98004,
            -178.5507,
            89.94995
        ],
        [
            380.00244,
            -541.37897,
            267.0976,
            89.98007,
            -178.55058,
            89.9499
        ],
        [
            380.00305,
            -541.37854,
            267.09775,
            89.98014,
            -178.55049,
            89.94997
        ],
        [
            380.00244,
            -541.37897,
            267.0981,
            89.980095,
            -178.55054,
            89.9499
        ],
        [
            380.00266,
            -541.3781,
            267.09717,
            89.98006,
            -178.55061,
            89.94999
        ],
        [
            380.00253,
            -541.3791,
            267.09787,
            89.98011,
            -178.55048,
            89.94994
        ],
        [
            380.00272,
            -541.3791,
            267.09744,
            89.98012,
            -178.55054,
            89.949875
        ],
        [
            380.00262,
            -541.37885,
            267.09775,
            89.98014,
            -178.55054,
            89.94993
        ],
        [
            380.0028,
            -541.3789,
            267.09824,
            89.980064,
            -178.55037,
            89.94996
        ],
        [
            380.00256,
            -541.3843,
            267.10114,
            89.98029,
            -178.55171,
            89.95041
        ],
        [
            380.01114,
            -541.4085,
            267.11984,
            89.98166,
            -178.55376,
            89.95051
        ],
        [
            380.02103,
            -541.4456,
            267.13834,
            89.98306,
            -178.55405,
            89.950714
        ],
        [
            380.0691,
            -541.6408,
            267.21243,
            89.988174,
            -178.55374,
            89.952286
        ],
        [
            380.09268,
            -541.8255,
            267.25055,
            89.987785,
            -178.55357,
            89.95542
        ],
        [
            380.13828,
            -542.4008,
            267.31027,
            89.98131,
            -178.55359,
            89.9644
        ],
        [
            380.16174,
            -542.86365,
            267.35995,
            89.97464,
            -178.55228,
            89.96957
        ],
        [
            380.18445,
            -544.0266,
            267.43497,
            89.958336,
            -178.55682,
            89.97542
        ],
        [
            380.18677,
            -545.3411,
            267.56097,
            89.9391,
            -178.55632,
            89.978775
        ],
        [
            380.1583,
            -546.93677,
            267.71103,
            89.91758,
            -178.5543,
            89.97669
        ],
        [
            380.14215,
            -547.7961,
            267.78387,
            89.90489,
            -178.5526,
            89.97576
        ],
        [
            380.107,
            -548.9438,
            267.85223,
            89.8834,
            -178.55305,
            89.97482
        ],
        [
            380.07806,
            -551.0111,
            268.0241,
            89.85065,
            -178.55792,
            89.972725
        ],
        [
            380.0456,
            -552.6497,
            268.14273,
            89.81935,
            -178.55911,
            89.97472
        ],
        [
            380.0321,
            -555.1035,
            268.33145,
            89.779495,
            -178.56451,
            89.97599
        ],
        [
            380.0252,
            -556.5797,
            268.46674,
            89.75693,
            -178.5635,
            89.975685
        ],
        [
            380.02405,
            -557.9989,
            268.57007,
            89.73423,
            -178.56445,
            89.976135
        ],
        [
            380.02744,
            -560.9895,
            268.85934,
            89.69137,
            -178.5637,
            89.97441
        ],
        [
            380.02512,
            -562.6811,
            269.03003,
            89.667404,
            -178.56247,
            89.97336
        ],
        [
            380.0303,
            -564.40607,
            269.2085,
            89.64251,
            -178.56172,
            89.972496
        ],
        [
            380.02118,
            -566.0207,
            269.34137,
            89.61703,
            -178.56471,
            89.972404
        ],
        [
            380.02872,
            -570.175,
            269.66498,
            89.55721,
            -178.5763,
            89.96986
        ],
        [
            380.02396,
            -573.48627,
            269.95474,
            89.51304,
            -178.57796,
            89.96741
        ],
        [
            380.01404,
            -575.26556,
            270.07016,
            89.48387,
            -178.58058,
            89.96955
        ],
        [
            380.01154,
            -578.68835,
            270.3016,
            89.428406,
            -178.58995,
            89.97458
        ],
        [
            379.96835,
            -582.15027,
            270.60883,
            89.37606,
            -178.59511,
            89.97673
        ],
        [
            379.9556,
            -584.81537,
            270.84695,
            89.33708,
            -178.59413,
            89.97787
        ],
        [
            379.95453,
            -587.5721,
            271.11377,
            89.29696,
            -178.59224,
            89.980255
        ],
        [
            379.95126,
            -588.70245,
            271.213,
            89.280876,
            -178.59218,
            89.98037
        ],
        [
            379.9477,
            -590.28,
            271.33002,
            89.25569,
            -178.597,
            89.98187
        ],
        [
            379.95474,
            -592.0857,
            271.46115,
            89.228195,
            -178.60356,
            89.98315
        ],
        [
            379.96655,
            -593.881,
            271.58157,
            89.201,
            -178.6125,
            89.98438
        ],
        [
            379.97653,
            -595.4282,
            271.69815,
            89.17943,
            -178.61772,
            89.9838
        ],
        [
            379.98062,
            -596.514,
            271.79108,
            89.164474,
            -178.61612,
            89.98383
        ],
        [
            379.9855,
            -597.4922,
            271.88205,
            89.152794,
            -178.61331,
            89.982635
        ],
        [
            379.98868,
            -598.28723,
            271.94653,
            89.141785,
            -178.61438,
            89.98369
        ],
        [
            379.9697,
            -598.7812,
            271.9826,
            89.13166,
            -178.61708,
            89.98451
        ],
        [
            379.93466,
            -598.9956,
            271.98996,
            89.124916,
            -178.61714,
            89.98418
        ],
        [
            379.9215,
            -599.0379,
            271.97897,
            89.1222,
            -178.61932,
            89.98419
        ],
        [
            379.91586,
            -599.0411,
            271.9731,
            89.12062,
            -178.61978,
            89.98467
        ],
        [
            379.91736,
            -599.0418,
            271.97464,
            89.12071,
            -178.61958,
            89.98471
        ],
        [
            379.9184,
            -599.04224,
            271.97577,
            89.12072,
