{
    "CMD": 3013,
    "motion_trajectory": [
        [
            380.00037,
            -656.42975,
            269.8488,
            89.96984,
            -178.51015,
            89.98996
        ],
        [
            379.99976,
            -656.43024,
            269.84836,
            89.969795,
            -178.50996,
            89.99001
        ],
        [
            379.99982,
            -656.43054,
            269.84863,
            89.9698,
            -178.50998,
            89.98996
        ],
        [
            380.00027,
            -656.4301,
            269.84894,
            89.9698,
            -178.50992,
            89.990005
        ],
        [
            379.99966,
            -656.4308,
            269.85004,
            89.96993,
            -178.50993,
            89.9899
        ],
        [
            380.00003,
            -656.43005,
            269.84827,
            89.96987,
            -178.5101,
            89.98991
        ],
        [
            379.9996,
            -656.4305,
            269.84915,
            89.96991,
            -178.5099,
            89.98995
        ],
        [
            379.99927,
            -656.43024,
            269.84894,
            89.96971,
            -178.5104,
            89.99048
        ],
        [
            379.99756,
            -656.43207,
            269.85107,
            89.96957,
            -178.51146,
            89.99099
        ],
        [
            379.99527,
            -656.43335,
            269.8511,
            89.96907,
            -178.51187,
            89.99104
        ],
        [
            379.9949,
            -656.4333,
            269.85034,
            89.96897,
            -178.51187,
            89.99117
        ],
        [
            379.995,
            -656.4336,
            269.8512,
            89.968994,
            -178.51173,
            89.99112
        ],
        [
            379.99463,
            -656.4336,
            269.851,
            89.9689,
            -178.5117,
            89.99119
        ],
        [
            379.99548,
            -656.4342,
            269.8509,
            89.96879,
            -178.51167,
            89.9912
        ],
        [
            380.0495,
            -656.44257,
            269.87238,
            89.9703,
            -178.51277,
            89.99254
        ],
        [
            380.1571,
            -656.4442,
            269.89554,
            89.971695,
            -178.51295,
            89.99383
        ],
        [
            380.50998,
            -656.42914,
            269.91788,
            89.97167,
            -178.50925,
            89.99662
        ],
        [
            380.91113,
            -656.4227,
            269.91864,
            89.9731,
            -178.50911,
            89.99855
        ],
        [
            381.92786,
            -656.3991,
            269.886,
            89.973015,
            -178.51068,
            90.00222
        ],
        [
            383.37723,
            -656.3968,
            269.86526,
            89.97458,
            -178.51175,
            90.00029
        ],
        [
            384.5832,
            -656.4141,
            269.86673,
            89.97539,
            -178.51265,
            89.99629
        ],
        [
            386.4707,
            -656.4447,
            269.88922,
            89.975464,
            -178.51122,
            89.98972
        ],
        [
            388.42734,
            -656.47675,
            269.90186,
            89.97452,
            -178.5084,
            89.98431
        ],
        [
            390.70087,
            -656.4904,
            269.93008,
            89.974205,
            -178.50552,
            89.97959
        ],
        [
            392.9868,
            -656.50366,
            269.94974,
            89.97578,
            -178.50212,
            89.97594
        ],
        [
            395.7751,
            -656.506,
            269.96304,
            89.9765,
            -178.50084,
            89.97313
        ],
        [
            398.5856,
            -656.4939,
            269.96298,
            89.97711,
            -178.50433,
            89.97436
        ],
        [
            402.08948,
            -656.47845,
            269.99402,
            89.97883,
            -178.50365,
            89.97952
        ],
        [
            405.33594,
            -656.4946,
            269.95425,
            89.978294,
            -178.5056,
            89.983376
        ],
        [
            409.07605,
            -656.4683,
            269.9297,
            89.97903,
            -178.51147,
            89.99056
        ],
        [
            412.80234,
            -656.4503,
            269.90015,
            89.97551,
            -178.51447,
            89.98968
        ],
        [
            416.17395,
            -656.4448,
            269.87595,
            89.97328,
            -178.51341,
            89.985886
        ],
        [
            420.7295,
            -656.44183,
            269.82785,
            89.971436,
            -178.51219,
            89.98608
        ],
        [
            424.0022,
            -656.4244,
            269.81143,
            89.96965,
            -178.5107,
            89.98716
        ],
        [
            426.03452,
            -656.4197,
            269.83575,
            89.970894,
            -178.50948,
            89.98929
        ],
        [
            427.4812,
            -656.40985,
            269.85712,
            89.9705,
            -178.5076,
            89.99221
        ],
        [
            430.84784,
            -656.4015,
            269.88425,
            89.971596,
            -178.5043,
            90.000305
        ],
        [
            433.72772,
            -656.38055,
            269.88168,
            89.97186,
            -178.50708,
            90.00141
        ],
        [
            436.1365,
            -656.3797,
            269.8498,
            89.96911,
            -178.51207,
            89.997185
        ],
        [
            437.4898,
            -656.3781,
            269.84885,
            89.96733,
            -178.512,
            89.99646
        ],
        [
            438.73474,
            -656.3832,
            269.83493,
            89.96651,
            -178.51453,
            89.99388
        ],
        [
            440.8923,
            -656.3877,
            269.77185,
            89.96504,
            -178.51964,
            89.990616
        ],
        [
            442.68234,
            -656.3823,
            269.74686,
            89.963646,
            -178.51726,
            89.9921
        ],
        [
            444.15613,
            -656.392,
            269.7653,
            89.965935,
            -178.51416,
            89.992134
        ],
        [
            445.3717,
            -656.3913,
            269.77444,
            89.96722,
            -178.5128,
            89.99329
        ],
        [
            446.43024,
            -656.3833,
            269.7776,
            89.96643,
            -178.51239,
            89.99667
        ],
        [
            447.18756,
            -656.3523,
            269.74896,
            89.96587,
            -178.515,
            90.00007
        ],
        [
            447.69388,
            -656.329,
            269.73544,
            89.96471,
            -178.51463,
            90.002754
        ],
        [
            447.98294,
            -656.3153,
            269.7462,
            89.964516,
            -178.51361,
            90.005066
        ],
        [
            448.05417,
            -656.3213,
            269.75674,
            89.96425,
            -178.51373,
            90.00405
        ],
        [
            448.0635,
            -656.32513,
            269.75406,
            89.96379,
            -178.51466,
