{
    "CMD": 4001,
    "motion_trajectory": [
        [
            448.66132,
            -598.9826,
            272.06348,
            89.12305,
            -178.61154,
            89.9917
        ],
        [
            448.6609,
            -598.98254,
            272.063,
            89.12299,
            -178.61151,
            89.99157
        ],
        [
            448.66132,
            -598.9825,
            272.0629,
            89.12309,
            -178.61151,
            89.9916
        ],
        [
            448.6618,
            -598.98236,
            272.06345,
            89.12309,
            -178.61147,
            89.99154
        ],
        [
            448.66153,
            -598.9821,
            272.06308,
            89.12304,
            -178.61143,
            89.9916
        ],
        [
            448.66153,
            -598.9821,
            272.06308,
            89.12304,
            -178.61143,
            89.99149
        ],
        [
            448.66153,
            -598.9821,
            272.0625,
            89.12302,
            -178.61142,
            89.9916
        ],
        [
            448.66144,
            -598.98236,
            272.06268,
            89.12299,
            -178.6114,
            89.991615
        ],
        [
            448.66125,
            -598.9824,
            272.06198,
            89.122925,
            -178.61137,
            89.99162
        ],
        [
            448.66104,
            -598.9825,
            272.0625,
            89.12302,
            -178.61147,
            89.991554
        ],
        [
            448.66147,
            -598.9823,
            272.0633,
            89.123024,
            -178.61131,
            89.99167
        ],
        [
            448.66107,
            -598.9829,
            272.06296,
            89.12301,
            -178.61137,
            89.99157
        ],
        [
            448.6531,
            -598.98096,
            272.0602,
            89.121475,
            -178.61057,
            89.995636
        ],
        [
            448.65305,
            -598.98083,
            272.06107,
            89.12152,
            -178.61052,
            89.99586
        ],
        [
            448.6537,
            -598.98126,
            272.0621,
            89.12167,
            -178.61046,
            89.99583
        ],
        [
            448.6533,
            -598.98126,
            272.06195,
            89.12171,
            -178.61047,
            89.99583
        ],
        [
            448.65363,
            -598.9813,
            272.06293,
            89.1217,
            -178.61035,
            89.99595
        ],
        [
            448.65332,
            -598.9818,
            272.063,
            89.12172,
            -178.61055,
            89.99583
        ],
        [
            448.6541,
            -598.9812,
            272.06204,
            89.12178,
            -178.6105,
            89.99586
        ],
        [
            448.65396,
            -598.9814,
            272.0625,
            89.12174,
            -178.61038,
            89.99582
        ],
        [
            448.6539,
            -598.9816,
            272.0624,
            89.12185,
            -178.61044,
            89.995804
        ],
        [
            448.65417,
            -598.98193,
            272.06274,
            89.121895,
            -178.61043,
            89.99569
        ],
        [
            448.65442,
            -598.98157,
            272.0633,
            89.122,
            -178.61047,
            89.99571
        ],
        [
            448.6543,
            -598.9813,
            272.06268,
            89.121826,
            -178.61044,
            89.99574
        ],
        [
            448.6543,
            -598.9817,
            272.06638,
            89.12193,
            -178.61073,
            89.99574
        ],
        [
            448.65375,
            -598.98303,
            272.08096,
            89.12223,
            -178.61113,
            89.99572
        ],
        [
            448.64383,
            -598.9927,
            272.20718,
            89.12305,
            -178.61206,
            89.995766
        ],
        [
            448.63525,
            -599.00214,
            272.33417,
            89.12386,
            -178.61246,
            89.9957
        ],
        [
            448.62332,
            -599.01624,
            272.51923,
            89.12508,
            -178.6123,
            89.995316
        ],
        [
            448.6112,
            -599.03357,
            272.71774,
            89.126015,
            -178.612,
            89.993744
        ],
        [
            448.59946,
            -599.0523,
            272.99762,
            89.12843,
            -178.60992,
            89.99231
        ],
        [
            448.58435,
            -599.08167,
            273.49982,
            89.131775,
            -178.60568,
            89.9903
        ],
        [
            448.58224,
            -599.1017,
            273.87317,
            89.13339,
            -178.60497,
            89.98767
        ],
        [
            448.58194,
            -599.1067,
            273.98553,
            89.133705,
            -178.60437,
            89.986626
        ],
        [
            448.5846,
            -599.1103,
            274.08813,
            89.133606,
            -178.60443,
            89.98537
        ],
        [
            448.58774,
            -599.10956,
            274.14673,
            89.13252,
            -178.60487,
            89.98441
        ],
        [
            448.5892,
            -599.10876,
            274.1701,
            89.13091,
            -178.60521,
            89.98359
        ],
        [
            448.5926,
            -599.1093,
            274.19522,
            89.12972,
            -178.60492,
            89.982475
        ],
        [
            448.59494,
            -599.10846,
            274.20837,
            89.12894,
            -178.60487,
            89.981735
        ],
        [
            448.59735,
            -599.1078,
            274.216,
            89.12809,
            -178.60527,
            89.98075
        ],
        [
            448.6046,
            -599.0986,
            274.2061,
            89.12532,
            -178.6076,
            89.97863
        ],
        [
            448.60974,
            -599.0911,
            274.19943,
            89.12367,
            -178.60847,
            89.97787
        ],
        [
            448.61115,
            -599.0871,
            274.1941,
            89.1228,
            -178.60909,
            89.9774
        ],
        [
            448.6079,
            -599.0886,
            274.19452,
            89.12207,
            -178.60916,
            89.9772
        ],
        [
            448.60004,
            -599.08905,
            274.19418,
            89.12115,
            -178.60901,
            89.97719
        ],
        [
            448.5859,
            -599.0848,
            274.19354,
            89.1204,
            -178.60983,
            89.97707
        ],
        [
            448.54822,
            -599.07385,
            274.18945,
            89.118935,
            -178.6121,
            89.97673
        ],
        [
            448.34265,
            -599.0366,
            274.17184,
            89.11382,
            -178.61925,
            89.97785
        ],
        [
            448.11224,
            -599.00916,
            274.17667,
            89.11063,
            -178.62,
            89.98108
        ],
        [
            447.8005,
            -599.008,
            274.17807,
            89.10729,
            -178.61827,
            89.980934
        ],
        [
            447.42322,
            -599.01685,
            274.16232,
            89.10424,
