{
    "CMD": 3002,
    "motion_trajectory": [
        [
            380.00275,
            -541.3779,
            267.09702,
            89.980064,
            -178.55072,
            89.94992
        ],
        [
            380.00238,
            -541.37787,
            267.09692,
            89.98011,
            -178.55078,
            89.949905
        ],
        [
            380.0024,
            -541.3785,
            267.09723,
            89.98008,
            -178.55063,
            89.949875
        ],
        [
            380.00253,
            -541.3788,
            267.09796,
            89.980095,
            -178.55054,
            89.94983
        ],
        [
            380.00244,
            -541.37854,
            267.09827,
            89.98012,
            -178.55054,
            89.949875
        ],
        [
            380.0026,
            -541.3785,
            267.09787,
            89.98015,
            -178.55066,
            89.94985
        ],
        [
            380.0026,
            -541.3785,
            267.09787,
            89.98015,
            -178.55066,
            89.94985
        ],
        [
            380.00262,
            -541.37885,
            267.0988,
            89.98018,
            -178.55046,
            89.94992
        ],
        [
            380.00278,
            -541.38635,
            267.1028,
            89.98029,
            -178.55301,
            89.95054
        ],
        [
            380.00696,
            -541.39777,
            267.1096,
            89.98084,
            -178.55437,
            89.95062
        ],
        [
            380.0316,
            -541.4901,
            267.1452,
            89.98353,
            -178.55602,
            89.95122
        ],
        [
            380.0745,
            -541.75055,
            267.21652,
            89.98517,
            -178.55544,
            89.955215
        ],
        [
            380.1031,
            -542.04834,
            267.25754,
            89.98306,
            -178.55562,
            89.95981
        ],
        [
            380.1266,
            -542.374,
            267.28372,
            89.97919,
            -178.55582,
            89.96432
        ],
        [
            380.17514,
            -543.85535,
            267.40274,
            89.95884,
            -178.55843,
            89.974236
        ],
        [
            380.1774,
            -544.97485,
            267.51306,
            89.94235,
            -178.55637,
            89.9786
        ],
        [
            380.16574,
            -546.18884,
            267.62955,
            89.92651,
            -178.55598,
            89.97764
        ],
        [
            380.14124,
            -547.47784,
            267.72867,
            89.90814,
            -178.5546,
            89.97522
        ],
        [
            380.09506,
            -549.2813,
            267.8569,
            89.87735,
            -178.55551,
            89.97367
        ],
        [
            380.06418,
            -551.50726,
            268.04105,
            89.84026,
            -178.5592,
            89.97354
        ],
        [
            380.04034,
            -553.1991,
            268.17984,
            89.809715,
            -178.56013,
            89.97604
        ],
        [
            380.0374,
            -555.1879,
            268.34665,
            89.77941,
            -178.56296,
            89.9764
        ],
        [
            380.03302,
            -557.47723,
            268.53357,
            89.74416,
            -178.56535,
            89.976685
        ],
        [
            380.03,
            -559.0858,
            268.65787,
            89.719406,
            -178.56662,
            89.97647
        ],
        [
            380.01895,
            -562.1216,
            268.96124,
            89.67476,
            -178.56223,
            89.974754
        ],
        [
            380.0257,
            -564.01807,
            269.15723,
            89.649086,
            -178.56235,
            89.97249
        ],
        [
            380.01553,
            -565.52325,
            269.28735,
            89.62521,
            -178.56393,
            89.97235
        ],
        [
            380.0218,
            -571.0596,
            269.71127,
            89.543304,
            -178.58046,
            89.97004
        ],
        [
            380.02118,
            -573.51196,
            269.93546,
            89.511604,
            -178.57915,
            89.967834
        ],
        [
            380.02667,
            -576.7321,
            270.15488,
            89.46294,
            -178.58667,
            89.97018
        ],
        [
            380.0041,
            -580.17377,
            270.4422,
            89.40589,
            -178.59181,
            89.97583
        ],
        [
            379.97012,
            -582.91785,
            270.68576,
            89.36552,
            -178.59518,
            89.976555
        ],
        [
            379.96643,
            -584.62103,
            270.84027,
            89.33998,
            -178.59358,
            89.9779
        ],
        [
            379.9588,
            -586.1001,
            270.96613,
            89.31894,
            -178.59474,
            89.978455
        ],
        [
            379.95496,
            -587.72217,
            271.13467,
            89.29439,
            -178.59177,
            89.98019
        ],
        [
            379.94528,
            -589.41846,
            271.2672,
            89.26986,
            -178.59616,
            89.97997
        ],
        [
            379.95343,
            -590.6498,
            271.36438,
            89.25065,
            -178.59874,
            89.98186
        ],
        [
            379.95596,
            -591.9095,
            271.45218,
            89.23086,
            -178.60269,
            89.983086
        ],
        [
            379.95694,
            -592.7385,
            271.50345,
            89.21852,
            -178.60762,
            89.98295
        ],
        [
            379.96518,
            -593.6339,
            271.57974,
            89.20578,
            -178.61017,
            89.98379
        ],
        [
            379.9677,
            -595.2251,
            271.6736,
            89.18135,
            -178.61813,
            89.98398
        ],
        [
            379.97708,
            -596.45624,
            271.78293,
            89.164696,
            -178.61646,
            89.984215
        ],
        [
            379.98196,
            -597.4264,
            271.87045,
            89.152145,
            -178.61423,
            89.9835
        ],
        [
            379.98633,
            -598.17957,
            271.92664,
            89.142334,
            -178.61601,
            89.98329
        ],
        [
            379.98138,
            -598.6622,
            271.97067,
            89.13398,
            -178.61726,
            89.98444
        ],
        [
            379.95938,
            -598.92523,
            272.00656,
            89.12868,
            -178.6162,
            89.98439
        ],
        [
            379.93488,
            -599.0233,
            272.00177,
            89.12426,
            -178.61763,
            89.98421
        ],
        [
            379.92456,
            -599.03925,
            271.98752,
            89.12163,
            -178.62012,
            89.984634
        ],
        [
            379.9228,
            -599.04016,
            271.98688,
            89.12113,
            -178.61986,
            89.984795
        ],
        [
            379.92328,
            -599.04016,
            271.98676,
            89.12112,
            -178.6199,
            89.98491
        ],
        [
            379.92496,
            -599.04004,
            271.98807,
