{
    "CMD": 3012,
    "motion_trajectory": [
        [
            380.00073,
            -599.00073,
            272.10013,
            89.12994,
            -178.60994,
            89.99003
        ],
        [
            380.0,
            -599.00085,
            272.0992,
            89.12985,
            -178.60995,
            89.99
        ],
        [
            379.99982,
            -599.00085,
            272.09912,
            89.129814,
            -178.60988,
            89.99007
        ],
        [
            380.0003,
            -599.0006,
            272.0991,
            89.1298,
            -178.60994,
            89.99006
        ],
        [
            380.0001,
            -599.00055,
            272.0991,
            89.12989,
            -178.60995,
            89.990036
        ],
        [
            380.0002,
            -599.0004,
            272.0994,
            89.1298,
            -178.60994,
            89.99006
        ],
        [
            379.9999,
            -599.0007,
            272.09952,
            89.12985,
            -178.60995,
            89.99
        ],
        [
            379.99908,
            -599.00116,
            272.0998,
            89.129875,
            -178.61067,
            89.990685
        ],
        [
            379.99884,
            -599.0042,
            272.10327,
            89.13002,
            -178.61221,
            89.99064
        ],
        [
            379.9985,
            -599.0042,
            272.10254,
            89.12992,
            -178.61249,
            89.990715
        ],
        [
            379.99844,
            -599.0052,
            272.10284,
            89.12999,
            -178.61247,
            89.9906
        ],
        [
            379.99872,
            -599.0053,
            272.1032,
            89.13006,
            -178.61246,
            89.990585
        ],
        [
            379.99835,
            -599.00507,
            272.10312,
            89.12998,
            -178.61247,
            89.990555
        ],
        [
            380.00027,
            -599.00684,
            272.1054,
            89.13014,
            -178.6126,
            89.99058
        ],
        [
            380.0297,
            -599.0195,
            272.1222,
            89.131485,
            -178.61201,
            89.99114
        ],
        [
            380.11578,
            -599.0333,
            272.14417,
            89.13292,
            -178.61066,
            89.991936
        ],
        [
            380.45465,
            -599.04205,
            272.1969,
            89.13497,
            -178.60661,
            89.99442
        ],
        [
            380.80273,
            -599.0289,
            272.22723,
            89.13559,
            -178.60437,
            89.99778
        ],
        [
            381.6307,
            -599.00574,
            272.27048,
            89.13488,
            -178.60231,
            90.00054
        ],
        [
            383.4294,
            -599.00964,
            272.277,
            89.13088,
            -178.60312,
            89.99805
        ],
        [
            384.3274,
            -599.0105,
            272.28015,
            89.12869,
            -178.60481,
            89.99571
        ],
        [
            385.97275,
            -599.0241,
            272.2935,
            89.12581,
            -178.60907,
            89.991234
        ],
        [
            387.81122,
            -599.0271,
            272.39053,
            89.126854,
            -178.60695,
            89.990166
        ],
        [
            388.72403,
            -599.0353,
            272.44434,
            89.12822,
            -178.60576,
            89.99
        ],
        [
            389.7887,
            -599.0553,
            272.51306,
            89.130516,
            -178.60379,
            89.98856
        ],
        [
            392.65585,
            -599.07544,
            272.62772,
            89.13436,
            -178.60023,
            89.98675
        ],
        [
            395.36252,
            -599.0685,
            272.68036,
            89.13711,
            -178.60541,
            89.98673
        ],
        [
            397.60822,
            -599.048,
            272.72833,
            89.13876,
            -178.6111,
            89.985535
        ],
        [
            400.4089,
            -599.0565,
            272.79498,
            89.139435,
            -178.61534,
            89.97786
        ],
        [
            402.44223,
            -599.05084,
            272.85904,
            89.14082,
            -178.61629,
            89.974205
        ],
        [
            405.82343,
            -599.061,
            272.96393,
            89.14063,
            -178.61777,
            89.9705
        ],
        [
            409.50613,
            -599.0876,
            273.06497,
            89.14059,
            -178.61292,
            89.96858
        ],
        [
            413.58984,
            -599.05554,
            273.13806,
            89.13783,
            -178.61497,
            89.97548
        ],
        [
            417.11038,
            -599.0125,
            273.19476,
            89.13579,
            -178.61707,
            89.98219
        ],
        [
            420.70975,
            -599.0013,
            273.34653,
            89.13687,
            -178.61385,
            89.98301
        ],
        [
            424.18808,
            -599.00287,
            273.44724,
            89.134705,
            -178.61404,
            89.97976
        ],
        [
            427.58902,
            -599.01886,
            273.57986,
            89.13233,
            -178.61043,
            89.977295
        ],
        [
            430.70923,
            -599.0012,
            273.63626,
            89.126816,
            -178.61421,
            89.981544
        ],
        [
            433.54968,
            -598.9897,
            273.72693,
            89.12215,
            -178.61227,
            89.98638
        ],
        [
            436.18094,
            -599.0001,
            273.79736,
            89.11907,
            -178.60822,
            89.9917
        ],
        [
            438.4724,
            -598.9938,
            273.84436,
            89.117455,
            -178.60764,
            89.99474
        ],
        [
            440.57843,
            -598.98126,
            273.87845,
            89.118034,
            -178.60988,
            89.995735
        ],
        [
            442.524,
            -598.9935,
            273.909,
            89.11769,
            -178.61366,
            89.989944
        ],
        [
            443.7129,
            -598.99457,
            273.91708,
            89.11534,
            -178.61472,
            89.985275
        ],
        [
            445.10355,
            -598.98676,
            273.95477,
            89.11411,
            -178.61546,
            89.982285
        ],
        [
            445.7782,
            -598.9841,
            273.97592,
            89.1147,
            -178.6154,
            89.982086
        ],
        [
            446.31522,
            -598.9854,
            274.0014,
            89.11557,
            -178.61357,
            89.980515
        ],
        [
            447.0899,
            -598.98016,
            274.0283,
            89.11557,
            -178.61293,
            89.981224
        ],
        [
            447.81042,
            -598.9874,
            274.07196,
            89.11836,
            -178.61128,
            89.984024
        ],
        [
            448.39038,
            -598.9795,
            274.09802,
            89.11998,
            -178.6116,
            89.98605
        ],
        [
            448.66263,
            -598.9747,
            274.1133,
            89.1205,
