{
    "CMD": 3003,
    "motion_trajectory": [
        [
            380.00128,
            -598.9995,
            272.09866,
            89.1297,
            -178.61015,
            89.99027
        ],
        [
            380.0017,
            -599.0003,
            272.0995,
            89.129776,
            -178.61009,
            89.99015
        ],
        [
            380.00156,
            -599.0003,
            272.0994,
            89.12972,
            -178.60997,
            89.990166
        ],
        [
            380.0012,
            -598.9999,
            272.0988,
            89.129654,
            -178.61003,
            89.990234
        ],
        [
            380.0008,
            -599.0005,
            272.09903,
            89.12966,
            -178.60999,
            89.990135
        ],
        [
            380.00098,
            -599.0003,
            272.09915,
            89.12972,
            -178.61002,
            89.99017
        ],
        [
            380.00143,
            -599.0,
            272.0986,
            89.12971,
            -178.6101,
            89.99022
        ],
        [
            380.00134,
            -598.9999,
            272.09775,
            89.129654,
            -178.61014,
            89.99017
        ],
        [
            379.99884,
            -599.0075,
            272.10297,
            89.12905,
            -178.61127,
            89.99135
        ],
        [
            380.0035,
            -599.0527,
            272.11893,
            89.129265,
            -178.61075,
            89.99191
        ],
        [
            380.01767,
            -599.13007,
            272.13922,
            89.13092,
            -178.60901,
            89.9923
        ],
        [
            380.06818,
            -599.4302,
            272.17908,
            89.13753,
            -178.60399,
            89.9931
        ],
        [
            380.1097,
            -599.78357,
            272.19238,
            89.14466,
            -178.60062,
            89.993645
        ],
        [
            380.15784,
            -600.43726,
            272.15714,
            89.156235,
            -178.59917,
            89.994865
        ],
        [
            380.17712,
            -601.5009,
            272.07178,
            89.17268,
            -178.60144,
            89.99499
        ],
        [
            380.16464,
            -602.7152,
            272.06238,
            89.19496,
            -178.6002,
            89.99257
        ],
        [
            380.15622,
            -604.1932,
            272.05258,
            89.219894,
            -178.59561,
            89.99053
        ],
        [
            380.14972,
            -605.02716,
            272.02008,
            89.232864,
            -178.59323,
            89.98906
        ],
        [
            380.09857,
            -607.726,
            271.8696,
            89.264336,
            -178.59053,
            89.98799
        ],
        [
            380.077,
            -609.7488,
            271.77847,
            89.28933,
            -178.58713,
            89.98945
        ],
        [
            380.07745,
            -611.237,
            271.72693,
            89.31239,
            -178.58391,
            89.99089
        ],
        [
            380.08054,
            -613.6138,
            271.61044,
            89.347946,
            -178.57867,
            89.993286
        ],
        [
            380.07227,
            -615.39185,
            271.49536,
            89.37482,
            -178.58072,
            89.99203
        ],
        [
            380.06454,
            -616.71924,
            271.45297,
            89.394844,
            -178.57841,
            89.991585
        ],
        [
            380.06033,
            -618.23834,
            271.41586,
            89.418465,
            -178.57259,
            89.99045
        ],
        [
            380.04697,
            -620.1418,
            271.36813,
            89.446945,
            -178.56723,
            89.99071
        ],
        [
            380.0512,
            -623.59296,
            271.26413,
            89.49745,
            -178.55826,
            89.99293
        ],
        [
            380.04196,
            -625.4199,
            271.19772,
            89.522964,
            -178.554,
            89.99545
        ],
        [
            380.02957,
            -627.1128,
            271.1223,
            89.54683,
            -178.5506,
            89.996635
        ],
        [
            380.02692,
            -629.10345,
            270.98715,
            89.575195,
            -178.55289,
            89.99749
        ],
        [
            380.00803,
            -632.92645,
            270.73175,
            89.62327,
            -178.55208,
            89.99616
        ],
        [
            379.9754,
            -635.6315,
            270.61227,
            89.66017,
            -178.54713,
            89.99607
        ],
        [
            379.98132,
            -638.8735,
            270.55386,
            89.71218,
            -178.53711,
            89.99646
        ],
        [
            379.97214,
            -641.56604,
            270.49265,
            89.755936,
            -178.53241,
            89.99467
        ],
        [
            379.96985,
            -644.1471,
            270.29092,
            89.78952,
            -178.53519,
            89.99318
        ],
        [
            379.973,
            -646.5162,
            270.16623,
            89.82205,
            -178.53276,
            89.99082
        ],
        [
            379.956,
            -648.65497,
            270.09323,
            89.85401,
            -178.5258,
            89.98766
        ],
        [
            379.95245,
            -650.48303,
            270.03094,
            89.88098,
            -178.52266,
            89.98831
        ],
        [
            379.96042,
            -651.9718,
            270.0015,
            89.90385,
            -178.51935,
            89.990944
        ],
        [
            379.96735,
            -653.3447,
            269.93546,
            89.92487,
            -178.51828,
            89.99184
        ],
        [
            379.9639,
            -654.55426,
            269.85703,
            89.94285,
            -178.52107,
            89.9907
        ],
        [
            379.94897,
            -655.4347,
            269.7935,
            89.95344,
            -178.52039,
            89.98932
        ],
        [
            379.94067,
            -655.7865,
            269.77203,
            89.95714,
            -178.5225,
            89.98882
        ],
        [
            379.92682,
            -656.1967,
            269.70734,
            89.959236,
            -178.52579,
            89.98856
        ],
        [
            379.9245,
            -656.33594,
            269.7089,
            89.960945,
            -178.52434,
            89.988716
        ],
        [
            379.91852,
            -656.4464,
            269.73587,
            89.9622,
            -178.52168,
            89.98891
        ],
        [
            379.9236,
            -656.4711,
            269.76572,
            89.96349,
            -178.51888,
            89.98913
        ],
        [
            379.92355,
            -656.47095,
            269.7654,
            89.96348,
            -178.51888,
            89.98913
        ],
        [
            379.92325,
            -656.4706,
            269.76535,
            89.96342,
            -178.51878,
            89.98919
        ],
        [
            379.92355,
            -656.4709,
            269.7663,
            89.96336,
            -178.51862,
            89.9892
        ],
        [
            379.9248,
            -656.4704,
            269.76816,
            89.963455,
