{
    "CMD": 3011,
    "motion_trajectory": [
        [
            380.00198,
            -541.38,
            267.0991,
            89.98007,
            -178.55022,
            89.94989
        ],
        [
            380.0018,
            -541.37994,
            267.0985,
            89.980034,
            -178.55019,
            89.94996
        ],
        [
            380.00198,
            -541.37994,
            267.09915,
            89.980095,
            -178.55022,
            89.94994
        ],
        [
            380.0017,
            -541.37976,
            267.0988,
            89.980034,
            -178.5503,
            89.94996
        ],
        [
            380.0015,
            -541.3805,
            267.09927,
            89.98007,
            -178.55005,
            89.94991
        ],
        [
            380.0014,
            -541.3805,
            267.09946,
            89.98003,
            -178.55016,
            89.949814
        ],
        [
            380.0011,
            -541.38007,
            267.09866,
            89.97999,
            -178.55017,
            89.949936
        ],
        [
            380.0013,
            -541.3805,
            267.09915,
            89.98002,
            -178.55019,
            89.949936
        ],
        [
            380.0011,
            -541.3802,
            267.09863,
            89.979965,
            -178.55022,
            89.94989
        ],
        [
            380.0025,
            -541.38556,
            267.10376,
            89.98034,
            -178.55191,
            89.95064
        ],
        [
            380.00513,
            -541.39154,
            267.11032,
            89.98082,
            -178.55254,
            89.95058
        ],
        [
            380.00595,
            -541.39386,
            267.112,
            89.98092,
            -178.5528,
            89.95055
        ],
        [
            380.00598,
            -541.39374,
            267.1126,
            89.98098,
            -178.55286,
            89.95064
        ],
        [
            380.00552,
            -541.3941,
            267.11096,
            89.98088,
            -178.55293,
            89.9505
        ],
        [
            380.0055,
            -541.39404,
            267.1105,
            89.98088,
            -178.55298,
            89.95055
        ],
        [
            380.00558,
            -541.3943,
            267.11017,
            89.98086,
            -178.55292,
            89.9505
        ],
        [
            380.0049,
            -541.3943,
            267.11093,
            89.98087,
            -178.55286,
            89.95057
        ],
        [
            380.00574,
            -541.395,
            267.11127,
            89.98089,
            -178.5529,
            89.950516
        ],
        [
            380.01077,
            -541.39874,
            267.1156,
            89.98124,
            -178.55243,
            89.95056
        ],
        [
            380.04825,
            -541.409,
            267.12735,
            89.98221,
            -178.55226,
            89.95141
        ],
        [
            380.11212,
            -541.41864,
            267.13977,
            89.98249,
            -178.55151,
            89.95197
        ],
        [
            380.23904,
            -541.42365,
            267.15738,
            89.98199,
            -178.54991,
            89.95268
        ],
        [
            380.39883,
            -541.4242,
            267.17563,
            89.98101,
            -178.54842,
            89.95415
        ],
        [
            380.68146,
            -541.4172,
            267.1931,
            89.97895,
            -178.54495,
            89.95667
        ],
        [
            381.26364,
            -541.39734,
            267.21115,
            89.97578,
            -178.54274,
            89.960945
        ],
        [
            381.81622,
            -541.38934,
            267.222,
            89.97468,
            -178.5422,
            89.9635
        ],
        [
            382.37296,
            -541.3761,
            267.233,
            89.97271,
            -178.5432,
            89.96312
        ],
        [
            383.07642,
            -541.3797,
            267.24316,
            89.969734,
            -178.54245,
            89.96057
        ],
        [
            383.79343,
            -541.393,
            267.2603,
            89.9686,
            -178.54285,
            89.95736
        ],
        [
            384.40347,
            -541.40894,
            267.28287,
            89.96831,
            -178.54335,
            89.95402
        ],
        [
            385.24866,
            -541.41895,
            267.31894,
            89.96799,
            -178.54419,
            89.95039
        ],
        [
            386.63046,
            -541.4237,
            267.37195,
            89.967514,
            -178.5451,
            89.94824
        ],
        [
            387.6528,
            -541.4377,
            267.4136,
            89.96782,
            -178.54451,
            89.94632
        ],
        [
            388.52307,
            -541.4335,
            267.45767,
            89.96893,
            -178.54451,
            89.94628
        ],
        [
            389.57712,
            -541.4298,
            267.4924,
            89.96913,
            -178.54489,
            89.94738
        ],
        [
            392.08517,
            -541.46027,
            267.58194,
            89.96921,
            -178.54579,
            89.94569
        ],
        [
            393.9532,
            -541.4912,
            267.6534,
            89.96905,
            -178.54523,
            89.94276
        ],
        [
            396.2174,
            -541.50793,
            267.74377,
            89.969574,
            -178.54321,
            89.94182
        ],
        [
            397.82446,
            -541.4937,
            267.8111,
            89.9718,
            -178.54608,
            89.94343
        ],
        [
            399.87723,
            -541.4906,
            267.87936,
            89.97107,
            -178.54869,
            89.94129
        ],
        [
            402.11243,
            -541.4871,
            267.9338,
            89.96854,
            -178.55315,
            89.93816
        ],
        [
            405.29013,
            -541.4698,
            268.0609,
            89.96842,
            -178.55904,
            89.935646
        ],
        [
            408.48517,
            -541.4768,
            268.1927,
            89.96736,
            -178.55939,
            89.93309
        ],
        [
            412.26532,
            -541.46313,
            268.3449,
            89.968155,
            -178.5616,
            89.93368
        ],
        [
            416.1406,
            -541.4617,
            268.50635,
            89.96858,
            -178.56398,
            89.934006
        ],
        [
            418.29416,
            -541.448,
            268.5873,
            89.96908,
            -178.56589,
            89.93606
        ],
        [
            422.35202,
            -541.4437,
            268.73764,
            89.967125,
            -178.56323,
            89.936806
        ],
        [
            425.82104,
            -541.44324,
            268.8401,
            89.96397,
            -178.56133,
            89.93686
        ],
        [
            429.1268,
            -541.4225,
            268.94717,
            89.961555,
            -178.563,
            89.93623
        ],
        [
            432.4823,
            -541.42957,
            269.05832,
            89.96015,
            -178.56238,
            89.93409
        ],
        [
            433.84012,
            -541.4321,
            269.09143,
            89.959,
            -178.56456,
