{
    "CMD": 4000,
    "motion_trajectory": [
        [
            448.91357,
            -541.3985,
            267.22183,
            89.99219,
            -178.54097,
            89.95677
        ],
        [
            448.91336,
            -541.39813,
            267.22186,
            89.992165,
            -178.54095,
            89.95677
        ],
        [
            448.9134,
            -541.3978,
            267.2206,
            89.99214,
            -178.54115,
            89.95676
        ],
        [
            448.91394,
            -541.3977,
            267.2214,
            89.99219,
            -178.54103,
            89.9568
        ],
        [
            448.91394,
            -541.3977,
            267.2214,
            89.99219,
            -178.54103,
            89.9568
        ],
        [
            448.91364,
            -541.39813,
            267.22116,
            89.9922,
            -178.54108,
            89.9568
        ],
        [
            448.91418,
            -541.39813,
            267.22192,
            89.99223,
            -178.54094,
            89.956795
        ],
        [
            448.9138,
            -541.39825,
            267.2212,
            89.99221,
            -178.541,
            89.95669
        ],
        [
            448.91254,
            -541.3985,
            267.2228,
            89.99231,
            -178.54071,
            89.95841
        ],
        [
            448.90857,
            -541.39716,
            267.22177,
            89.99213,
            -178.54016,
            89.96055
        ],
        [
            448.90598,
            -541.39594,
            267.2171,
            89.991425,
            -178.54008,
            89.961266
        ],
        [
            448.9035,
            -541.3972,
            267.21457,
            89.990875,
            -178.53998,
            89.961136
        ],
        [
            448.90237,
            -541.3971,
            267.21072,
            89.99047,
            -178.54013,
            89.96118
        ],
        [
            448.9016,
            -541.398,
            267.2103,
            89.99029,
            -178.54007,
            89.960915
        ],
        [
            448.90213,
            -541.39716,
            267.20825,
            89.990135,
            -178.5402,
            89.960976
        ],
        [
            448.9019,
            -541.3978,
            267.20657,
            89.99009,
            -178.54028,
            89.96093
        ],
        [
            448.90137,
            -541.39746,
            267.20508,
            89.98992,
            -178.54047,
            89.96085
        ],
        [
            448.9012,
            -541.39746,
            267.2036,
            89.98979,
            -178.54059,
            89.9607
        ],
        [
            448.9013,
            -541.398,
            267.2021,
            89.98968,
            -178.54056,
            89.9605
        ],
        [
            448.901,
            -541.39813,
            267.19858,
            89.98939,
            -178.5409,
            89.96015
        ],
        [
            448.90018,
            -541.3984,
            267.19595,
            89.989136,
            -178.54112,
            89.95981
        ],
        [
            448.90085,
            -541.3997,
            267.19882,
            89.989334,
            -178.54074,
            89.95992
        ],
        [
            448.9006,
            -541.39984,
            267.2,
            89.989296,
            -178.54097,
            89.95983
        ],
        [
            448.8994,
            -541.40063,
            267.20624,
            89.988945,
            -178.54164,
            89.960014
        ],
        [
            448.89706,
            -541.4032,
            267.21774,
            89.9883,
            -178.54317,
            89.95977
        ],
        [
            448.8904,
            -541.4101,
            267.2563,
            89.986755,
            -178.5479,
            89.95881
        ],
        [
            448.8735,
            -541.4255,
            267.37045,
            89.983055,
            -178.55351,
            89.95778
        ],
        [
            448.84564,
            -541.4475,
            267.53415,
            89.97639,
            -178.55702,
            89.95645
        ],
        [
            448.81406,
            -541.4717,
            267.7089,
            89.96895,
            -178.55833,
            89.95381
        ],
        [
            448.77042,
            -541.5032,
            267.93756,
            89.9604,
            -178.5585,
            89.94971
        ],
        [
            448.72992,
            -541.5251,
            268.18814,
            89.95289,
            -178.56035,
            89.945984
        ],
        [
            448.70105,
            -541.5423,
            268.4557,
            89.94829,
            -178.56178,
            89.94255
        ],
        [
            448.6903,
            -541.5608,
            268.8068,
            89.9476,
            -178.56276,
            89.938446
        ],
        [
            448.68912,
            -541.57245,
            269.27603,
            89.94955,
            -178.56036,
            89.933426
        ],
        [
            448.6906,
            -541.57227,
            269.4258,
            89.949646,
            -178.5601,
            89.93223
        ],
        [
            448.7003,
            -541.57086,
            269.54816,
            89.949615,
            -178.56064,
            89.93097
        ],
        [
            448.72946,
            -541.554,
            269.6369,
            89.94801,
            -178.5635,
            89.93029
        ],
        [
            448.74057,
            -541.5379,
            269.62793,
            89.94607,
            -178.56677,
            89.93002
        ],
        [
            448.74762,
            -541.53015,
            269.62616,
            89.94527,
            -178.56833,
            89.92965
        ],
        [
            448.75357,
            -541.5257,
            269.6322,
            89.94519,
            -178.56862,
            89.929634
        ],
        [
            448.76025,
            -541.52075,
            269.64038,
            89.945244,
            -178.56873,
            89.92957
        ],
        [
            448.7656,
            -541.5125,
            269.63974,
            89.94495,
            -178.56955,
            89.92982
        ],
        [
            448.7664,
            -541.50867,
            269.63797,
            89.944336,
            -178.57072,
            89.9296
        ],
        [
            448.75336,
            -541.50305,
            269.63174,
            89.94343,
            -178.57216,
            89.92942
        ],
        [
            448.69568,
            -541.47797,
            269.61526,
            89.94058,
            -178.57674,
            89.92917
        ],
        [
            448.59674,
            -541.4494,
            269.5987,
            89.93781,
            -178.58177,
            89.92898
        ],
        [
            448.46713,
            -541.42145,
            269.5908,
            89.93572,
            -178.58551,
            89.92949
        ],
        [
            448.2645,
            -541.3932,
            269.57928,
            89.933334,
            -178.58919,
            89.930176
        ],
        [
            447.6706,
            -541.3825,
            269.56714,
            89.931015,
            -178.59085,
            89.92979
        ],
        [
            447.16168,
            -541.39185,
            269.5505,
            89.92881,
            -178.5917,
            89.9271
        ],
        [
            445.98523,
            -541.4331,
            269.4882,
            89.92636,
