{
    "CMD": 3011,
    "motion_trajectory": [
        [
            380.00076,
            -541.38,
            267.0986,
            89.980034,
            -178.55028,
            89.94992
        ],
        [
            380.0008,
            -541.38055,
            267.09946,
            89.98004,
            -178.55008,
            89.94994
        ],
        [
            380.00113,
            -541.3805,
            267.0997,
            89.98013,
            -178.55013,
            89.9499
        ],
        [
            380.00076,
            -541.3802,
            267.09958,
            89.98005,
            -178.5502,
            89.949875
        ],
        [
            380.00092,
            -541.38,
            267.09872,
            89.98008,
            -178.5502,
            89.9499
        ],
        [
            380.00046,
            -541.3805,
            267.0999,
            89.98011,
            -178.55005,
            89.94992
        ],
        [
            380.00034,
            -541.38025,
            267.09915,
            89.98007,
            -178.55014,
            89.94993
        ],
        [
            379.99973,
            -541.3843,
            267.10254,
            89.97997,
            -178.55133,
            89.95073
        ],
        [
            380.001,
            -541.3883,
            267.10593,
            89.98017,
            -178.55275,
            89.95083
        ],
        [
            380.00153,
            -541.3899,
            267.10696,
            89.98023,
            -178.55339,
            89.95085
        ],
        [
            380.00095,
            -541.39026,
            267.10736,
            89.98021,
            -178.5535,
            89.95083
        ],
        [
            380.0014,
            -541.39075,
            267.1077,
            89.980316,
            -178.5535,
            89.95085
        ],
        [
            380.00113,
            -541.3907,
            267.10782,
            89.98025,
            -178.55342,
            89.95082
        ],
        [
            380.0014,
            -541.39087,
            267.10767,
            89.98029,
            -178.55338,
            89.950806
        ],
        [
            380.0013,
            -541.3913,
            267.10718,
            89.9802,
            -178.55353,
            89.95072
        ],
        [
            380.00888,
            -541.39526,
            267.11346,
            89.98068,
            -178.5529,
            89.95083
        ],
        [
            380.0839,
            -541.4047,
            267.13492,
            89.9821,
            -178.55164,
            89.95326
        ],
        [
            380.3521,
            -541.4091,
            267.1771,
            89.98171,
            -178.54784,
            89.95679
        ],
        [
            380.7179,
            -541.3998,
            267.2041,
            89.979324,
            -178.54321,
            89.9611
        ],
        [
            381.45206,
            -541.3707,
            267.216,
            89.97395,
            -178.54034,
            89.96835
        ],
        [
            382.49066,
            -541.3562,
            267.22433,
            89.96843,
            -178.54105,
            89.96976
        ],
        [
            383.28195,
            -541.3701,
            267.23285,
            89.96489,
            -178.54037,
            89.965775
        ],
        [
            384.6232,
            -541.3923,
            267.27066,
            89.963776,
            -178.54208,
            89.95922
        ],
        [
            386.4158,
            -541.41534,
            267.34286,
            89.962524,
            -178.54317,
            89.95171
        ],
        [
            387.45587,
            -541.4178,
            267.3882,
            89.96383,
            -178.54326,
            89.95111
        ],
        [
            389.63214,
            -541.41907,
            267.47696,
            89.96586,
            -178.54483,
            89.95002
        ],
        [
            391.0409,
            -541.4304,
            267.5232,
            89.965904,
            -178.5463,
            89.94849
        ],
        [
            393.50015,
            -541.4672,
            267.60672,
            89.96632,
            -178.54745,
            89.945274
        ],
        [
            396.28577,
            -541.4907,
            267.72818,
            89.96796,
            -178.54462,
            89.943245
        ],
        [
            399.04187,
            -541.4717,
            267.8457,
            89.97067,
            -178.54755,
            89.94452
        ],
        [
            402.4179,
            -541.4749,
            267.94955,
            89.96985,
            -178.55397,
            89.93911
        ],
        [
            405.77615,
            -541.46484,
            268.0887,
            89.9691,
            -178.55896,
            89.93586
        ],
        [
            409.46893,
            -541.47595,
            268.22733,
            89.96808,
            -178.56033,
            89.93276
        ],
        [
            413.23172,
            -541.45654,
            268.38983,
            89.96919,
            -178.56303,
            89.9337
        ],
        [
            417.10977,
            -541.4468,
            268.53793,
            89.968925,
            -178.56584,
            89.93568
        ],
        [
            420.86734,
            -541.4315,
            268.6867,
            89.96931,
            -178.56549,
            89.93886
        ],
        [
            424.4044,
            -541.43616,
            268.79245,
            89.9658,
            -178.56326,
            89.93761
        ],
        [
            427.83594,
            -541.4278,
            268.88684,
            89.96171,
            -178.56317,
            89.93706
        ],
        [
            430.7254,
            -541.42206,
            268.9844,
            89.96039,
            -178.56271,
            89.93491
        ],
        [
            432.66528,
            -541.4398,
            269.04788,
            89.958885,
            -178.56352,
            89.932106
        ],
        [
            435.422,
            -541.4288,
            269.1122,
            89.9573,
            -178.56833,
            89.93372
        ],
        [
            438.00336,
            -541.4158,
            269.1972,
            89.95865,
            -178.5744,
            89.93707
        ],
        [
            439.73547,
            -541.4077,
            269.25327,
            89.96063,
            -178.5776,
            89.93934
        ],
        [
            441.6363,
            -541.3872,
            269.34604,
            89.963196,
            -178.58005,
            89.94007
        ],
        [
            443.4215,
            -541.37006,
            269.45944,
            89.965096,
            -178.58064,
            89.93659
        ],
        [
            444.90976,
            -541.37225,
            269.5177,
            89.96598,
            -178.58499,
            89.933014
        ],
        [
            446.25568,
            -541.38,
            269.55646,
            89.96534,
            -178.5882,
            89.92944
        ],
        [
            447.62784,
            -541.39746,
            269.6092,
            89.96387,
            -178.58646,
            89.927284
        ],
        [
            448.2752,
            -541.3926,
            269.63385,
            89.96111,
            -178.58398,
            89.92641
        ],
        [
            448.68753,
            -541.3825,
            269.65714,
            89.95889,
            -178.58052,
            89.92895
        ],
        [
            448.88907,
            -541.39075,
            269.6603,
            89.9577,
            -178.57805,
