{
    "CMD": 4001,
    "motion_trajectory": [
        [
            448.69223,
            -598.99097,
            272.11487,
            89.131325,
            -178.60965,
            89.99052
        ],
        [
            448.69296,
            -598.9907,
            272.11523,
            89.13139,
            -178.60963,
            89.99055
        ],
        [
            448.6923,
            -598.9912,
            272.11395,
            89.13129,
            -178.6097,
            89.99046
        ],
        [
            448.69287,
            -598.9911,
            272.1148,
            89.13133,
            -178.6096,
            89.99051
        ],
        [
            448.69327,
            -598.99054,
            272.1143,
            89.13144,
            -178.60977,
            89.990524
        ],
        [
            448.69247,
            -598.9913,
            272.1152,
            89.13137,
            -178.60963,
            89.9904
        ],
        [
            448.6928,
            -598.99133,
            272.115,
            89.13131,
            -178.6096,
            89.99052
        ],
        [
            448.69278,
            -598.99097,
            272.1145,
            89.1313,
            -178.60959,
            89.990456
        ],
        [
            448.6926,
            -598.9907,
            272.11392,
            89.13125,
            -178.60973,
            89.9904
        ],
        [
            448.69034,
            -598.99176,
            272.11368,
            89.13101,
            -178.6103,
            89.9911
        ],
        [
            448.689,
            -598.9919,
            272.11234,
            89.130615,
            -178.61377,
            89.99124
        ],
        [
            448.6885,
            -598.9921,
            272.11237,
            89.13063,
            -178.61383,
            89.99125
        ],
        [
            448.68808,
            -598.992,
            272.1119,
            89.13052,
            -178.61382,
            89.991325
        ],
        [
            448.6884,
            -598.9926,
            272.11215,
            89.130554,
            -178.61368,
            89.99127
        ],
        [
            448.68884,
            -598.9923,
            272.11273,
            89.13058,
            -178.61363,
            89.99132
        ],
        [
            448.68774,
            -598.9923,
            272.11166,
            89.13041,
            -178.61388,
            89.99124
        ],
        [
            448.68756,
            -598.993,
            272.11923,
            89.130455,
            -178.61513,
            89.99132
        ],
        [
            448.68475,
            -598.9961,
            272.15192,
            89.13074,
            -178.61574,
            89.99132
        ],
        [
            448.6784,
            -599.00134,
            272.22256,
            89.130714,
            -178.61731,
            89.9916
        ],
        [
            448.6628,
            -599.01294,
            272.35403,
            89.12998,
            -178.61813,
            89.99217
        ],
        [
            448.6248,
            -599.0507,
            272.7642,
            89.129105,
            -178.61786,
            89.990524
        ],
        [
            448.60785,
            -599.0693,
            273.074,
            89.13059,
            -178.6145,
            89.98981
        ],
        [
            448.58823,
            -599.08923,
            273.52966,
            89.1315,
            -178.60962,
            89.98897
        ],
        [
            448.58368,
            -599.10004,
            273.7666,
            89.13235,
            -178.60771,
            89.9882
        ],
        [
            448.5816,
            -599.1092,
            273.93707,
            89.13233,
            -178.60583,
            89.98684
        ],
        [
            448.5834,
            -599.11304,
            274.0996,
            89.13203,
            -178.6061,
            89.985115
        ],
        [
            448.58847,
            -599.1073,
            274.15936,
            89.1292,
            -178.60616,
            89.98348
        ],
        [
            448.59357,
            -599.10535,
            274.17896,
            89.128395,
            -178.60649,
            89.982605
        ],
        [
            448.60052,
            -599.10315,
            274.1992,
            89.12732,
            -178.60777,
            89.98106
        ],
        [
            448.60614,
            -599.09784,
            274.1971,
            89.12505,
            -178.60905,
            89.97932
        ],
        [
            448.61304,
            -599.0882,
            274.19028,
            89.122986,
            -178.60936,
            89.97847
        ],
        [
            448.61227,
            -599.0883,
            274.18936,
            89.12229,
            -178.60995,
            89.977745
        ],
        [
            448.60767,
            -599.08923,
            274.19006,
            89.122,
            -178.60999,
            89.9777
        ],
        [
            448.55975,
            -599.07745,
            274.18518,
            89.1199,
            -178.6129,
            89.976776
        ],
        [
            448.36642,
            -599.0442,
            274.17096,
            89.11519,
            -178.61957,
            89.97782
        ],
        [
            448.20767,
            -599.02673,
            274.16986,
            89.11261,
            -178.61913,
            89.97947
        ],
        [
            447.88947,
            -599.02435,
            274.17688,
            89.10926,
            -178.61726,
            89.9792
        ],
        [
            447.37442,
            -599.0412,
            274.16135,
            89.10487,
            -178.61446,
            89.9783
        ],
        [
            446.42603,
            -599.06976,
            274.14368,
            89.098946,
            -178.61201,
            89.973724
        ],
        [
            445.78857,
            -599.0823,
            274.10782,
            89.09541,
            -178.61221,
            89.97093
        ],
        [
            445.173,
            -599.0812,
            274.056,
            89.09224,
            -178.61313,
            89.97194
        ],
        [
            444.0937,
            -599.05865,
            274.00006,
            89.0922,
            -178.61385,
            89.977005
        ],
        [
            442.57108,
            -599.0353,
            273.8994,
            89.091415,
            -178.61469,
            89.98094
        ],
        [
            441.61893,
            -599.0322,
            273.8762,
            89.093895,
            -178.61435,
            89.98221
        ],
        [
            440.60028,
            -599.0242,
            273.83414,
            89.09441,
            -178.6128,
            89.98327
        ],
        [
            439.43524,
            -599.0222,
            273.80365,
            89.09734,
            -178.61063,
            89.98614
        ],
        [
            437.20145,
            -599.0119,
            273.76947,
            89.10356,
            -178.60632,
            89.992325
        ],
        [
            435.4055,
            -599.02094,
            273.75574,
            89.10923,
            -178.60379,
            89.99482
        ],
        [
            432.91168,
            -599.0308,
            273.71106,
            89.11514,
            -178.60179,
            89.99799
        ],
        [
            431.44528,
            -599.01984,
            273.66663,
            89.11736,
            -178.60323,
            89.998375
        ],
        [
            429.85965,
            -599.0056,
            273.6229,
            89.11918,
