{
    "CMD": 3012,
    "motion_trajectory": [
        [
            380.00064,
            -599.0006,
            272.0993,
            89.12988,
            -178.60997,
            89.989975
        ],
        [
            380.00122,
            -599.00037,
            272.0996,
            89.12993,
            -178.60994,
            89.99013
        ],
        [
            380.0001,
            -599.0004,
            272.09967,
            89.12993,
            -178.60992,
            89.99009
        ],
        [
            380.00067,
            -599.0005,
            272.09988,
            89.12993,
            -178.60994,
            89.99008
        ],
        [
            379.9999,
            -599.00085,
            272.09964,
            89.129944,
            -178.60994,
            89.99008
        ],
        [
            380.00058,
            -599.00037,
            272.0996,
            89.1299,
            -178.60992,
            89.99003
        ],
        [
            380.00018,
            -599.00085,
            272.0993,
            89.1299,
            -178.60997,
            89.98998
        ],
        [
            380.0001,
            -599.00055,
            272.0991,
            89.12989,
            -178.60995,
            89.990036
        ],
        [
            379.99982,
            -599.00073,
            272.0997,
            89.129845,
            -178.61,
            89.99011
        ],
        [
            379.99878,
            -599.0033,
            272.10208,
            89.12992,
            -178.61316,
            89.99086
        ],
        [
            379.99878,
            -599.0039,
            272.10187,
            89.12986,
            -178.6137,
            89.99076
        ],
        [
            379.9987,
            -599.0036,
            272.10165,
            89.12985,
            -178.61374,
            89.990814
        ],
        [
            379.99908,
            -599.00366,
            272.10178,
            89.12981,
            -178.61368,
            89.99082
        ],
        [
            379.99915,
            -599.0043,
            272.1025,
            89.129944,
            -178.61374,
            89.990746
        ],
        [
            380.00122,
            -599.0081,
            272.10593,
            89.13004,
            -178.6134,
            89.990654
        ],
        [
            380.0288,
            -599.01917,
            272.1198,
            89.1312,
            -178.61285,
            89.99119
        ],
        [
            380.1013,
            -599.0296,
            272.13647,
            89.1323,
            -178.61208,
            89.992004
        ],
        [
            380.23935,
            -599.0369,
            272.16266,
            89.13349,
            -178.61012,
            89.99289
        ],
        [
            380.73288,
            -599.0337,
            272.21625,
            89.13509,
            -178.60593,
            89.99647
        ],
        [
            381.04694,
            -599.02075,
            272.23645,
            89.134964,
            -178.60524,
            89.99827
        ],
        [
            381.5233,
            -599.0081,
            272.26205,
            89.13466,
            -178.60536,
            90.00005
        ],
        [
            382.64355,
            -598.996,
            272.27628,
            89.13259,
            -178.60461,
            90.00129
        ],
        [
            383.32706,
            -599.00543,
            272.2717,
            89.13096,
            -178.60553,
            89.999214
        ],
        [
            384.7564,
            -599.0128,
            272.27567,
            89.12759,
            -178.60738,
            89.994995
        ],
        [
            385.782,
            -599.01544,
            272.28528,
            89.125725,
            -178.6105,
            89.992714
        ],
        [
            387.59985,
            -599.0321,
            272.38498,
            89.12656,
            -178.60707,
            89.98904
        ],
        [
            390.005,
            -599.0525,
            272.5156,
            89.13019,
            -178.604,
            89.98861
        ],
        [
            392.3404,
            -599.06683,
            272.60516,
            89.1336,
            -178.60245,
            89.98857
        ],
        [
            394.99176,
            -599.0702,
            272.67194,
            89.13658,
            -178.60483,
            89.98685
        ],
        [
            398.0018,
            -599.0513,
            272.72363,
            89.138,
            -178.61311,
            89.98436
        ],
        [
            401.35638,
            -599.05304,
            272.82065,
            89.138504,
            -178.61499,
            89.97639
        ],
        [
            405.33954,
            -599.0602,
            272.9487,
            89.13968,
            -178.61703,
            89.9717
        ],
        [
            407.9257,
            -599.08514,
            273.02274,
            89.139404,
            -178.61453,
            89.969795
        ],
        [
            411.34387,
            -599.07074,
            273.10086,
            89.13819,
            -178.61354,
            89.97232
        ],
        [
            415.27563,
            -599.0343,
            273.16812,
            89.13616,
            -178.61609,
            89.97843
        ],
        [
            418.9771,
            -599.0041,
            273.26495,
            89.13596,
            -178.61566,
            89.98488
        ],
        [
            422.73077,
            -598.9985,
            273.40222,
            89.13514,
            -178.61488,
            89.98067
        ],
        [
            426.2381,
            -599.014,
            273.52487,
            89.13371,
            -178.61201,
            89.97828
        ],
        [
            428.6817,
            -599.00415,
            273.5902,
            89.1302,
            -178.61232,
            89.98032
        ],
        [
            431.57446,
            -598.9952,
            273.66943,
            89.126274,
            -178.61313,
            89.98234
        ],
        [
            434.45944,
            -598.99475,
            273.7454,
            89.12119,
            -178.61298,
            89.98774
        ],
        [
            435.8156,
            -599.004,
            273.7921,
            89.12016,
            -178.60938,
            89.990204
        ],
        [
            438.53464,
            -598.9966,
            273.84708,
            89.117676,
            -178.60854,
            89.99413
        ],
        [
            440.57724,
            -598.9749,
            273.8787,
            89.118324,
            -178.61087,
            89.995926
        ],
        [
            442.38782,
            -598.98914,
            273.90555,
            89.117744,
            -178.61453,
            89.99031
        ],
        [
            443.99564,
            -598.99603,
            273.92642,
            89.11388,
            -178.61421,
            89.98371
        ],
        [
            445.3998,
            -598.97986,
            273.96252,
            89.11359,
            -178.6148,
            89.98297
        ],
        [
            447.7198,
            -598.99066,
            274.0701,
            89.11836,
            -178.61182,
            89.98385
        ],
        [
            448.65213,
            -598.9717,
            274.11993,
            89.12088,
            -178.60959,
            89.98784
        ],
        [
            448.7696,
            -598.9581,
            274.08743,
            89.11604,
            -178.61526,
            89.98838
        ],
        [
            448.7654,
            -598.9618,
            274.08786,
            89.11592,
