{
    "CMD": 4000,
    "motion_trajectory": [
        [
            448.91125,
            -541.397,
            267.21426,
            89.99091,
            -178.54192,
            89.95486
        ],
        [
            448.9111,
            -541.39703,
            267.21414,
            89.99087,
            -178.54184,
            89.95488
        ],
        [
            448.91092,
            -541.3971,
            267.21402,
            89.99082,
            -178.54181,
            89.954895
        ],
        [
            448.91125,
            -541.39777,
            267.2142,
            89.990845,
            -178.54169,
            89.95484
        ],
        [
            448.9109,
            -541.397,
            267.21295,
            89.99079,
            -178.5419,
            89.95495
        ],
        [
            448.91046,
            -541.3972,
            267.213,
            89.990814,
            -178.5419,
            89.95495
        ],
        [
            448.91156,
            -541.39716,
            267.214,
            89.990845,
            -178.54161,
            89.95494
        ],
        [
            448.911,
            -541.3973,
            267.21375,
            89.99082,
            -178.54176,
            89.954895
        ],
        [
            448.90366,
            -541.39484,
            267.2113,
            89.99017,
            -178.54085,
            89.95932
        ],
        [
            448.8962,
            -541.39453,
            267.19943,
            89.988495,
            -178.5406,
            89.96067
        ],
        [
            448.89395,
            -541.39526,
            267.19333,
            89.98777,
            -178.54077,
            89.96054
        ],
        [
            448.894,
            -541.3954,
            267.19138,
            89.9877,
            -178.5409,
            89.96054
        ],
        [
            448.89352,
            -541.39545,
            267.18958,
            89.98757,
            -178.54099,
            89.96051
        ],
        [
            448.8929,
            -541.3957,
            267.18552,
            89.987274,
            -178.54128,
            89.96028
        ],
        [
            448.893,
            -541.3961,
            267.18268,
            89.98709,
            -178.54144,
            89.95997
        ],
        [
            448.8935,
            -541.3964,
            267.18,
            89.98689,
            -178.5416,
            89.95971
        ],
        [
            448.89285,
            -541.397,
            267.1806,
            89.98686,
            -178.54158,
            89.95975
        ],
        [
            448.8907,
            -541.39886,
            267.19708,
            89.98646,
            -178.54231,
            89.95994
        ],
        [
            448.8747,
            -541.4147,
            267.3009,
            89.98326,
            -178.55028,
            89.95836
        ],
        [
            448.82925,
            -541.4507,
            267.56616,
            89.97348,
            -178.55656,
            89.956795
        ],
        [
            448.77997,
            -541.48535,
            267.82635,
            89.96287,
            -178.55891,
            89.95267
        ],
        [
            448.74457,
            -541.5053,
            268.02615,
            89.955864,
            -178.56001,
            89.94956
        ],
        [
            448.7151,
            -541.5201,
            268.2524,
            89.950935,
            -178.56161,
            89.94679
        ],
        [
            448.6925,
            -541.53613,
            268.55664,
            89.947845,
            -178.56242,
            89.94343
        ],
        [
            448.68732,
            -541.54803,
            268.8619,
            89.94891,
            -178.56236,
            89.94015
        ],
        [
            448.68732,
            -541.5597,
            269.3949,
            89.9504,
            -178.56145,
            89.934296
        ],
        [
            448.70703,
            -541.55566,
            269.59705,
            89.95044,
            -178.56396,
            89.931946
        ],
        [
            448.72052,
            -541.5485,
            269.63803,
            89.94949,
            -178.56505,
            89.93163
        ],
        [
            448.73944,
            -541.52716,
            269.63684,
            89.94599,
            -178.56882,
            89.93156
        ],
        [
            448.75266,
            -541.51807,
            269.6456,
            89.945496,
            -178.57057,
            89.930984
        ],
        [
            448.76163,
            -541.51056,
            269.65012,
            89.94511,
            -178.5712,
            89.93059
        ],
        [
            448.76703,
            -541.50323,
            269.64627,
            89.94419,
            -178.57182,
            89.92996
        ],
        [
            448.76266,
            -541.5038,
            269.64893,
            89.94397,
            -178.57248,
            89.92966
        ],
        [
            448.71893,
            -541.4891,
            269.64166,
            89.94194,
            -178.57535,
            89.92918
        ],
        [
            448.54474,
            -541.43787,
            269.61584,
            89.937485,
            -178.58376,
            89.9295
        ],
        [
            448.26395,
            -541.3924,
            269.594,
            89.9338,
            -178.58904,
            89.93072
        ],
        [
            447.62097,
            -541.3672,
            269.5699,
            89.93041,
            -178.59117,
            89.93164
        ],
        [
            447.14206,
            -541.3703,
            269.542,
            89.92777,
            -178.59299,
            89.929436
        ],
        [
            445.96008,
            -541.40936,
            269.46777,
            89.92462,
            -178.59389,
            89.92738
        ],
        [
            444.35724,
            -541.4067,
            269.4069,
            89.92118,
            -178.59233,
            89.9291
        ],
        [
            443.50485,
            -541.4057,
            269.40332,
            89.92255,
            -178.58879,
            89.932755
        ],
        [
            442.69568,
            -541.4092,
            269.4183,
            89.92515,
            -178.58394,
            89.93607
        ],
        [
            441.62997,
            -541.4,
            269.3778,
            89.92647,
            -178.5818,
            89.9419
        ],
        [
            439.4353,
            -541.4182,
            269.30756,
            89.93049,
            -178.57701,
            89.94801
        ],
        [
            436.9313,
            -541.41156,
            269.2399,
            89.93471,
            -178.57262,
            89.95461
        ],
        [
            434.47168,
            -541.4061,
            269.1905,
            89.937996,
            -178.56902,
            89.956245
        ],
        [
            431.68106,
            -541.39075,
            269.1714,
            89.94303,
            -178.56088,
            89.95386
        ],
        [
            428.71152,
            -541.3886,
            269.11148,
            89.94728,
            -178.55951,
            89.950066
        ],
        [
            425.51443,
            -541.4011,
            269.0451,
            89.95271,
            -178.56139,
            89.94224
        ],
        [
            422.06604,
            -541.4159,
            268.96118,
            89.96091,
            -178.5618,
            89.93503
        ],
        [
            418.2261,
            -541.39734,
            268.89545,
            89.97294,
            -178.56792,
