{
    "CMD": 3013,
    "motion_trajectory": [
        [
            380.0,
            -656.4304,
            269.84875,
            89.969864,
            -178.51006,
            89.990005
        ],
        [
            379.9993,
            -656.4308,
            269.84924,
            89.969826,
            -178.51,
            89.98997
        ],
        [
            379.99982,
            -656.43054,
            269.84863,
            89.9698,
            -178.51003,
            89.98996
        ],
        [
            380.0002,
            -656.4298,
            269.84866,
            89.969795,
            -178.51003,
            89.99006
        ],
        [
            379.99982,
            -656.4304,
            269.84863,
            89.96981,
            -178.51003,
            89.99001
        ],
        [
            380.00012,
            -656.43024,
            269.84943,
            89.96976,
            -178.51003,
            89.98996
        ],
        [
            379.99976,
            -656.4303,
            269.84955,
            89.969826,
            -178.51,
            89.99001
        ],
        [
            379.99982,
            -656.43054,
            269.8492,
            89.96982,
            -178.51,
            89.98996
        ],
        [
            379.9986,
            -656.43176,
            269.8511,
            89.96985,
            -178.51086,
            89.99094
        ],
        [
            379.99783,
            -656.4318,
            269.8516,
            89.96967,
            -178.5115,
            89.990974
        ],
        [
            379.9978,
            -656.4322,
            269.8509,
            89.96962,
            -178.51192,
            89.99098
        ],
        [
            379.9979,
            -656.43225,
            269.8524,
            89.96969,
            -178.51173,
            89.99109
        ],
        [
            379.9978,
            -656.43274,
            269.85126,
            89.96968,
            -178.51173,
            89.990875
        ],
        [
            379.99918,
            -656.4345,
            269.85474,
            89.96981,
            -178.51173,
            89.99103
        ],
        [
            380.02716,
            -656.44275,
            269.87036,
            89.97096,
            -178.51141,
            89.991745
        ],
        [
            380.19434,
            -656.44507,
            269.89868,
            89.972946,
            -178.51021,
            89.9938
        ],
        [
            380.48358,
            -656.4326,
            269.91946,
            89.97395,
            -178.50975,
            89.99588
        ],
        [
            380.74783,
            -656.4251,
            269.92502,
            89.97468,
            -178.50937,
            89.997795
        ],
        [
            381.10394,
            -656.41547,
            269.92618,
            89.97565,
            -178.50949,
            89.99997
        ],
        [
            381.57874,
            -656.399,
            269.9149,
            89.97573,
            -178.51051,
            90.00223
        ],
        [
            382.16995,
            -656.402,
            269.88977,
            89.97533,
            -178.51117,
            90.00139
        ],
        [
            383.52182,
            -656.38916,
            269.86823,
            89.975365,
            -178.51273,
            90.00124
        ],
        [
            384.45377,
            -656.4027,
            269.86972,
            89.97647,
            -178.5131,
            89.99888
        ],
        [
            385.89453,
            -656.42566,
            269.88492,
            89.97634,
            -178.51187,
            89.99272
        ],
        [
            386.81287,
            -656.4422,
            269.87625,
            89.976036,
            -178.51096,
            89.99066
        ],
        [
            387.7364,
            -656.45746,
            269.8884,
            89.975624,
            -178.50945,
            89.98731
        ],
        [
            388.86154,
            -656.4796,
            269.89703,
            89.974976,
            -178.50713,
            89.98274
        ],
        [
            390.13147,
            -656.47833,
            269.91962,
            89.97467,
            -178.50598,
            89.98174
        ],
        [
            391.34586,
            -656.4844,
            269.9137,
            89.973694,
            -178.50446,
            89.97953
        ],
        [
            394.0299,
            -656.49677,
            269.92737,
            89.9743,
            -178.50258,
            89.97547
        ],
        [
            396.85397,
            -656.48627,
            269.95044,
            89.97438,
            -178.50151,
            89.97542
        ],
        [
            399.9459,
            -656.4748,
            269.96088,
            89.97701,
            -178.50453,
            89.97832
        ],
        [
            403.15945,
            -656.47986,
            269.984,
            89.97813,
            -178.50389,
            89.98258
        ],
        [
            406.5808,
            -656.48315,
            269.9411,
            89.97987,
            -178.50842,
            89.98794
        ],
        [
            410.3401,
            -656.4558,
            269.92224,
            89.97929,
            -178.51395,
            89.99156
        ],
        [
            414.06558,
            -656.4455,
            269.90134,
            89.97734,
            -178.51599,
            89.98807
        ],
        [
            417.66556,
            -656.4528,
            269.8755,
            89.97426,
            -178.51123,
            89.98534
        ],
        [
            421.34933,
            -656.43146,
            269.8078,
            89.97145,
            -178.51302,
            89.986145
        ],
        [
            424.88086,
            -656.41406,
            269.80545,
            89.969604,
            -178.51077,
            89.98782
        ],
        [
            428.18088,
            -656.3985,
            269.87866,
            89.97133,
            -178.50623,
            89.99426
        ],
        [
            431.44678,
            -656.4051,
            269.90323,
            89.97365,
            -178.5041,
            90.000206
        ],
        [
            434.44125,
            -656.38763,
            269.8624,
            89.9711,
            -178.51038,
            89.99837
        ],
        [
            435.70923,
            -656.38416,
            269.8584,
            89.97025,
            -178.51283,
            89.99663
        ],
        [
            437.15024,
            -656.3859,
            269.87433,
            89.9689,
            -178.51138,
            89.995575
        ],
        [
            439.43466,
            -656.38965,
            269.83725,
            89.96718,
            -178.5153,
            89.9919
        ],
        [
            441.39932,
            -656.4008,
            269.77817,
            89.96494,
            -178.51778,
            89.98829
        ],
        [
            443.048,
            -656.39307,
            269.76654,
            89.96451,
            -178.51526,
            89.99148
        ],
        [
            444.6718,
            -656.3917,
            269.78958,
            89.967316,
            -178.5118,
            89.992256
        ],
        [
            445.98965,
            -656.3949,
            269.798,
            89.968666,
            -178.50961,
            89.9952
        ],
        [
            446.71115,
            -656.3788,
            269.77213,
            89.96778,
            -178.51239,
            89.998276
        ],
        [
            447.40436,
            -656.34686,
            269.75748,
            89.96685,
