{
    "CMD": 4002,
    "motion_trajectory": [
        [
            447.9785,
            -656.37036,
            267.93246,
            89.979546,
            -178.5101,
            90.00049
        ],
        [
            447.97787,
            -656.3706,
            267.93277,
            89.979546,
            -178.5101,
            90.00044
        ],
        [
            447.9784,
            -656.37006,
            267.93152,
            89.97951,
            -178.51013,
            90.00054
        ],
        [
            447.97778,
            -656.3705,
            267.93182,
            89.9795,
            -178.51024,
            90.00039
        ],
        [
            447.97806,
            -656.37036,
            267.9326,
            89.97945,
            -178.51012,
            90.000496
        ],
        [
            447.9785,
            -656.37,
            267.93256,
            89.97957,
            -178.51018,
            90.00048
        ],
        [
            447.9785,
            -656.3705,
            267.93243,
            89.97954,
            -178.5101,
            90.000435
        ],
        [
            447.97852,
            -656.36993,
            267.9304,
            89.979515,
            -178.51024,
            90.00054
        ],
        [
            447.97812,
            -656.37054,
            267.93256,
            89.9796,
            -178.51013,
            90.00049
        ],
        [
            447.97623,
            -656.37036,
            267.9317,
            89.97925,
            -178.5103,
            90.00163
        ],
        [
            447.9752,
            -656.3704,
            267.93085,
            89.9791,
            -178.51031,
            90.00177
        ],
        [
            447.9752,
            -656.3703,
            267.93085,
            89.97911,
            -178.51038,
            90.00182
        ],
        [
            447.97495,
            -656.36993,
            267.9311,
            89.97907,
            -178.51035,
            90.00199
        ],
        [
            447.97495,
            -656.37006,
            267.93048,
            89.97905,
            -178.51039,
            90.00194
        ],
        [
            447.97427,
            -656.37036,
            267.931,
            89.97909,
            -178.5103,
            90.00184
        ],
        [
            447.97488,
            -656.3703,
            267.93192,
            89.979065,
            -178.51024,
            90.00194
        ],
        [
            447.97418,
            -656.37085,
            267.93182,
            89.97901,
            -178.51027,
            90.00185
        ],
        [
            447.97308,
            -656.37274,
            267.94925,
            89.97917,
            -178.51045,
            90.001884
        ],
        [
            447.96902,
            -656.37756,
            268.00998,
            89.97935,
            -178.51004,
            90.001854
        ],
        [
            447.95932,
            -656.3856,
            268.09164,
            89.978455,
            -178.51208,
            90.002174
        ],
        [
            447.9461,
            -656.39734,
            268.22482,
            89.97722,
            -178.51431,
            90.00274
        ],
        [
            447.92368,
            -656.42267,
            268.6063,
            89.97858,
            -178.51137,
            90.00301
        ],
        [
            447.90616,
            -656.4527,
            269.0967,
            89.98111,
            -178.50325,
            90.00053
        ],
        [
            447.90247,
            -656.4651,
            269.377,
            89.98336,
            -178.49797,
            90.00002
        ],
        [
            447.89932,
            -656.4766,
            269.57025,
            89.98444,
            -178.49582,
            89.99927
        ],
        [
            447.8955,
            -656.48706,
            269.76086,
            89.98434,
            -178.49431,
            89.99803
        ],
        [
            447.89172,
            -656.4905,
            269.8474,
            89.983025,
            -178.49503,
            89.996704
        ],
        [
            447.88834,
            -656.4894,
            269.8732,
            89.98118,
            -178.49687,
            89.99592
        ],
        [
            447.888,
            -656.48816,
            269.90872,
            89.97822,
            -178.49828,
            89.994774
        ],
        [
            447.8891,
            -656.48724,
            269.91376,
            89.97725,
            -178.4991,
            89.994194
        ],
        [
            447.88794,
            -656.4848,
            269.90857,
            89.97494,
            -178.50186,
            89.99293
        ],
        [
            447.88858,
            -656.48096,
            269.89957,
            89.97344,
            -178.50362,
            89.992355
        ],
        [
            447.8923,
            -656.4753,
            269.8907,
            89.97208,
            -178.50557,
            89.99139
        ],
        [
            447.88718,
            -656.4781,
            269.89566,
            89.971565,
            -178.50578,
            89.990845
        ],
        [
            447.85632,
            -656.4712,
            269.89737,
            89.97025,
            -178.50746,
            89.99054
        ],
        [
            447.7209,
            -656.44086,
            269.87808,
            89.96489,
            -178.51376,
            89.99032
        ],
        [
            447.38367,
            -656.4093,
            269.864,
            89.95657,
            -178.51643,
            89.991264
        ],
        [
            446.6688,
            -656.4209,
            269.82358,
            89.94738,
            -178.51753,
            89.98919
        ],
        [
            445.40036,
            -656.4676,
            269.84998,
            89.94399,
            -178.51572,
            89.98547
        ],
        [
            444.53177,
            -656.48627,
            269.8364,
            89.943375,
            -178.51451,
            89.98643
        ],
        [
            443.87256,
            -656.48956,
            269.87173,
            89.94572,
            -178.5104,
            89.98706
        ],
        [
            443.10355,
            -656.4887,
            269.88196,
            89.94664,
            -178.50699,
            89.9882
        ],
        [
            442.26453,
            -656.4816,
            269.88553,
            89.94887,
            -178.50462,
            89.99108
        ],
        [
            440.88058,
            -656.4519,
            269.84808,
            89.949234,
            -178.50455,
            89.99573
        ],
        [
            439.93723,
            -656.44183,
            269.83627,
            89.9501,
            -178.5067,
            89.9945
        ],
        [
            438.76022,
            -656.42755,
            269.81787,
            89.95094,
            -178.50937,
            89.99446
        ],
        [
            436.47794,
            -656.4088,
            269.8113,
            89.95298,
            -178.51224,
            89.99373
        ],
        [
            435.16742,
            -656.4013,
            269.8041,
            89.95544,
            -178.51245,
            89.994385
        ],
        [
            433.80698,
            -656.4009,
            269.82764,
            89.96004,
            -178.51286,
            89.994896
        ],
        [
            430.81952,
            -656.40027,
            269.8807,
            89.968094,
            -178.50648,
            90.00031
        ],
        [
            427.83545,
            -656.39496,
            269.86206,
            89.97069,
