{
    "CMD": 3001,
    "motion_trajectory": [
        [
            330.01578,
            -600.8048,
            329.9052,
            90.34192,
            -177.89151,
            89.9574
        ],
        [
            330.01633,
            -600.8048,
            329.90598,
            90.34194,
            -177.89143,
            89.95739
        ],
        [
            330.01602,
            -600.80505,
            329.9056,
            90.34189,
            -177.89142,
            89.957405
        ],
        [
            330.01596,
            -600.80475,
            329.9053,
            90.34197,
            -177.89153,
            89.95738
        ],
        [
            330.01614,
            -600.8053,
            329.9045,
            90.341835,
            -177.89154,
            89.95726
        ],
        [
            330.0157,
            -600.80505,
            329.90485,
            90.34187,
            -177.8915,
            89.95741
        ],
        [
            330.0141,
            -600.8053,
            329.90475,
            90.34163,
            -177.89183,
            89.957825
        ],
        [
            330.01465,
            -600.80457,
            329.90277,
            90.34162,
            -177.89195,
            89.95792
        ],
        [
            330.01932,
            -600.7901,
            329.88684,
            90.34093,
            -177.89288,
            89.95845
        ],
        [
            330.0308,
            -600.76086,
            329.8587,
            90.33966,
            -177.89377,
            89.95965
        ],
        [
            330.06076,
            -600.69745,
            329.798,
            90.33756,
            -177.8929,
            89.96107
        ],
        [
            330.23053,
            -600.45746,
            329.57684,
            90.33365,
            -177.88889,
            89.96344
        ],
        [
            330.45358,
            -600.19165,
            329.34164,
            90.33237,
            -177.88702,
            89.96643
        ],
        [
            331.1813,
            -599.3284,
            328.5045,
            90.3285,
            -177.88698,
            89.96913
        ],
        [
            331.80713,
            -598.5586,
            327.6835,
            90.32114,
            -177.89061,
            89.96791
        ],
        [
            332.5633,
            -597.65283,
            326.67935,
            90.313805,
            -177.90111,
            89.96719
        ],
        [
            333.02777,
            -597.1031,
            326.081,
            90.31158,
            -177.90991,
            89.96613
        ],
        [
            333.5223,
            -596.50836,
            325.41672,
            90.30878,
            -177.92123,
            89.96321
        ],
        [
            334.15775,
            -595.75134,
            324.59488,
            90.305115,
            -177.93402,
            89.95977
        ],
        [
            335.29645,
            -594.40515,
            323.14203,
            90.29754,
            -177.95512,
            89.952995
        ],
        [
            336.1108,
            -593.4528,
            322.12482,
            90.29255,
            -177.96843,
            89.95188
        ],
        [
            336.76532,
            -592.68304,
            321.29797,
            90.28697,
            -177.97755,
            89.95015
        ],
        [
            338.1435,
            -591.08405,
            319.61502,
            90.27841,
            -177.9944,
            89.95083
        ],
        [
            339.05594,
            -590.0123,
            318.48944,
            90.27558,
            -178.00595,
            89.95036
        ],
        [
            340.57745,
            -588.25085,
            316.64777,
            90.26805,
            -178.0245,
            89.95063
        ],
        [
            341.4883,
            -587.16986,
            315.50214,
            90.26412,
            -178.03693,
            89.95094
        ],
        [
            342.25043,
            -586.2379,
            314.5114,
            90.25766,
            -178.04863,
            89.95151
        ],
        [
            344.15414,
            -583.9276,
            312.05228,
            90.240166,
            -178.07774,
            89.9523
        ],
        [
            345.20676,
            -582.6716,
            310.73633,
            90.23101,
            -178.09315,
            89.95415
        ],
        [
            346.1228,
            -581.5801,
            309.60742,
            90.22536,
            -178.10684,
            89.95591
        ],
        [
            348.48068,
            -578.8045,
            306.6824,
            90.20975,
            -178.13382,
            89.95761
        ],
        [
            350.8115,
            -576.0703,
            303.78357,
            90.195366,
            -178.15962,
            89.95522
        ],
        [
            352.13962,
            -574.481,
            302.108,
            90.18444,
            -178.1762,
            89.95439
        ],
        [
            354.7066,
            -571.4314,
            298.883,
            90.1633,
            -178.21455,
            89.94957
        ],
        [
            356.95187,
            -568.7431,
            296.02112,
            90.141106,
            -178.24815,
            89.9499
        ],
        [
            359.45505,
            -565.80786,
            292.9011,
            90.12656,
            -178.27992,
            89.94857
        ],
        [
            361.6245,
            -563.2342,
            290.19,
            90.1116,
            -178.30089,
            89.94653
        ],
        [
            362.80014,
            -561.8567,
            288.74228,
            90.103,
            -178.3187,
            89.94605
        ],
        [
            364.76984,
            -559.4863,
            286.25662,
            90.08776,
            -178.3504,
            89.94977
        ],
        [
            366.8156,
            -557.0402,
            283.6411,
            90.07077,
            -178.38483,
            89.952835
        ],
        [
            367.83542,
            -555.8312,
            282.36914,
            90.06577,
            -178.3962,
            89.9554
        ],
        [
            368.76013,
            -554.7365,
            281.20578,
            90.06037,
            -178.40692,
            89.955956
        ],
        [
            370.45453,
            -552.7551,
            279.1216,
            90.04893,
            -178.42232,
            89.95932
        ],
        [
            371.2665,
            -551.7966,
            278.12634,
            90.04519,
            -178.43243,
            89.95964
        ],
        [
            372.07385,
            -550.8515,
            277.16177,
            90.04167,
            -178.44023,
            89.96068
        ],
        [
            373.4347,
            -549.24646,
            275.4692,
            90.03197,
            -178.45737,
            89.95779
        ],
        [
            374.72598,
            -547.67896,
            273.80066,
            90.021034,
            -178.48016,
            89.95915
        ],
        [
            375.35706,
            -546.9089,
            272.98578,
            90.01615,
            -178.49376,
            89.95942
        ],
        [
            375.98914,
            -546.1409,
            272.18332,
            90.01046,
            -178.50247,
            89.95928
        ],
        [
            376.85925,
            -545.1139,
            271.09103,
            90.005005,
            -178.5149,
            89.95742
        ],
        [
            377.7962,
            -543.98224,
            269.85947,
            89.99513,
            -178.52896,
